2026/06/08 11:12:09 Metrics endpoint: http://0.0.0.0:2113/metrics
2026/06/08 11:12:09 TCP listener on :8081 | pool=5 queue=10 delay=100ms
2026/06/08 11:12:10 [conn 1] connected from [::1]:35024
2026/06/08 11:12:10 [conn 1] received: Hello from worker 0, package 0, time: 1780897330232979824
2026/06/08 11:12:10 [conn 2] connected from [::1]:35028
2026/06/08 11:12:10 [conn 2] received: Hello from worker 0, package 1, time: 1780897330233333808
2026/06/08 11:12:10 [conn 3] connected from [::1]:35030
2026/06/08 11:12:10 [conn 3] received: Hello from worker 0, package 2, time: 1780897330233569059
2026/06/08 11:12:10 [conn 4] connected from [::1]:35046
2026/06/08 11:12:10 [conn 4] received: Hello from worker 0, package 3, time: 1780897330233767240
2026/06/08 11:12:10 [conn 5] connected from [::1]:35052
2026/06/08 11:12:10 [conn 5] received: Hello from worker 0, package 4, time: 1780897330234029662
2026/06/08 11:12:10 [conn 1] disconnected
2026/06/08 11:12:10 [conn 2] disconnected
2026/06/08 11:12:10 [conn 4] disconnected
2026/06/08 11:12:10 [conn 3] disconnected
2026/06/08 11:12:10 [conn 5] disconnected
2026/06/08 11:12:11 [STATS] total=5 active=0 rejected=0 goroutines=8 heapMB=0.5
2026/06/08 11:12:12 [conn 6] connected from [::1]:40402
2026/06/08 11:12:12 [conn 6] received: Hello from worker 0, package 0, time: 1780897332364564181
2026/06/08 11:12:12 [conn 7] connected from [::1]:40412
2026/06/08 11:12:12 [conn 7] received: Hello from worker 0, package 1, time: 1780897332364864174
2026/06/08 11:12:12 [conn 8] connected from [::1]:40418
2026/06/08 11:12:12 [conn 8] received: Hello from worker 0, package 2, time: 1780897332365063718
2026/06/08 11:12:12 [conn 9] connected from [::1]:40420
2026/06/08 11:12:12 [conn 9] received: Hello from worker 0, package 3, time: 1780897332365252332
2026/06/08 11:12:12 [conn 10] connected from [::1]:40432
2026/06/08 11:12:12 [conn 10] received: Hello from worker 0, package 4, time: 1780897332365501960
2026/06/08 11:12:12 [conn 7] disconnected
2026/06/08 11:12:12 [conn 6] disconnected
2026/06/08 11:12:12 [conn 11] connected from [::1]:40448
2026/06/08 11:12:12 [conn 11] received: Hello from worker 0, package 5, time: 1780897332365674533
2026/06/08 11:12:12 [conn 12] connected from [::1]:40454
2026/06/08 11:12:12 [conn 12] received: Hello from worker 0, package 6, time: 1780897332365861474
2026/06/08 11:12:12 [conn 8] disconnected
2026/06/08 11:12:12 [conn 13] connected from [::1]:40458
2026/06/08 11:12:12 [conn 13] received: Hello from worker 0, package 7, time: 1780897332366092868
2026/06/08 11:12:12 [conn 10] disconnected
2026/06/08 11:12:12 [conn 14] connected from [::1]:40466
2026/06/08 11:12:12 [conn 9] disconnected
2026/06/08 11:12:12 [conn 14] received: Hello from worker 0, package 8, time: 1780897332366461149
2026/06/08 11:12:12 [conn 15] connected from [::1]:40478
2026/06/08 11:12:12 [conn 15] received: Hello from worker 0, package 9, time: 1780897332366709745
2026/06/08 11:12:12 [conn 13] disconnected
2026/06/08 11:12:12 [conn 11] disconnected
2026/06/08 11:12:12 [conn 12] disconnected
2026/06/08 11:12:12 [conn 14] disconnected
2026/06/08 11:12:12 [conn 15] disconnected
2026/06/08 11:12:13 [STATS] total=15 active=0 rejected=0 goroutines=8 heapMB=0.5
2026/06/08 11:12:14 [conn 16] connected from [::1]:40488
2026/06/08 11:12:14 [conn 16] received: Hello from worker 0, package 0, time: 1780897334592854239
2026/06/08 11:12:14 [conn 17] connected from [::1]:40494
2026/06/08 11:12:14 [conn 17] received: Hello from worker 0, package 1, time: 1780897334593195559
2026/06/08 11:12:14 [conn 18] connected from [::1]:40498
2026/06/08 11:12:14 [conn 18] received: Hello from worker 0, package 2, time: 1780897334593424869
2026/06/08 11:12:14 [conn 19] connected from [::1]:40510
2026/06/08 11:12:14 [conn 19] received: Hello from worker 0, package 3, time: 1780897334593704914
2026/06/08 11:12:14 [conn 20] connected from [::1]:40526
2026/06/08 11:12:14 [conn 20] received: Hello from worker 0, package 4, time: 1780897334593960884
2026/06/08 11:12:14 [conn 16] disconnected
2026/06/08 11:12:14 [conn 21] connected from [::1]:40538
2026/06/08 11:12:14 [conn 21] received: Hello from worker 0, package 5, time: 1780897334594207005
2026/06/08 11:12:14 [conn 17] disconnected
2026/06/08 11:12:14 [conn 18] disconnected
2026/06/08 11:12:14 [conn 22] connected from [::1]:40546
2026/06/08 11:12:14 [conn 22] received: Hello from worker 0, package 6, time: 1780897334594390971
2026/06/08 11:12:14 [conn 23] connected from [::1]:40550
2026/06/08 11:12:14 [conn 23] received: Hello from worker 0, package 7, time: 1780897334594584053
2026/06/08 11:12:14 [conn 19] disconnected
2026/06/08 11:12:14 [conn 24] connected from [::1]:40552
2026/06/08 11:12:14 [conn 24] received: Hello from worker 0, package 8, time: 1780897334594789288
2026/06/08 11:12:14 [conn 20] disconnected
2026/06/08 11:12:14 [conn 25] connected from [::1]:40556
2026/06/08 11:12:14 [conn 25] received: Hello from worker 0, package 9, time: 1780897334595008880
2026/06/08 11:12:14 [conn 22] disconnected
2026/06/08 11:12:14 [conn 26] connected from [::1]:40562
2026/06/08 11:12:14 [conn 26] received: Hello from worker 0, package 10, time: 1780897334595326686
2026/06/08 11:12:14 [conn 23] disconnected
2026/06/08 11:12:14 [conn 21] disconnected
2026/06/08 11:12:14 [conn 27] connected from [::1]:40566
2026/06/08 11:12:14 [conn 27] received: Hello from worker 0, package 11, time: 1780897334595561386
2026/06/08 11:12:14 [conn 28] connected from [::1]:40582
2026/06/08 11:12:14 [conn 28] received: Hello from worker 0, package 12, time: 1780897334595800554
2026/06/08 11:12:14 [conn 25] disconnected
2026/06/08 11:12:14 [conn 24] disconnected
2026/06/08 11:12:14 [conn 29] connected from [::1]:40588
2026/06/08 11:12:14 [conn 29] received: Hello from worker 0, package 13, time: 1780897334596003685
2026/06/08 11:12:14 [conn 30] connected from [::1]:40600
2026/06/08 11:12:14 [conn 30] received: Hello from worker 0, package 14, time: 1780897334596207497
2026/06/08 11:12:14 [conn 28] disconnected
2026/06/08 11:12:14 [conn 26] disconnected
2026/06/08 11:12:14 [conn 27] disconnected
2026/06/08 11:12:14 [conn 29] disconnected
2026/06/08 11:12:14 [conn 30] disconnected
2026/06/08 11:12:15 [STATS] total=30 active=0 rejected=0 goroutines=8 heapMB=0.6
2026/06/08 11:12:16 [conn 31] connected from [::1]:40610
2026/06/08 11:12:16 [conn 31] received: Hello from worker 0, package 0, time: 1780897336921971606
2026/06/08 11:12:16 [conn 32] connected from [::1]:40624
2026/06/08 11:12:16 [conn 32] received: Hello from worker 0, package 1, time: 1780897336922267421
2026/06/08 11:12:16 [conn 33] connected from [::1]:40630
2026/06/08 11:12:16 [conn 33] received: Hello from worker 0, package 2, time: 1780897336922467356
2026/06/08 11:12:16 [conn 34] connected from [::1]:40640
2026/06/08 11:12:16 [conn 34] received: Hello from worker 0, package 3, time: 1780897336922718787
2026/06/08 11:12:16 [conn 35] connected from [::1]:40648
2026/06/08 11:12:16 [conn 35] received: Hello from worker 0, package 4, time: 1780897336922896531
2026/06/08 11:12:16 [BUSY] rejected from [::1]:40754 (total=1)
2026/06/08 11:12:16 [BUSY] rejected from [::1]:40766 (total=2)
2026/06/08 11:12:16 [BUSY] rejected from [::1]:40778 (total=3)
2026/06/08 11:12:16 [BUSY] rejected from [::1]:40794 (total=4)
2026/06/08 11:12:16 [BUSY] rejected from [::1]:40810 (total=5)
2026/06/08 11:12:17 [conn 31] disconnected
2026/06/08 11:12:17 [conn 36] connected from [::1]:40656
2026/06/08 11:12:17 [conn 36] received: Hello from worker 0, package 5, time: 1780897336923123256
2026/06/08 11:12:17 [conn 32] disconnected
2026/06/08 11:12:17 [conn 37] connected from [::1]:40668
2026/06/08 11:12:17 [conn 37] received: Hello from worker 0, package 6, time: 1780897336923303915
2026/06/08 11:12:17 [conn 33] disconnected
2026/06/08 11:12:17 [conn 38] connected from [::1]:40680
2026/06/08 11:12:17 [conn 38] received: Hello from worker 0, package 7, time: 1780897336923599419
2026/06/08 11:12:17 [conn 35] disconnected
2026/06/08 11:12:17 [conn 39] connected from [::1]:40682
2026/06/08 11:12:17 [conn 39] received: Hello from worker 0, package 8, time: 1780897336923795687
2026/06/08 11:12:17 [conn 34] disconnected
2026/06/08 11:12:17 [conn 40] connected from [::1]:40694
2026/06/08 11:12:17 [conn 40] received: Hello from worker 0, package 9, time: 1780897336923967449
2026/06/08 11:12:17 [conn 38] disconnected
2026/06/08 11:12:17 [conn 37] disconnected
2026/06/08 11:12:17 [conn 41] connected from [::1]:40696
2026/06/08 11:12:17 [conn 42] connected from [::1]:40712
2026/06/08 11:12:17 [conn 41] received: Hello from worker 0, package 10, time: 1780897336924144912
2026/06/08 11:12:17 [conn 42] received: Hello from worker 0, package 11, time: 1780897336924349035
2026/06/08 11:12:17 [conn 36] disconnected
2026/06/08 11:12:17 [conn 43] connected from [::1]:40724
2026/06/08 11:12:17 [conn 43] received: Hello from worker 0, package 12, time: 1780897336924589946
2026/06/08 11:12:17 [conn 39] disconnected
2026/06/08 11:12:17 [conn 44] connected from [::1]:40738
2026/06/08 11:12:17 [conn 44] received: Hello from worker 0, package 13, time: 1780897336924841238
2026/06/08 11:12:17 [conn 40] disconnected
2026/06/08 11:12:17 [conn 45] connected from [::1]:40752
2026/06/08 11:12:17 [conn 45] received: Hello from worker 0, package 14, time: 1780897336925086678
2026/06/08 11:12:17 [STATS] total=45 active=5 rejected=5 goroutines=8 heapMB=0.7
2026/06/08 11:12:17 [conn 42] disconnected
2026/06/08 11:12:17 [conn 41] disconnected
2026/06/08 11:12:17 [conn 43] disconnected
2026/06/08 11:12:17 [conn 45] disconnected
2026/06/08 11:12:17 [conn 44] disconnected
2026/06/08 11:12:19 [STATS] total=45 active=0 rejected=5 goroutines=8 heapMB=0.7
2026/06/08 11:12:19 [conn 46] connected from [::1]:40824
2026/06/08 11:12:19 [conn 46] received: Hello from worker 0, package 0, time: 1780897339251854899
2026/06/08 11:12:19 [conn 47] connected from [::1]:40834
2026/06/08 11:12:19 [conn 47] received: Hello from worker 0, package 1, time: 1780897339252127861
2026/06/08 11:12:19 [conn 48] connected from [::1]:40848
2026/06/08 11:12:19 [conn 48] received: Hello from worker 0, package 2, time: 1780897339252331864
2026/06/08 11:12:19 [conn 49] connected from [::1]:40864
2026/06/08 11:12:19 [conn 49] received: Hello from worker 0, package 3, time: 1780897339252571203
2026/06/08 11:12:19 [conn 50] connected from [::1]:40866
2026/06/08 11:12:19 [conn 50] received: Hello from worker 0, package 4, time: 1780897339252853652
2026/06/08 11:12:19 [BUSY] rejected from [::1]:40964 (total=6)
2026/06/08 11:12:19 [BUSY] rejected from [::1]:40980 (total=7)
2026/06/08 11:12:19 [BUSY] rejected from [::1]:40990 (total=8)
2026/06/08 11:12:19 [BUSY] rejected from [::1]:40994 (total=9)
2026/06/08 11:12:19 [BUSY] rejected from [::1]:41000 (total=10)
2026/06/08 11:12:19 [BUSY] rejected from [::1]:41010 (total=11)
2026/06/08 11:12:19 [BUSY] rejected from [::1]:41014 (total=12)
2026/06/08 11:12:19 [BUSY] rejected from [::1]:41022 (total=13)
2026/06/08 11:12:19 [BUSY] rejected from [::1]:41038 (total=14)
2026/06/08 11:12:19 [BUSY] rejected from [::1]:41046 (total=15)
2026/06/08 11:12:19 [BUSY] rejected from [::1]:41056 (total=16)
2026/06/08 11:12:19 [BUSY] rejected from [::1]:41066 (total=17)
2026/06/08 11:12:19 [BUSY] rejected from [::1]:41070 (total=18)
2026/06/08 11:12:19 [BUSY] rejected from [::1]:41086 (total=19)
2026/06/08 11:12:19 [BUSY] rejected from [::1]:41092 (total=20)
2026/06/08 11:12:19 [conn 46] disconnected
2026/06/08 11:12:19 [conn 51] connected from [::1]:40874
2026/06/08 11:12:19 [conn 51] received: Hello from worker 0, package 5, time: 1780897339253065610
2026/06/08 11:12:19 [conn 47] disconnected
2026/06/08 11:12:19 [conn 52] connected from [::1]:40880
2026/06/08 11:12:19 [conn 52] received: Hello from worker 0, package 6, time: 1780897339253302123
2026/06/08 11:12:19 [conn 49] disconnected
2026/06/08 11:12:19 [conn 53] connected from [::1]:40896
2026/06/08 11:12:19 [conn 48] disconnected
2026/06/08 11:12:19 [conn 50] disconnected
2026/06/08 11:12:19 [conn 54] connected from [::1]:40900
2026/06/08 11:12:19 [conn 54] received: Hello from worker 0, package 8, time: 1780897339253844020
2026/06/08 11:12:19 [conn 55] connected from [::1]:40914
2026/06/08 11:12:19 [conn 53] received: Hello from worker 0, package 7, time: 1780897339253538176
2026/06/08 11:12:19 [conn 55] received: Hello from worker 0, package 9, time: 1780897339254098908
2026/06/08 11:12:19 [conn 52] disconnected
2026/06/08 11:12:19 [conn 56] connected from [::1]:40922
2026/06/08 11:12:19 [conn 56] received: Hello from worker 0, package 10, time: 1780897339254314983
2026/06/08 11:12:19 [conn 51] disconnected
2026/06/08 11:12:19 [conn 57] connected from [::1]:40930
2026/06/08 11:12:19 [conn 57] received: Hello from worker 0, package 11, time: 1780897339254533463
2026/06/08 11:12:19 [conn 55] disconnected
2026/06/08 11:12:19 [conn 58] connected from [::1]:40942
2026/06/08 11:12:19 [conn 58] received: Hello from worker 0, package 12, time: 1780897339254798280
2026/06/08 11:12:19 [conn 54] disconnected
2026/06/08 11:12:19 [conn 53] disconnected
2026/06/08 11:12:19 [conn 59] connected from [::1]:40948
2026/06/08 11:12:19 [conn 59] received: Hello from worker 0, package 13, time: 1780897339254992063
2026/06/08 11:12:19 [conn 60] connected from [::1]:40960
2026/06/08 11:12:19 [conn 60] received: Hello from worker 0, package 14, time: 1780897339255194012
2026/06/08 11:12:19 [conn 56] disconnected
2026/06/08 11:12:19 [conn 57] disconnected
2026/06/08 11:12:19 [conn 60] disconnected
2026/06/08 11:12:19 [conn 58] disconnected
2026/06/08 11:12:19 [conn 59] disconnected
2026/06/08 11:12:21 [STATS] total=60 active=0 rejected=20 goroutines=8 heapMB=0.7
2026/06/08 11:12:21 [conn 61] connected from [::1]:41096
2026/06/08 11:12:21 [conn 61] received: Hello from worker 0, package 0, time: 1780897341578749768
2026/06/08 11:12:21 [conn 62] connected from [::1]:41104
2026/06/08 11:12:21 [conn 62] received: Hello from worker 0, package 1, time: 1780897341579016488
2026/06/08 11:12:21 [conn 63] connected from [::1]:41112
2026/06/08 11:12:21 [conn 63] received: Hello from worker 0, package 2, time: 1780897341579236461
2026/06/08 11:12:21 [conn 64] connected from [::1]:41120
2026/06/08 11:12:21 [conn 64] received: Hello from worker 0, package 3, time: 1780897341579456544
2026/06/08 11:12:21 [conn 65] connected from [::1]:41128
2026/06/08 11:12:21 [conn 65] received: Hello from worker 0, package 4, time: 1780897341579655697
2026/06/08 11:12:21 [BUSY] rejected from [::1]:41236 (total=21)
2026/06/08 11:12:21 [BUSY] rejected from [::1]:41252 (total=22)
2026/06/08 11:12:21 [BUSY] rejected from [::1]:41264 (total=23)
2026/06/08 11:12:21 [BUSY] rejected from [::1]:41276 (total=24)
2026/06/08 11:12:21 [BUSY] rejected from [::1]:41278 (total=25)
2026/06/08 11:12:21 [BUSY] rejected from [::1]:41282 (total=26)
2026/06/08 11:12:21 [BUSY] rejected from [::1]:41292 (total=27)
2026/06/08 11:12:21 [BUSY] rejected from [::1]:41296 (total=28)
2026/06/08 11:12:21 [BUSY] rejected from [::1]:41304 (total=29)
2026/06/08 11:12:21 [BUSY] rejected from [::1]:41312 (total=30)
2026/06/08 11:12:21 [BUSY] rejected from [::1]:41316 (total=31)
2026/06/08 11:12:21 [BUSY] rejected from [::1]:41328 (total=32)
2026/06/08 11:12:21 [BUSY] rejected from [::1]:41330 (total=33)
2026/06/08 11:12:21 [BUSY] rejected from [::1]:41332 (total=34)
2026/06/08 11:12:21 [BUSY] rejected from [::1]:41340 (total=35)
2026/06/08 11:12:21 [BUSY] rejected from [::1]:41350 (total=36)
2026/06/08 11:12:21 [BUSY] rejected from [::1]:41362 (total=37)
2026/06/08 11:12:21 [BUSY] rejected from [::1]:41366 (total=38)
2026/06/08 11:12:21 [BUSY] rejected from [::1]:41372 (total=39)
2026/06/08 11:12:21 [BUSY] rejected from [::1]:41376 (total=40)
2026/06/08 11:12:21 [BUSY] rejected from [::1]:41388 (total=41)
2026/06/08 11:12:21 [BUSY] rejected from [::1]:41392 (total=42)
2026/06/08 11:12:21 [BUSY] rejected from [::1]:41394 (total=43)
2026/06/08 11:12:21 [BUSY] rejected from [::1]:41398 (total=44)
2026/06/08 11:12:21 [BUSY] rejected from [::1]:41404 (total=45)
2026/06/08 11:12:21 [BUSY] rejected from [::1]:41414 (total=46)
2026/06/08 11:12:21 [BUSY] rejected from [::1]:41418 (total=47)
2026/06/08 11:12:21 [BUSY] rejected from [::1]:41426 (total=48)
2026/06/08 11:12:21 [BUSY] rejected from [::1]:41436 (total=49)
2026/06/08 11:12:21 [BUSY] rejected from [::1]:41442 (total=50)
2026/06/08 11:12:21 [BUSY] rejected from [::1]:41454 (total=51)
2026/06/08 11:12:21 [BUSY] rejected from [::1]:41460 (total=52)
2026/06/08 11:12:21 [BUSY] rejected from [::1]:41468 (total=53)
2026/06/08 11:12:21 [BUSY] rejected from [::1]:41476 (total=54)
2026/06/08 11:12:21 [BUSY] rejected from [::1]:41492 (total=55)
2026/06/08 11:12:21 [conn 61] disconnected
2026/06/08 11:12:21 [conn 66] connected from [::1]:41144
2026/06/08 11:12:21 [conn 66] received: Hello from worker 0, package 5, time: 1780897341579832849
2026/06/08 11:12:21 [conn 62] disconnected
2026/06/08 11:12:21 [conn 67] connected from [::1]:41146
2026/06/08 11:12:21 [conn 67] received: Hello from worker 0, package 6, time: 1780897341580049355
2026/06/08 11:12:21 [conn 63] disconnected
2026/06/08 11:12:21 [conn 68] connected from [::1]:41154
2026/06/08 11:12:21 [conn 68] received: Hello from worker 0, package 7, time: 1780897341580227379
2026/06/08 11:12:21 [conn 64] disconnected
2026/06/08 11:12:21 [conn 69] connected from [::1]:41168
2026/06/08 11:12:21 [conn 69] received: Hello from worker 0, package 8, time: 1780897341580412587
2026/06/08 11:12:21 [conn 65] disconnected
2026/06/08 11:12:21 [conn 70] connected from [::1]:41184
2026/06/08 11:12:21 [conn 70] received: Hello from worker 0, package 9, time: 1780897341580582906
2026/06/08 11:12:21 [conn 68] disconnected
2026/06/08 11:12:21 [conn 67] disconnected
2026/06/08 11:12:21 [conn 71] connected from [::1]:41192
2026/06/08 11:12:21 [conn 71] received: Hello from worker 0, package 10, time: 1780897341580742766
2026/06/08 11:12:21 [conn 66] disconnected
2026/06/08 11:12:21 [conn 72] connected from [::1]:41196
2026/06/08 11:12:21 [conn 73] connected from [::1]:41206
2026/06/08 11:12:21 [conn 72] received: Hello from worker 0, package 11, time: 1780897341580906373
2026/06/08 11:12:21 [conn 73] received: Hello from worker 0, package 12, time: 1780897341581093804
2026/06/08 11:12:21 [conn 70] disconnected
2026/06/08 11:12:21 [conn 74] connected from [::1]:41208
2026/06/08 11:12:21 [conn 74] received: Hello from worker 0, package 13, time: 1780897341581261298
2026/06/08 11:12:21 [conn 69] disconnected
2026/06/08 11:12:21 [conn 75] connected from [::1]:41224
2026/06/08 11:12:21 [conn 75] received: Hello from worker 0, package 14, time: 1780897341581457105
2026/06/08 11:12:21 [conn 72] disconnected
2026/06/08 11:12:21 [conn 71] disconnected
2026/06/08 11:12:21 [conn 73] disconnected
2026/06/08 11:12:21 [conn 75] disconnected
2026/06/08 11:12:21 [conn 74] disconnected
2026/06/08 11:12:23 [STATS] total=75 active=0 rejected=55 goroutines=8 heapMB=0.8
2026/06/08 11:12:23 [conn 76] connected from [::1]:43930
2026/06/08 11:12:23 [conn 76] received: Hello from worker 0, package 0, time: 1780897343905090267
2026/06/08 11:12:23 [conn 77] connected from [::1]:43946
2026/06/08 11:12:23 [conn 77] received: Hello from worker 0, package 1, time: 1780897343905418262
2026/06/08 11:12:23 [conn 78] connected from [::1]:43950
2026/06/08 11:12:23 [conn 78] received: Hello from worker 0, package 2, time: 1780897343905698788
2026/06/08 11:12:23 [conn 79] connected from [::1]:43966
2026/06/08 11:12:23 [conn 79] received: Hello from worker 0, package 3, time: 1780897343905912820
2026/06/08 11:12:23 [conn 80] connected from [::1]:43974
2026/06/08 11:12:23 [conn 80] received: Hello from worker 0, package 4, time: 1780897343906222721
2026/06/08 11:12:23 [BUSY] rejected from [::1]:44086 (total=56)
2026/06/08 11:12:23 [BUSY] rejected from [::1]:44102 (total=57)
2026/06/08 11:12:23 [BUSY] rejected from [::1]:44112 (total=58)
2026/06/08 11:12:23 [BUSY] rejected from [::1]:44114 (total=59)
2026/06/08 11:12:23 [BUSY] rejected from [::1]:44118 (total=60)
2026/06/08 11:12:23 [BUSY] rejected from [::1]:44132 (total=61)
2026/06/08 11:12:23 [BUSY] rejected from [::1]:44146 (total=62)
2026/06/08 11:12:23 [BUSY] rejected from [::1]:44160 (total=63)
2026/06/08 11:12:23 [BUSY] rejected from [::1]:44164 (total=64)
2026/06/08 11:12:23 [BUSY] rejected from [::1]:44166 (total=65)
2026/06/08 11:12:23 [BUSY] rejected from [::1]:44182 (total=66)
2026/06/08 11:12:23 [BUSY] rejected from [::1]:44184 (total=67)
2026/06/08 11:12:23 [BUSY] rejected from [::1]:44186 (total=68)
2026/06/08 11:12:23 [BUSY] rejected from [::1]:44188 (total=69)
2026/06/08 11:12:23 [BUSY] rejected from [::1]:44200 (total=70)
2026/06/08 11:12:23 [BUSY] rejected from [::1]:44206 (total=71)
2026/06/08 11:12:23 [BUSY] rejected from [::1]:44220 (total=72)
2026/06/08 11:12:23 [BUSY] rejected from [::1]:44236 (total=73)
2026/06/08 11:12:23 [BUSY] rejected from [::1]:44244 (total=74)
2026/06/08 11:12:23 [BUSY] rejected from [::1]:44246 (total=75)
2026/06/08 11:12:23 [BUSY] rejected from [::1]:44254 (total=76)
2026/06/08 11:12:23 [BUSY] rejected from [::1]:44258 (total=77)
2026/06/08 11:12:23 [BUSY] rejected from [::1]:44266 (total=78)
2026/06/08 11:12:23 [BUSY] rejected from [::1]:44280 (total=79)
2026/06/08 11:12:23 [BUSY] rejected from [::1]:44286 (total=80)
2026/06/08 11:12:23 [BUSY] rejected from [::1]:44298 (total=81)
2026/06/08 11:12:23 [BUSY] rejected from [::1]:44306 (total=82)
2026/06/08 11:12:23 [BUSY] rejected from [::1]:44308 (total=83)
2026/06/08 11:12:23 [BUSY] rejected from [::1]:44310 (total=84)
2026/06/08 11:12:23 [BUSY] rejected from [::1]:44326 (total=85)
2026/06/08 11:12:23 [BUSY] rejected from [::1]:44332 (total=86)
2026/06/08 11:12:23 [BUSY] rejected from [::1]:44334 (total=87)
2026/06/08 11:12:23 [BUSY] rejected from [::1]:44346 (total=88)
2026/06/08 11:12:23 [BUSY] rejected from [::1]:44352 (total=89)
2026/06/08 11:12:23 [BUSY] rejected from [::1]:44356 (total=90)
2026/06/08 11:12:23 [BUSY] rejected from [::1]:44372 (total=91)
2026/06/08 11:12:23 [BUSY] rejected from [::1]:44388 (total=92)
2026/06/08 11:12:23 [BUSY] rejected from [::1]:44404 (total=93)
2026/06/08 11:12:23 [BUSY] rejected from [::1]:44416 (total=94)
2026/06/08 11:12:23 [BUSY] rejected from [::1]:44426 (total=95)
2026/06/08 11:12:23 [BUSY] rejected from [::1]:44434 (total=96)
2026/06/08 11:12:23 [BUSY] rejected from [::1]:44438 (total=97)
2026/06/08 11:12:23 [BUSY] rejected from [::1]:44448 (total=98)
2026/06/08 11:12:23 [BUSY] rejected from [::1]:44454 (total=99)
2026/06/08 11:12:23 [BUSY] rejected from [::1]:44458 (total=100)
2026/06/08 11:12:23 [BUSY] rejected from [::1]:44470 (total=101)
2026/06/08 11:12:23 [BUSY] rejected from [::1]:44482 (total=102)
2026/06/08 11:12:23 [BUSY] rejected from [::1]:44486 (total=103)
2026/06/08 11:12:23 [BUSY] rejected from [::1]:44494 (total=104)
2026/06/08 11:12:23 [BUSY] rejected from [::1]:44508 (total=105)
2026/06/08 11:12:23 [BUSY] rejected from [::1]:44522 (total=106)
2026/06/08 11:12:23 [BUSY] rejected from [::1]:44524 (total=107)
2026/06/08 11:12:23 [BUSY] rejected from [::1]:44532 (total=108)
2026/06/08 11:12:23 [BUSY] rejected from [::1]:44534 (total=109)
2026/06/08 11:12:23 [BUSY] rejected from [::1]:44542 (total=110)
2026/06/08 11:12:23 [BUSY] rejected from [::1]:44546 (total=111)
2026/06/08 11:12:23 [BUSY] rejected from [::1]:44562 (total=112)
2026/06/08 11:12:23 [BUSY] rejected from [::1]:44572 (total=113)
2026/06/08 11:12:23 [BUSY] rejected from [::1]:44582 (total=114)
2026/06/08 11:12:23 [BUSY] rejected from [::1]:44586 (total=115)
2026/06/08 11:12:23 [BUSY] rejected from [::1]:44598 (total=116)
2026/06/08 11:12:23 [BUSY] rejected from [::1]:44614 (total=117)
2026/06/08 11:12:23 [BUSY] rejected from [::1]:44622 (total=118)
2026/06/08 11:12:23 [BUSY] rejected from [::1]:44624 (total=119)
2026/06/08 11:12:23 [BUSY] rejected from [::1]:44632 (total=120)
2026/06/08 11:12:23 [BUSY] rejected from [::1]:44634 (total=121)
2026/06/08 11:12:23 [BUSY] rejected from [::1]:44642 (total=122)
2026/06/08 11:12:23 [BUSY] rejected from [::1]:44652 (total=123)
2026/06/08 11:12:23 [BUSY] rejected from [::1]:44664 (total=124)
2026/06/08 11:12:23 [BUSY] rejected from [::1]:44680 (total=125)
2026/06/08 11:12:23 [BUSY] rejected from [::1]:44688 (total=126)
2026/06/08 11:12:23 [BUSY] rejected from [::1]:44704 (total=127)
2026/06/08 11:12:23 [BUSY] rejected from [::1]:44714 (total=128)
2026/06/08 11:12:23 [BUSY] rejected from [::1]:44724 (total=129)
2026/06/08 11:12:23 [BUSY] rejected from [::1]:44726 (total=130)
2026/06/08 11:12:23 [BUSY] rejected from [::1]:44734 (total=131)
2026/06/08 11:12:23 [BUSY] rejected from [::1]:44744 (total=132)
2026/06/08 11:12:23 [BUSY] rejected from [::1]:44758 (total=133)
2026/06/08 11:12:23 [BUSY] rejected from [::1]:44768 (total=134)
2026/06/08 11:12:23 [BUSY] rejected from [::1]:44778 (total=135)
2026/06/08 11:12:23 [BUSY] rejected from [::1]:44794 (total=136)
2026/06/08 11:12:23 [BUSY] rejected from [::1]:44802 (total=137)
2026/06/08 11:12:23 [BUSY] rejected from [::1]:44814 (total=138)
2026/06/08 11:12:23 [BUSY] rejected from [::1]:44822 (total=139)
2026/06/08 11:12:23 [BUSY] rejected from [::1]:44836 (total=140)
2026/06/08 11:12:24 [conn 76] disconnected
2026/06/08 11:12:24 [conn 81] connected from [::1]:43990
2026/06/08 11:12:24 [conn 81] received: Hello from worker 0, package 5, time: 1780897343906478220
2026/06/08 11:12:24 [conn 79] disconnected
2026/06/08 11:12:24 [conn 78] disconnected
2026/06/08 11:12:24 [conn 82] connected from [::1]:43992
2026/06/08 11:12:24 [conn 83] connected from [::1]:44006
2026/06/08 11:12:24 [conn 82] received: Hello from worker 0, package 6, time: 1780897343906724883
2026/06/08 11:12:24 [conn 83] received: Hello from worker 0, package 7, time: 1780897343906965123
2026/06/08 11:12:24 [conn 80] disconnected
2026/06/08 11:12:24 [conn 84] connected from [::1]:44018
2026/06/08 11:12:24 [conn 77] disconnected
2026/06/08 11:12:24 [conn 85] connected from [::1]:44034
2026/06/08 11:12:24 [conn 85] received: Hello from worker 0, package 9, time: 1780897343907470481
2026/06/08 11:12:24 [conn 84] received: Hello from worker 0, package 8, time: 1780897343907234168
2026/06/08 11:12:24 [conn 81] disconnected
2026/06/08 11:12:24 [conn 86] connected from [::1]:44036
2026/06/08 11:12:24 [conn 86] received: Hello from worker 0, package 10, time: 1780897343907688229
2026/06/08 11:12:24 [conn 84] disconnected
2026/06/08 11:12:24 [conn 83] disconnected
2026/06/08 11:12:24 [conn 87] connected from [::1]:44038
2026/06/08 11:12:24 [conn 87] received: Hello from worker 0, package 11, time: 1780897343907875891
2026/06/08 11:12:24 [conn 85] disconnected
2026/06/08 11:12:24 [conn 82] disconnected
2026/06/08 11:12:24 [conn 88] connected from [::1]:44052
2026/06/08 11:12:24 [conn 89] connected from [::1]:44068
2026/06/08 11:12:24 [conn 88] received: Hello from worker 0, package 12, time: 1780897343908040079
2026/06/08 11:12:24 [conn 89] received: Hello from worker 0, package 13, time: 1780897343908208575
2026/06/08 11:12:24 [conn 90] connected from [::1]:44070
2026/06/08 11:12:24 [conn 90] received: Hello from worker 0, package 14, time: 1780897343908425652
2026/06/08 11:12:24 [conn 86] disconnected
2026/06/08 11:12:24 [conn 90] disconnected
2026/06/08 11:12:24 [conn 88] disconnected
2026/06/08 11:12:24 [conn 89] disconnected
2026/06/08 11:12:24 [conn 87] disconnected
2026/06/08 11:12:25 [STATS] total=90 active=0 rejected=140 goroutines=8 heapMB=0.9
2026/06/08 11:12:26 [conn 91] connected from [::1]:44842
2026/06/08 11:12:26 [conn 91] received: Hello from worker 0, package 0, time: 1780897346231530343
2026/06/08 11:12:26 [conn 92] connected from [::1]:44844
2026/06/08 11:12:26 [conn 92] received: Hello from worker 0, package 1, time: 1780897346231865732
2026/06/08 11:12:26 [conn 93] connected from [::1]:44848
2026/06/08 11:12:26 [conn 93] received: Hello from worker 0, package 2, time: 1780897346232099570
2026/06/08 11:12:26 [conn 94] connected from [::1]:44862
2026/06/08 11:12:26 [conn 94] received: Hello from worker 0, package 3, time: 1780897346232382901
2026/06/08 11:12:26 [conn 95] connected from [::1]:44874
2026/06/08 11:12:26 [conn 95] received: Hello from worker 0, package 4, time: 1780897346232593897
2026/06/08 11:12:26 [BUSY] rejected from [::1]:44968 (total=141)
2026/06/08 11:12:26 [BUSY] rejected from [::1]:44974 (total=142)
2026/06/08 11:12:26 [BUSY] rejected from [::1]:44984 (total=143)
2026/06/08 11:12:26 [BUSY] rejected from [::1]:44996 (total=144)
2026/06/08 11:12:26 [BUSY] rejected from [::1]:45002 (total=145)
2026/06/08 11:12:26 [BUSY] rejected from [::1]:45010 (total=146)
2026/06/08 11:12:26 [BUSY] rejected from [::1]:45022 (total=147)
2026/06/08 11:12:26 [BUSY] rejected from [::1]:45026 (total=148)
2026/06/08 11:12:26 [BUSY] rejected from [::1]:45040 (total=149)
2026/06/08 11:12:26 [BUSY] rejected from [::1]:45044 (total=150)
2026/06/08 11:12:26 [BUSY] rejected from [::1]:45052 (total=151)
2026/06/08 11:12:26 [BUSY] rejected from [::1]:45060 (total=152)
2026/06/08 11:12:26 [BUSY] rejected from [::1]:45064 (total=153)
2026/06/08 11:12:26 [BUSY] rejected from [::1]:45076 (total=154)
2026/06/08 11:12:26 [BUSY] rejected from [::1]:45078 (total=155)
2026/06/08 11:12:26 [BUSY] rejected from [::1]:45094 (total=156)
2026/06/08 11:12:26 [BUSY] rejected from [::1]:45098 (total=157)
2026/06/08 11:12:26 [BUSY] rejected from [::1]:45114 (total=158)
2026/06/08 11:12:26 [BUSY] rejected from [::1]:45122 (total=159)
2026/06/08 11:12:26 [BUSY] rejected from [::1]:45128 (total=160)
2026/06/08 11:12:26 [BUSY] rejected from [::1]:45132 (total=161)
2026/06/08 11:12:26 [BUSY] rejected from [::1]:45134 (total=162)
2026/06/08 11:12:26 [BUSY] rejected from [::1]:45142 (total=163)
2026/06/08 11:12:26 [BUSY] rejected from [::1]:45146 (total=164)
2026/06/08 11:12:26 [BUSY] rejected from [::1]:45150 (total=165)
2026/06/08 11:12:26 [BUSY] rejected from [::1]:45154 (total=166)
2026/06/08 11:12:26 [BUSY] rejected from [::1]:45160 (total=167)
2026/06/08 11:12:26 [BUSY] rejected from [::1]:45162 (total=168)
2026/06/08 11:12:26 [BUSY] rejected from [::1]:45168 (total=169)
2026/06/08 11:12:26 [BUSY] rejected from [::1]:45172 (total=170)
2026/06/08 11:12:26 [BUSY] rejected from [::1]:45178 (total=171)
2026/06/08 11:12:26 [BUSY] rejected from [::1]:45186 (total=172)
2026/06/08 11:12:26 [BUSY] rejected from [::1]:45198 (total=173)
2026/06/08 11:12:26 [BUSY] rejected from [::1]:45204 (total=174)
2026/06/08 11:12:26 [BUSY] rejected from [::1]:45206 (total=175)
2026/06/08 11:12:26 [BUSY] rejected from [::1]:45216 (total=176)
2026/06/08 11:12:26 [BUSY] rejected from [::1]:45230 (total=177)
2026/06/08 11:12:26 [BUSY] rejected from [::1]:45232 (total=178)
2026/06/08 11:12:26 [BUSY] rejected from [::1]:45240 (total=179)
2026/06/08 11:12:26 [BUSY] rejected from [::1]:45252 (total=180)
2026/06/08 11:12:26 [BUSY] rejected from [::1]:45258 (total=181)
2026/06/08 11:12:26 [BUSY] rejected from [::1]:45266 (total=182)
2026/06/08 11:12:26 [BUSY] rejected from [::1]:45268 (total=183)
2026/06/08 11:12:26 [BUSY] rejected from [::1]:45282 (total=184)
2026/06/08 11:12:26 [BUSY] rejected from [::1]:45290 (total=185)
2026/06/08 11:12:26 [BUSY] rejected from [::1]:45296 (total=186)
2026/06/08 11:12:26 [BUSY] rejected from [::1]:45300 (total=187)
2026/06/08 11:12:26 [BUSY] rejected from [::1]:45316 (total=188)
2026/06/08 11:12:26 [BUSY] rejected from [::1]:45326 (total=189)
2026/06/08 11:12:26 [BUSY] rejected from [::1]:45338 (total=190)
2026/06/08 11:12:26 [BUSY] rejected from [::1]:45340 (total=191)
2026/06/08 11:12:26 [BUSY] rejected from [::1]:45344 (total=192)
2026/06/08 11:12:26 [BUSY] rejected from [::1]:45348 (total=193)
2026/06/08 11:12:26 [BUSY] rejected from [::1]:45350 (total=194)
2026/06/08 11:12:26 [BUSY] rejected from [::1]:45366 (total=195)
2026/06/08 11:12:26 [BUSY] rejected from [::1]:45380 (total=196)
2026/06/08 11:12:26 [BUSY] rejected from [::1]:45384 (total=197)
2026/06/08 11:12:26 [BUSY] rejected from [::1]:45392 (total=198)
2026/06/08 11:12:26 [BUSY] rejected from [::1]:45396 (total=199)
2026/06/08 11:12:26 [BUSY] rejected from [::1]:45412 (total=200)
2026/06/08 11:12:26 [BUSY] rejected from [::1]:45426 (total=201)
2026/06/08 11:12:26 [BUSY] rejected from [::1]:45440 (total=202)
2026/06/08 11:12:26 [BUSY] rejected from [::1]:45442 (total=203)
2026/06/08 11:12:26 [BUSY] rejected from [::1]:45446 (total=204)
2026/06/08 11:12:26 [BUSY] rejected from [::1]:45462 (total=205)
2026/06/08 11:12:26 [BUSY] rejected from [::1]:45474 (total=206)
2026/06/08 11:12:26 [BUSY] rejected from [::1]:45488 (total=207)
2026/06/08 11:12:26 [BUSY] rejected from [::1]:45504 (total=208)
2026/06/08 11:12:26 [BUSY] rejected from [::1]:45506 (total=209)
2026/06/08 11:12:26 [BUSY] rejected from [::1]:45518 (total=210)
2026/06/08 11:12:26 [BUSY] rejected from [::1]:45530 (total=211)
2026/06/08 11:12:26 [BUSY] rejected from [::1]:45542 (total=212)
2026/06/08 11:12:26 [BUSY] rejected from [::1]:45546 (total=213)
2026/06/08 11:12:26 [BUSY] rejected from [::1]:45552 (total=214)
2026/06/08 11:12:26 [BUSY] rejected from [::1]:45566 (total=215)
2026/06/08 11:12:26 [BUSY] rejected from [::1]:45570 (total=216)
2026/06/08 11:12:26 [BUSY] rejected from [::1]:45584 (total=217)
2026/06/08 11:12:26 [BUSY] rejected from [::1]:45598 (total=218)
2026/06/08 11:12:26 [BUSY] rejected from [::1]:45606 (total=219)
2026/06/08 11:12:26 [BUSY] rejected from [::1]:45614 (total=220)
2026/06/08 11:12:26 [BUSY] rejected from [::1]:45616 (total=221)
2026/06/08 11:12:26 [BUSY] rejected from [::1]:45632 (total=222)
2026/06/08 11:12:26 [BUSY] rejected from [::1]:45646 (total=223)
2026/06/08 11:12:26 [BUSY] rejected from [::1]:45656 (total=224)
2026/06/08 11:12:26 [BUSY] rejected from [::1]:45658 (total=225)
2026/06/08 11:12:26 [BUSY] rejected from [::1]:45660 (total=226)
2026/06/08 11:12:26 [BUSY] rejected from [::1]:45668 (total=227)
2026/06/08 11:12:26 [BUSY] rejected from [::1]:45670 (total=228)
2026/06/08 11:12:26 [BUSY] rejected from [::1]:45676 (total=229)
2026/06/08 11:12:26 [BUSY] rejected from [::1]:45690 (total=230)
2026/06/08 11:12:26 [BUSY] rejected from [::1]:45704 (total=231)
2026/06/08 11:12:26 [BUSY] rejected from [::1]:45712 (total=232)
2026/06/08 11:12:26 [BUSY] rejected from [::1]:45716 (total=233)
2026/06/08 11:12:26 [BUSY] rejected from [::1]:45732 (total=234)
2026/06/08 11:12:26 [BUSY] rejected from [::1]:45742 (total=235)
2026/06/08 11:12:26 [BUSY] rejected from [::1]:45744 (total=236)
2026/06/08 11:12:26 [BUSY] rejected from [::1]:45750 (total=237)
2026/06/08 11:12:26 [BUSY] rejected from [::1]:45766 (total=238)
2026/06/08 11:12:26 [BUSY] rejected from [::1]:45770 (total=239)
2026/06/08 11:12:26 [BUSY] rejected from [::1]:45780 (total=240)
2026/06/08 11:12:26 [BUSY] rejected from [::1]:45784 (total=241)
2026/06/08 11:12:26 [BUSY] rejected from [::1]:45794 (total=242)
2026/06/08 11:12:26 [BUSY] rejected from [::1]:45802 (total=243)
2026/06/08 11:12:26 [BUSY] rejected from [::1]:45818 (total=244)
2026/06/08 11:12:26 [BUSY] rejected from [::1]:45822 (total=245)
2026/06/08 11:12:26 [BUSY] rejected from [::1]:45836 (total=246)
2026/06/08 11:12:26 [BUSY] rejected from [::1]:45844 (total=247)
2026/06/08 11:12:26 [BUSY] rejected from [::1]:45852 (total=248)
2026/06/08 11:12:26 [BUSY] rejected from [::1]:45858 (total=249)
2026/06/08 11:12:26 [BUSY] rejected from [::1]:45860 (total=250)
2026/06/08 11:12:26 [BUSY] rejected from [::1]:45862 (total=251)
2026/06/08 11:12:26 [BUSY] rejected from [::1]:45872 (total=252)
2026/06/08 11:12:26 [BUSY] rejected from [::1]:45880 (total=253)
2026/06/08 11:12:26 [BUSY] rejected from [::1]:45888 (total=254)
2026/06/08 11:12:26 [BUSY] rejected from [::1]:45890 (total=255)
2026/06/08 11:12:26 [BUSY] rejected from [::1]:45894 (total=256)
2026/06/08 11:12:26 [BUSY] rejected from [::1]:45908 (total=257)
2026/06/08 11:12:26 [BUSY] rejected from [::1]:45924 (total=258)
2026/06/08 11:12:26 [BUSY] rejected from [::1]:45926 (total=259)
2026/06/08 11:12:26 [BUSY] rejected from [::1]:45942 (total=260)
2026/06/08 11:12:26 [BUSY] rejected from [::1]:45948 (total=261)
2026/06/08 11:12:26 [BUSY] rejected from [::1]:45960 (total=262)
2026/06/08 11:12:26 [BUSY] rejected from [::1]:45972 (total=263)
2026/06/08 11:12:26 [BUSY] rejected from [::1]:45984 (total=264)
2026/06/08 11:12:26 [BUSY] rejected from [::1]:45992 (total=265)
2026/06/08 11:12:26 [BUSY] rejected from [::1]:45994 (total=266)
2026/06/08 11:12:26 [BUSY] rejected from [::1]:46010 (total=267)
2026/06/08 11:12:26 [BUSY] rejected from [::1]:46026 (total=268)
2026/06/08 11:12:26 [BUSY] rejected from [::1]:46040 (total=269)
2026/06/08 11:12:26 [BUSY] rejected from [::1]:46056 (total=270)
2026/06/08 11:12:26 [BUSY] rejected from [::1]:46072 (total=271)
2026/06/08 11:12:26 [BUSY] rejected from [::1]:46074 (total=272)
2026/06/08 11:12:26 [BUSY] rejected from [::1]:46090 (total=273)
2026/06/08 11:12:26 [BUSY] rejected from [::1]:46094 (total=274)
2026/06/08 11:12:26 [BUSY] rejected from [::1]:46098 (total=275)
2026/06/08 11:12:26 [BUSY] rejected from [::1]:46106 (total=276)
2026/06/08 11:12:26 [BUSY] rejected from [::1]:46108 (total=277)
2026/06/08 11:12:26 [BUSY] rejected from [::1]:46120 (total=278)
2026/06/08 11:12:26 [BUSY] rejected from [::1]:46132 (total=279)
2026/06/08 11:12:26 [BUSY] rejected from [::1]:46136 (total=280)
2026/06/08 11:12:26 [BUSY] rejected from [::1]:46140 (total=281)
2026/06/08 11:12:26 [BUSY] rejected from [::1]:46150 (total=282)
2026/06/08 11:12:26 [BUSY] rejected from [::1]:46156 (total=283)
2026/06/08 11:12:26 [BUSY] rejected from [::1]:46168 (total=284)
2026/06/08 11:12:26 [BUSY] rejected from [::1]:46182 (total=285)
2026/06/08 11:12:26 [BUSY] rejected from [::1]:46194 (total=286)
2026/06/08 11:12:26 [BUSY] rejected from [::1]:46202 (total=287)
2026/06/08 11:12:26 [BUSY] rejected from [::1]:46210 (total=288)
2026/06/08 11:12:26 [BUSY] rejected from [::1]:46216 (total=289)
2026/06/08 11:12:26 [BUSY] rejected from [::1]:46218 (total=290)
2026/06/08 11:12:26 [BUSY] rejected from [::1]:46222 (total=291)
2026/06/08 11:12:26 [BUSY] rejected from [::1]:46238 (total=292)
2026/06/08 11:12:26 [BUSY] rejected from [::1]:46254 (total=293)
2026/06/08 11:12:26 [BUSY] rejected from [::1]:46262 (total=294)
2026/06/08 11:12:26 [BUSY] rejected from [::1]:46264 (total=295)
2026/06/08 11:12:26 [BUSY] rejected from [::1]:46270 (total=296)
2026/06/08 11:12:26 [BUSY] rejected from [::1]:46282 (total=297)
2026/06/08 11:12:26 [BUSY] rejected from [::1]:46284 (total=298)
2026/06/08 11:12:26 [BUSY] rejected from [::1]:46298 (total=299)
2026/06/08 11:12:26 [BUSY] rejected from [::1]:46312 (total=300)
2026/06/08 11:12:26 [BUSY] rejected from [::1]:46322 (total=301)
2026/06/08 11:12:26 [BUSY] rejected from [::1]:46334 (total=302)
2026/06/08 11:12:26 [BUSY] rejected from [::1]:46340 (total=303)
2026/06/08 11:12:26 [BUSY] rejected from [::1]:46344 (total=304)
2026/06/08 11:12:26 [BUSY] rejected from [::1]:46346 (total=305)
2026/06/08 11:12:26 [BUSY] rejected from [::1]:46354 (total=306)
2026/06/08 11:12:26 [BUSY] rejected from [::1]:46370 (total=307)
2026/06/08 11:12:26 [BUSY] rejected from [::1]:46374 (total=308)
2026/06/08 11:12:26 [BUSY] rejected from [::1]:46390 (total=309)
2026/06/08 11:12:26 [BUSY] rejected from [::1]:46406 (total=310)
2026/06/08 11:12:26 [BUSY] rejected from [::1]:46410 (total=311)
2026/06/08 11:12:26 [BUSY] rejected from [::1]:46424 (total=312)
2026/06/08 11:12:26 [BUSY] rejected from [::1]:46438 (total=313)
2026/06/08 11:12:26 [BUSY] rejected from [::1]:46452 (total=314)
2026/06/08 11:12:26 [BUSY] rejected from [::1]:46460 (total=315)
2026/06/08 11:12:26 [BUSY] rejected from [::1]:46472 (total=316)
2026/06/08 11:12:26 [BUSY] rejected from [::1]:46482 (total=317)
2026/06/08 11:12:26 [BUSY] rejected from [::1]:46496 (total=318)
2026/06/08 11:12:26 [BUSY] rejected from [::1]:46506 (total=319)
2026/06/08 11:12:26 [BUSY] rejected from [::1]:46516 (total=320)
2026/06/08 11:12:26 [BUSY] rejected from [::1]:46520 (total=321)
2026/06/08 11:12:26 [BUSY] rejected from [::1]:46530 (total=322)
2026/06/08 11:12:26 [BUSY] rejected from [::1]:46542 (total=323)
2026/06/08 11:12:26 [BUSY] rejected from [::1]:46554 (total=324)
2026/06/08 11:12:26 [BUSY] rejected from [::1]:46564 (total=325)
2026/06/08 11:12:26 [BUSY] rejected from [::1]:46572 (total=326)
2026/06/08 11:12:26 [BUSY] rejected from [::1]:46576 (total=327)
2026/06/08 11:12:26 [BUSY] rejected from [::1]:46592 (total=328)
2026/06/08 11:12:26 [BUSY] rejected from [::1]:46594 (total=329)
2026/06/08 11:12:26 [BUSY] rejected from [::1]:46608 (total=330)
2026/06/08 11:12:26 [BUSY] rejected from [::1]:46612 (total=331)
2026/06/08 11:12:26 [BUSY] rejected from [::1]:46626 (total=332)
2026/06/08 11:12:26 [BUSY] rejected from [::1]:46642 (total=333)
2026/06/08 11:12:26 [BUSY] rejected from [::1]:46656 (total=334)
2026/06/08 11:12:26 [BUSY] rejected from [::1]:46662 (total=335)
2026/06/08 11:12:26 [BUSY] rejected from [::1]:46664 (total=336)
2026/06/08 11:12:26 [BUSY] rejected from [::1]:46670 (total=337)
2026/06/08 11:12:26 [BUSY] rejected from [::1]:46680 (total=338)
2026/06/08 11:12:26 [BUSY] rejected from [::1]:46696 (total=339)
2026/06/08 11:12:26 [BUSY] rejected from [::1]:46706 (total=340)
2026/06/08 11:12:26 [BUSY] rejected from [::1]:46718 (total=341)
2026/06/08 11:12:26 [BUSY] rejected from [::1]:46732 (total=342)
2026/06/08 11:12:26 [BUSY] rejected from [::1]:46742 (total=343)
2026/06/08 11:12:26 [BUSY] rejected from [::1]:46750 (total=344)
2026/06/08 11:12:26 [BUSY] rejected from [::1]:46766 (total=345)
2026/06/08 11:12:26 [BUSY] rejected from [::1]:46778 (total=346)
2026/06/08 11:12:26 [BUSY] rejected from [::1]:46784 (total=347)
2026/06/08 11:12:26 [BUSY] rejected from [::1]:46792 (total=348)
2026/06/08 11:12:26 [BUSY] rejected from [::1]:46794 (total=349)
2026/06/08 11:12:26 [BUSY] rejected from [::1]:46798 (total=350)
2026/06/08 11:12:26 [BUSY] rejected from [::1]:46814 (total=351)
2026/06/08 11:12:26 [BUSY] rejected from [::1]:46824 (total=352)
2026/06/08 11:12:26 [BUSY] rejected from [::1]:46830 (total=353)
2026/06/08 11:12:26 [BUSY] rejected from [::1]:46846 (total=354)
2026/06/08 11:12:26 [BUSY] rejected from [::1]:46858 (total=355)
2026/06/08 11:12:26 [BUSY] rejected from [::1]:46866 (total=356)
2026/06/08 11:12:26 [BUSY] rejected from [::1]:46872 (total=357)
2026/06/08 11:12:26 [BUSY] rejected from [::1]:46886 (total=358)
2026/06/08 11:12:26 [BUSY] rejected from [::1]:46902 (total=359)
2026/06/08 11:12:26 [BUSY] rejected from [::1]:46914 (total=360)
2026/06/08 11:12:26 [BUSY] rejected from [::1]:46930 (total=361)
2026/06/08 11:12:26 [BUSY] rejected from [::1]:46940 (total=362)
2026/06/08 11:12:26 [BUSY] rejected from [::1]:46948 (total=363)
2026/06/08 11:12:26 [BUSY] rejected from [::1]:46962 (total=364)
2026/06/08 11:12:26 [BUSY] rejected from [::1]:46968 (total=365)
2026/06/08 11:12:26 [BUSY] rejected from [::1]:46972 (total=366)
2026/06/08 11:12:26 [BUSY] rejected from [::1]:46988 (total=367)
2026/06/08 11:12:26 [BUSY] rejected from [::1]:46998 (total=368)
2026/06/08 11:12:26 [BUSY] rejected from [::1]:47002 (total=369)
2026/06/08 11:12:26 [BUSY] rejected from [::1]:47014 (total=370)
2026/06/08 11:12:26 [BUSY] rejected from [::1]:47018 (total=371)
2026/06/08 11:12:26 [BUSY] rejected from [::1]:47022 (total=372)
2026/06/08 11:12:26 [BUSY] rejected from [::1]:47028 (total=373)
2026/06/08 11:12:26 [BUSY] rejected from [::1]:47038 (total=374)
2026/06/08 11:12:26 [BUSY] rejected from [::1]:47052 (total=375)
2026/06/08 11:12:26 [BUSY] rejected from [::1]:47068 (total=376)
2026/06/08 11:12:26 [BUSY] rejected from [::1]:47078 (total=377)
2026/06/08 11:12:26 [BUSY] rejected from [::1]:47086 (total=378)
2026/06/08 11:12:26 [BUSY] rejected from [::1]:47102 (total=379)
2026/06/08 11:12:26 [BUSY] rejected from [::1]:47110 (total=380)
2026/06/08 11:12:26 [BUSY] rejected from [::1]:47124 (total=381)
2026/06/08 11:12:26 [BUSY] rejected from [::1]:47126 (total=382)
2026/06/08 11:12:26 [BUSY] rejected from [::1]:47138 (total=383)
2026/06/08 11:12:26 [BUSY] rejected from [::1]:47154 (total=384)
2026/06/08 11:12:26 [BUSY] rejected from [::1]:47160 (total=385)
2026/06/08 11:12:26 [BUSY] rejected from [::1]:47172 (total=386)
2026/06/08 11:12:26 [BUSY] rejected from [::1]:47188 (total=387)
2026/06/08 11:12:26 [BUSY] rejected from [::1]:47198 (total=388)
2026/06/08 11:12:26 [BUSY] rejected from [::1]:47208 (total=389)
2026/06/08 11:12:26 [BUSY] rejected from [::1]:47218 (total=390)
2026/06/08 11:12:26 [BUSY] rejected from [::1]:47222 (total=391)
2026/06/08 11:12:26 [BUSY] rejected from [::1]:47224 (total=392)
2026/06/08 11:12:26 [BUSY] rejected from [::1]:47228 (total=393)
2026/06/08 11:12:26 [BUSY] rejected from [::1]:47234 (total=394)
2026/06/08 11:12:26 [BUSY] rejected from [::1]:47248 (total=395)
2026/06/08 11:12:26 [BUSY] rejected from [::1]:47258 (total=396)
2026/06/08 11:12:26 [BUSY] rejected from [::1]:47266 (total=397)
2026/06/08 11:12:26 [BUSY] rejected from [::1]:47278 (total=398)
2026/06/08 11:12:26 [BUSY] rejected from [::1]:47280 (total=399)
2026/06/08 11:12:26 [BUSY] rejected from [::1]:47284 (total=400)
2026/06/08 11:12:26 [BUSY] rejected from [::1]:47288 (total=401)
2026/06/08 11:12:26 [BUSY] rejected from [::1]:47302 (total=402)
2026/06/08 11:12:26 [BUSY] rejected from [::1]:47312 (total=403)
2026/06/08 11:12:26 [BUSY] rejected from [::1]:47320 (total=404)
2026/06/08 11:12:26 [BUSY] rejected from [::1]:47336 (total=405)
2026/06/08 11:12:26 [BUSY] rejected from [::1]:47348 (total=406)
2026/06/08 11:12:26 [BUSY] rejected from [::1]:47364 (total=407)
2026/06/08 11:12:26 [BUSY] rejected from [::1]:47376 (total=408)
2026/06/08 11:12:26 [BUSY] rejected from [::1]:47380 (total=409)
2026/06/08 11:12:26 [BUSY] rejected from [::1]:47382 (total=410)
2026/06/08 11:12:26 [BUSY] rejected from [::1]:47386 (total=411)
2026/06/08 11:12:26 [BUSY] rejected from [::1]:47388 (total=412)
2026/06/08 11:12:26 [BUSY] rejected from [::1]:47402 (total=413)
2026/06/08 11:12:26 [BUSY] rejected from [::1]:47410 (total=414)
2026/06/08 11:12:26 [BUSY] rejected from [::1]:47416 (total=415)
2026/06/08 11:12:26 [BUSY] rejected from [::1]:47418 (total=416)
2026/06/08 11:12:26 [BUSY] rejected from [::1]:47422 (total=417)
2026/06/08 11:12:26 [BUSY] rejected from [::1]:47436 (total=418)
2026/06/08 11:12:26 [BUSY] rejected from [::1]:47440 (total=419)
2026/06/08 11:12:26 [BUSY] rejected from [::1]:47454 (total=420)
2026/06/08 11:12:26 [BUSY] rejected from [::1]:47468 (total=421)
2026/06/08 11:12:26 [BUSY] rejected from [::1]:47480 (total=422)
2026/06/08 11:12:26 [BUSY] rejected from [::1]:47496 (total=423)
2026/06/08 11:12:26 [BUSY] rejected from [::1]:47506 (total=424)
2026/06/08 11:12:26 [BUSY] rejected from [::1]:47512 (total=425)
2026/06/08 11:12:26 [BUSY] rejected from [::1]:47528 (total=426)
2026/06/08 11:12:26 [BUSY] rejected from [::1]:47534 (total=427)
2026/06/08 11:12:26 [BUSY] rejected from [::1]:47546 (total=428)
2026/06/08 11:12:26 [BUSY] rejected from [::1]:47560 (total=429)
2026/06/08 11:12:26 [BUSY] rejected from [::1]:47574 (total=430)
2026/06/08 11:12:26 [BUSY] rejected from [::1]:47588 (total=431)
2026/06/08 11:12:26 [BUSY] rejected from [::1]:47604 (total=432)
2026/06/08 11:12:26 [BUSY] rejected from [::1]:47614 (total=433)
2026/06/08 11:12:26 [BUSY] rejected from [::1]:47620 (total=434)
2026/06/08 11:12:26 [BUSY] rejected from [::1]:47624 (total=435)
2026/06/08 11:12:26 [BUSY] rejected from [::1]:47638 (total=436)
2026/06/08 11:12:26 [BUSY] rejected from [::1]:47640 (total=437)
2026/06/08 11:12:26 [BUSY] rejected from [::1]:47648 (total=438)
2026/06/08 11:12:26 [BUSY] rejected from [::1]:47660 (total=439)
2026/06/08 11:12:26 [BUSY] rejected from [::1]:47674 (total=440)
2026/06/08 11:12:26 [BUSY] rejected from [::1]:47690 (total=441)
2026/06/08 11:12:26 [BUSY] rejected from [::1]:47698 (total=442)
2026/06/08 11:12:26 [BUSY] rejected from [::1]:47712 (total=443)
2026/06/08 11:12:26 [BUSY] rejected from [::1]:47726 (total=444)
2026/06/08 11:12:26 [BUSY] rejected from [::1]:47738 (total=445)
2026/06/08 11:12:26 [BUSY] rejected from [::1]:47754 (total=446)
2026/06/08 11:12:26 [BUSY] rejected from [::1]:47766 (total=447)
2026/06/08 11:12:26 [BUSY] rejected from [::1]:47782 (total=448)
2026/06/08 11:12:26 [BUSY] rejected from [::1]:47794 (total=449)
2026/06/08 11:12:26 [BUSY] rejected from [::1]:47802 (total=450)
2026/06/08 11:12:26 [BUSY] rejected from [::1]:47806 (total=451)
2026/06/08 11:12:26 [BUSY] rejected from [::1]:47810 (total=452)
2026/06/08 11:12:26 [BUSY] rejected from [::1]:47826 (total=453)
2026/06/08 11:12:26 [BUSY] rejected from [::1]:47834 (total=454)
2026/06/08 11:12:26 [BUSY] rejected from [::1]:47848 (total=455)
2026/06/08 11:12:26 [BUSY] rejected from [::1]:47864 (total=456)
2026/06/08 11:12:26 [BUSY] rejected from [::1]:47874 (total=457)
2026/06/08 11:12:26 [BUSY] rejected from [::1]:47888 (total=458)
2026/06/08 11:12:26 [BUSY] rejected from [::1]:47904 (total=459)
2026/06/08 11:12:26 [BUSY] rejected from [::1]:47920 (total=460)
2026/06/08 11:12:26 [BUSY] rejected from [::1]:47928 (total=461)
2026/06/08 11:12:26 [BUSY] rejected from [::1]:47934 (total=462)
2026/06/08 11:12:26 [BUSY] rejected from [::1]:47948 (total=463)
2026/06/08 11:12:26 [BUSY] rejected from [::1]:47960 (total=464)
2026/06/08 11:12:26 [BUSY] rejected from [::1]:47976 (total=465)
2026/06/08 11:12:26 [BUSY] rejected from [::1]:47986 (total=466)
2026/06/08 11:12:26 [BUSY] rejected from [::1]:47996 (total=467)
2026/06/08 11:12:26 [BUSY] rejected from [::1]:47998 (total=468)
2026/06/08 11:12:26 [BUSY] rejected from [::1]:48004 (total=469)
2026/06/08 11:12:26 [BUSY] rejected from [::1]:48018 (total=470)
2026/06/08 11:12:26 [BUSY] rejected from [::1]:48032 (total=471)
2026/06/08 11:12:26 [BUSY] rejected from [::1]:48042 (total=472)
2026/06/08 11:12:26 [BUSY] rejected from [::1]:48050 (total=473)
2026/06/08 11:12:26 [BUSY] rejected from [::1]:48060 (total=474)
2026/06/08 11:12:26 [BUSY] rejected from [::1]:48066 (total=475)
2026/06/08 11:12:26 [BUSY] rejected from [::1]:48080 (total=476)
2026/06/08 11:12:26 [BUSY] rejected from [::1]:48088 (total=477)
2026/06/08 11:12:26 [BUSY] rejected from [::1]:48098 (total=478)
2026/06/08 11:12:26 [BUSY] rejected from [::1]:48104 (total=479)
2026/06/08 11:12:26 [BUSY] rejected from [::1]:48118 (total=480)
2026/06/08 11:12:26 [BUSY] rejected from [::1]:48120 (total=481)
2026/06/08 11:12:26 [BUSY] rejected from [::1]:48134 (total=482)
2026/06/08 11:12:26 [BUSY] rejected from [::1]:48148 (total=483)
2026/06/08 11:12:26 [BUSY] rejected from [::1]:48152 (total=484)
2026/06/08 11:12:26 [BUSY] rejected from [::1]:48160 (total=485)
2026/06/08 11:12:26 [BUSY] rejected from [::1]:48166 (total=486)
2026/06/08 11:12:26 [BUSY] rejected from [::1]:48174 (total=487)
2026/06/08 11:12:26 [BUSY] rejected from [::1]:48188 (total=488)
2026/06/08 11:12:26 [BUSY] rejected from [::1]:48198 (total=489)
2026/06/08 11:12:26 [BUSY] rejected from [::1]:48214 (total=490)
2026/06/08 11:12:26 [BUSY] rejected from [::1]:48226 (total=491)
2026/06/08 11:12:26 [BUSY] rejected from [::1]:48238 (total=492)
2026/06/08 11:12:26 [BUSY] rejected from [::1]:48242 (total=493)
2026/06/08 11:12:26 [BUSY] rejected from [::1]:48244 (total=494)
2026/06/08 11:12:26 [BUSY] rejected from [::1]:48258 (total=495)
2026/06/08 11:12:26 [BUSY] rejected from [::1]:48268 (total=496)
2026/06/08 11:12:26 [BUSY] rejected from [::1]:48282 (total=497)
2026/06/08 11:12:26 [BUSY] rejected from [::1]:48296 (total=498)
2026/06/08 11:12:26 [BUSY] rejected from [::1]:48312 (total=499)
2026/06/08 11:12:26 [BUSY] rejected from [::1]:48320 (total=500)
2026/06/08 11:12:26 [BUSY] rejected from [::1]:48334 (total=501)
2026/06/08 11:12:26 [BUSY] rejected from [::1]:48336 (total=502)
2026/06/08 11:12:26 [BUSY] rejected from [::1]:48340 (total=503)
2026/06/08 11:12:26 [BUSY] rejected from [::1]:48346 (total=504)
2026/06/08 11:12:26 [BUSY] rejected from [::1]:48354 (total=505)
2026/06/08 11:12:26 [BUSY] rejected from [::1]:48358 (total=506)
2026/06/08 11:12:26 [BUSY] rejected from [::1]:48374 (total=507)
2026/06/08 11:12:26 [BUSY] rejected from [::1]:48386 (total=508)
2026/06/08 11:12:26 [BUSY] rejected from [::1]:48394 (total=509)
2026/06/08 11:12:26 [BUSY] rejected from [::1]:48406 (total=510)
2026/06/08 11:12:26 [BUSY] rejected from [::1]:48422 (total=511)
2026/06/08 11:12:26 [BUSY] rejected from [::1]:48426 (total=512)
2026/06/08 11:12:26 [BUSY] rejected from [::1]:48438 (total=513)
2026/06/08 11:12:26 [BUSY] rejected from [::1]:48446 (total=514)
2026/06/08 11:12:26 [BUSY] rejected from [::1]:48460 (total=515)
2026/06/08 11:12:26 [BUSY] rejected from [::1]:48464 (total=516)
2026/06/08 11:12:26 [BUSY] rejected from [::1]:48480 (total=517)
2026/06/08 11:12:26 [BUSY] rejected from [::1]:48494 (total=518)
2026/06/08 11:12:26 [BUSY] rejected from [::1]:48496 (total=519)
2026/06/08 11:12:26 [BUSY] rejected from [::1]:48502 (total=520)
2026/06/08 11:12:26 [BUSY] rejected from [::1]:48510 (total=521)
2026/06/08 11:12:26 [BUSY] rejected from [::1]:48516 (total=522)
2026/06/08 11:12:26 [BUSY] rejected from [::1]:48530 (total=523)
2026/06/08 11:12:26 [BUSY] rejected from [::1]:48544 (total=524)
2026/06/08 11:12:26 [BUSY] rejected from [::1]:48548 (total=525)
2026/06/08 11:12:26 [BUSY] rejected from [::1]:48560 (total=526)
2026/06/08 11:12:26 [BUSY] rejected from [::1]:48566 (total=527)
2026/06/08 11:12:26 [BUSY] rejected from [::1]:48568 (total=528)
2026/06/08 11:12:26 [BUSY] rejected from [::1]:48574 (total=529)
2026/06/08 11:12:26 [BUSY] rejected from [::1]:48586 (total=530)
2026/06/08 11:12:26 [BUSY] rejected from [::1]:48602 (total=531)
2026/06/08 11:12:26 [BUSY] rejected from [::1]:48610 (total=532)
2026/06/08 11:12:26 [BUSY] rejected from [::1]:48612 (total=533)
2026/06/08 11:12:26 [BUSY] rejected from [::1]:48622 (total=534)
2026/06/08 11:12:26 [BUSY] rejected from [::1]:48626 (total=535)
2026/06/08 11:12:26 [BUSY] rejected from [::1]:48636 (total=536)
2026/06/08 11:12:26 [BUSY] rejected from [::1]:48644 (total=537)
2026/06/08 11:12:26 [BUSY] rejected from [::1]:48658 (total=538)
2026/06/08 11:12:26 [BUSY] rejected from [::1]:48674 (total=539)
2026/06/08 11:12:26 [BUSY] rejected from [::1]:48686 (total=540)
2026/06/08 11:12:26 [BUSY] rejected from [::1]:48698 (total=541)
2026/06/08 11:12:26 [BUSY] rejected from [::1]:48704 (total=542)
2026/06/08 11:12:26 [BUSY] rejected from [::1]:48718 (total=543)
2026/06/08 11:12:26 [BUSY] rejected from [::1]:48728 (total=544)
2026/06/08 11:12:26 [BUSY] rejected from [::1]:48730 (total=545)
2026/06/08 11:12:26 [BUSY] rejected from [::1]:48746 (total=546)
2026/06/08 11:12:26 [BUSY] rejected from [::1]:48748 (total=547)
2026/06/08 11:12:26 [BUSY] rejected from [::1]:48760 (total=548)
2026/06/08 11:12:26 [BUSY] rejected from [::1]:48774 (total=549)
2026/06/08 11:12:26 [BUSY] rejected from [::1]:48786 (total=550)
2026/06/08 11:12:26 [BUSY] rejected from [::1]:48790 (total=551)
2026/06/08 11:12:26 [BUSY] rejected from [::1]:48806 (total=552)
2026/06/08 11:12:26 [BUSY] rejected from [::1]:48816 (total=553)
2026/06/08 11:12:26 [BUSY] rejected from [::1]:48830 (total=554)
2026/06/08 11:12:26 [BUSY] rejected from [::1]:48840 (total=555)
2026/06/08 11:12:26 [BUSY] rejected from [::1]:48850 (total=556)
2026/06/08 11:12:26 [BUSY] rejected from [::1]:48858 (total=557)
2026/06/08 11:12:26 [BUSY] rejected from [::1]:48864 (total=558)
2026/06/08 11:12:26 [BUSY] rejected from [::1]:48872 (total=559)
2026/06/08 11:12:26 [BUSY] rejected from [::1]:48876 (total=560)
2026/06/08 11:12:26 [BUSY] rejected from [::1]:48884 (total=561)
2026/06/08 11:12:26 [BUSY] rejected from [::1]:48898 (total=562)
2026/06/08 11:12:26 [BUSY] rejected from [::1]:48908 (total=563)
2026/06/08 11:12:26 [BUSY] rejected from [::1]:48916 (total=564)
2026/06/08 11:12:26 [BUSY] rejected from [::1]:48930 (total=565)
2026/06/08 11:12:26 [BUSY] rejected from [::1]:48940 (total=566)
2026/06/08 11:12:26 [BUSY] rejected from [::1]:48950 (total=567)
2026/06/08 11:12:26 [BUSY] rejected from [::1]:48964 (total=568)
2026/06/08 11:12:26 [BUSY] rejected from [::1]:48966 (total=569)
2026/06/08 11:12:26 [BUSY] rejected from [::1]:48978 (total=570)
2026/06/08 11:12:26 [BUSY] rejected from [::1]:48988 (total=571)
2026/06/08 11:12:26 [BUSY] rejected from [::1]:49000 (total=572)
2026/06/08 11:12:26 [BUSY] rejected from [::1]:49006 (total=573)
2026/06/08 11:12:26 [BUSY] rejected from [::1]:49020 (total=574)
2026/06/08 11:12:26 [BUSY] rejected from [::1]:49022 (total=575)
2026/06/08 11:12:26 [BUSY] rejected from [::1]:49036 (total=576)
2026/06/08 11:12:26 [BUSY] rejected from [::1]:49038 (total=577)
2026/06/08 11:12:26 [BUSY] rejected from [::1]:49044 (total=578)
2026/06/08 11:12:26 [BUSY] rejected from [::1]:49058 (total=579)
2026/06/08 11:12:26 [BUSY] rejected from [::1]:49060 (total=580)
2026/06/08 11:12:26 [BUSY] rejected from [::1]:49066 (total=581)
2026/06/08 11:12:26 [BUSY] rejected from [::1]:49080 (total=582)
2026/06/08 11:12:26 [BUSY] rejected from [::1]:49088 (total=583)
2026/06/08 11:12:26 [BUSY] rejected from [::1]:49100 (total=584)
2026/06/08 11:12:26 [BUSY] rejected from [::1]:49116 (total=585)
2026/06/08 11:12:26 [BUSY] rejected from [::1]:49118 (total=586)
2026/06/08 11:12:26 [BUSY] rejected from [::1]:49124 (total=587)
2026/06/08 11:12:26 [BUSY] rejected from [::1]:49130 (total=588)
2026/06/08 11:12:26 [BUSY] rejected from [::1]:49136 (total=589)
2026/06/08 11:12:26 [BUSY] rejected from [::1]:49142 (total=590)
2026/06/08 11:12:26 [BUSY] rejected from [::1]:49146 (total=591)
2026/06/08 11:12:26 [BUSY] rejected from [::1]:49148 (total=592)
2026/06/08 11:12:26 [BUSY] rejected from [::1]:49156 (total=593)
2026/06/08 11:12:26 [BUSY] rejected from [::1]:49168 (total=594)
2026/06/08 11:12:26 [BUSY] rejected from [::1]:49176 (total=595)
2026/06/08 11:12:26 [BUSY] rejected from [::1]:49182 (total=596)
2026/06/08 11:12:26 [BUSY] rejected from [::1]:49184 (total=597)
2026/06/08 11:12:26 [BUSY] rejected from [::1]:49196 (total=598)
2026/06/08 11:12:26 [BUSY] rejected from [::1]:49198 (total=599)
2026/06/08 11:12:26 [BUSY] rejected from [::1]:49208 (total=600)
2026/06/08 11:12:26 [BUSY] rejected from [::1]:49210 (total=601)
2026/06/08 11:12:26 [BUSY] rejected from [::1]:49224 (total=602)
2026/06/08 11:12:26 [BUSY] rejected from [::1]:49232 (total=603)
2026/06/08 11:12:26 [BUSY] rejected from [::1]:49236 (total=604)
2026/06/08 11:12:26 [BUSY] rejected from [::1]:49240 (total=605)
2026/06/08 11:12:26 [BUSY] rejected from [::1]:49248 (total=606)
2026/06/08 11:12:26 [BUSY] rejected from [::1]:49262 (total=607)
2026/06/08 11:12:26 [conn 91] disconnected
2026/06/08 11:12:26 [conn 96] connected from [::1]:44880
2026/06/08 11:12:26 [conn 96] received: Hello from worker 0, package 5, time: 1780897346232835881
2026/06/08 11:12:26 [BUSY] rejected from [::1]:49276 (total=608)
2026/06/08 11:12:26 [conn 92] disconnected
2026/06/08 11:12:26 [conn 97] connected from [::1]:44888
2026/06/08 11:12:26 [conn 97] received: Hello from worker 0, package 6, time: 1780897346233101639
2026/06/08 11:12:26 [conn 93] disconnected
2026/06/08 11:12:26 [conn 98] connected from [::1]:44890
2026/06/08 11:12:26 [conn 98] received: Hello from worker 0, package 7, time: 1780897346233354554
2026/06/08 11:12:26 [conn 94] disconnected
2026/06/08 11:12:26 [conn 99] connected from [::1]:44898
2026/06/08 11:12:26 [conn 99] received: Hello from worker 0, package 8, time: 1780897346233583012
2026/06/08 11:12:26 [conn 95] disconnected
2026/06/08 11:12:26 [conn 100] connected from [::1]:44906
2026/06/08 11:12:26 [conn 100] received: Hello from worker 0, package 9, time: 1780897346233834804
2026/06/08 11:12:26 [BUSY] rejected from [::1]:49314 (total=609)
2026/06/08 11:12:26 [BUSY] rejected from [::1]:49326 (total=610)
2026/06/08 11:12:26 [BUSY] rejected from [::1]:49338 (total=611)
2026/06/08 11:12:26 [BUSY] rejected from [::1]:49354 (total=612)
2026/06/08 11:12:26 [BUSY] rejected from [::1]:49366 (total=613)
2026/06/08 11:12:26 [BUSY] rejected from [::1]:49372 (total=614)
2026/06/08 11:12:26 [BUSY] rejected from [::1]:49380 (total=615)
2026/06/08 11:12:26 [BUSY] rejected from [::1]:49384 (total=616)
2026/06/08 11:12:26 [BUSY] rejected from [::1]:49394 (total=617)
2026/06/08 11:12:26 [BUSY] rejected from [::1]:49408 (total=618)
2026/06/08 11:12:26 [BUSY] rejected from [::1]:49424 (total=619)
2026/06/08 11:12:26 [BUSY] rejected from [::1]:49438 (total=620)
2026/06/08 11:12:26 [conn 99] disconnected
2026/06/08 11:12:26 [conn 96] disconnected
2026/06/08 11:12:26 [conn 101] connected from [::1]:44914
2026/06/08 11:12:26 [conn 97] disconnected
2026/06/08 11:12:26 [conn 100] disconnected
2026/06/08 11:12:26 [conn 103] connected from [::1]:44930
2026/06/08 11:12:26 [conn 98] disconnected
2026/06/08 11:12:26 [conn 102] connected from [::1]:44918
2026/06/08 11:12:26 [conn 102] received: Hello from worker 0, package 11, time: 1780897346234225778
2026/06/08 11:12:26 [conn 101] received: Hello from worker 0, package 10, time: 1780897346234000686
2026/06/08 11:12:26 [conn 105] connected from [::1]:44954
2026/06/08 11:12:26 [conn 103] received: Hello from worker 0, package 12, time: 1780897346234473582
2026/06/08 11:12:26 [conn 105] received: Hello from worker 0, package 14, time: 1780897346234878031
2026/06/08 11:12:26 [conn 104] connected from [::1]:44942
2026/06/08 11:12:26 [conn 104] received: Hello from worker 0, package 13, time: 1780897346234676433
2026/06/08 11:12:26 [conn 104] disconnected
2026/06/08 11:12:26 [conn 101] disconnected
2026/06/08 11:12:26 [conn 103] disconnected
2026/06/08 11:12:26 [conn 106] connected from [::1]:49270
2026/06/08 11:12:26 [conn 106] received: Hello from worker 0, package 482, time: 1780897346331867784
2026/06/08 11:12:26 [conn 105] disconnected
2026/06/08 11:12:26 [conn 107] connected from [::1]:49286
2026/06/08 11:12:26 [conn 108] connected from [::1]:49290
2026/06/08 11:12:26 [conn 109] connected from [::1]:49296
2026/06/08 11:12:26 [conn 109] received: Hello from worker 0, package 486, time: 1780897346332947909
2026/06/08 11:12:26 [conn 108] received: Hello from worker 0, package 485, time: 1780897346332638048
2026/06/08 11:12:26 [conn 107] received: Hello from worker 0, package 484, time: 1780897346332284575
2026/06/08 11:12:26 [conn 102] disconnected
2026/06/08 11:12:26 [conn 110] connected from [::1]:49312
2026/06/08 11:12:26 [conn 110] received: Hello from worker 0, package 487, time: 1780897346333162452
2026/06/08 11:12:26 [conn 109] disconnected
2026/06/08 11:12:26 [conn 110] disconnected
2026/06/08 11:12:26 [conn 107] disconnected
2026/06/08 11:12:26 [conn 108] disconnected
2026/06/08 11:12:26 [conn 106] disconnected
2026/06/08 11:12:27 [STATS] total=110 active=0 rejected=620 goroutines=8 heapMB=1.2
2026/06/08 11:12:28 [conn 111] connected from [::1]:49440
2026/06/08 11:12:28 [conn 111] received: Hello from worker 0, package 0, time: 1780897348657902449
2026/06/08 11:12:28 [conn 112] connected from [::1]:49446
2026/06/08 11:12:28 [conn 112] received: Hello from worker 0, package 1, time: 1780897348658353354
2026/06/08 11:12:28 [conn 113] connected from [::1]:49452
2026/06/08 11:12:28 [conn 113] received: Hello from worker 0, package 2, time: 1780897348658695586
2026/06/08 11:12:28 [conn 114] connected from [::1]:49456
2026/06/08 11:12:28 [conn 114] received: Hello from worker 0, package 3, time: 1780897348658879832
2026/06/08 11:12:28 [conn 115] connected from [::1]:49468
2026/06/08 11:12:28 [conn 115] received: Hello from worker 0, package 4, time: 1780897348659082362
2026/06/08 11:12:28 [BUSY] rejected from [::1]:49580 (total=621)
2026/06/08 11:12:28 [BUSY] rejected from [::1]:49590 (total=622)
2026/06/08 11:12:28 [BUSY] rejected from [::1]:49602 (total=623)
2026/06/08 11:12:28 [BUSY] rejected from [::1]:49614 (total=624)
2026/06/08 11:12:28 [BUSY] rejected from [::1]:49626 (total=625)
2026/06/08 11:12:28 [BUSY] rejected from [::1]:49628 (total=626)
2026/06/08 11:12:28 [BUSY] rejected from [::1]:49634 (total=627)
2026/06/08 11:12:28 [BUSY] rejected from [::1]:49644 (total=628)
2026/06/08 11:12:28 [BUSY] rejected from [::1]:49646 (total=629)
2026/06/08 11:12:28 [BUSY] rejected from [::1]:49652 (total=630)
2026/06/08 11:12:28 [BUSY] rejected from [::1]:49660 (total=631)
2026/06/08 11:12:28 [BUSY] rejected from [::1]:49674 (total=632)
2026/06/08 11:12:28 [BUSY] rejected from [::1]:49676 (total=633)
2026/06/08 11:12:28 [BUSY] rejected from [::1]:49682 (total=634)
2026/06/08 11:12:28 [BUSY] rejected from [::1]:49692 (total=635)
2026/06/08 11:12:28 [BUSY] rejected from [::1]:49702 (total=636)
2026/06/08 11:12:28 [BUSY] rejected from [::1]:49712 (total=637)
2026/06/08 11:12:28 [BUSY] rejected from [::1]:49714 (total=638)
2026/06/08 11:12:28 [BUSY] rejected from [::1]:49718 (total=639)
2026/06/08 11:12:28 [BUSY] rejected from [::1]:49722 (total=640)
2026/06/08 11:12:28 [BUSY] rejected from [::1]:49736 (total=641)
2026/06/08 11:12:28 [BUSY] rejected from [::1]:49744 (total=642)
2026/06/08 11:12:28 [BUSY] rejected from [::1]:49758 (total=643)
2026/06/08 11:12:28 [BUSY] rejected from [::1]:49764 (total=644)
2026/06/08 11:12:28 [BUSY] rejected from [::1]:49772 (total=645)
2026/06/08 11:12:28 [BUSY] rejected from [::1]:49774 (total=646)
2026/06/08 11:12:28 [BUSY] rejected from [::1]:49780 (total=647)
2026/06/08 11:12:28 [BUSY] rejected from [::1]:49788 (total=648)
2026/06/08 11:12:28 [BUSY] rejected from [::1]:49804 (total=649)
2026/06/08 11:12:28 [BUSY] rejected from [::1]:49812 (total=650)
2026/06/08 11:12:28 [BUSY] rejected from [::1]:49816 (total=651)
2026/06/08 11:12:28 [BUSY] rejected from [::1]:49828 (total=652)
2026/06/08 11:12:28 [BUSY] rejected from [::1]:49842 (total=653)
2026/06/08 11:12:28 [BUSY] rejected from [::1]:49856 (total=654)
2026/06/08 11:12:28 [BUSY] rejected from [::1]:49858 (total=655)
2026/06/08 11:12:28 [BUSY] rejected from [::1]:49870 (total=656)
2026/06/08 11:12:28 [BUSY] rejected from [::1]:49882 (total=657)
2026/06/08 11:12:28 [BUSY] rejected from [::1]:49886 (total=658)
2026/06/08 11:12:28 [BUSY] rejected from [::1]:49898 (total=659)
2026/06/08 11:12:28 [BUSY] rejected from [::1]:49910 (total=660)
2026/06/08 11:12:28 [BUSY] rejected from [::1]:49916 (total=661)
2026/06/08 11:12:28 [BUSY] rejected from [::1]:49922 (total=662)
2026/06/08 11:12:28 [BUSY] rejected from [::1]:49926 (total=663)
2026/06/08 11:12:28 [BUSY] rejected from [::1]:49932 (total=664)
2026/06/08 11:12:28 [BUSY] rejected from [::1]:49938 (total=665)
2026/06/08 11:12:28 [BUSY] rejected from [::1]:49948 (total=666)
2026/06/08 11:12:28 [BUSY] rejected from [::1]:49954 (total=667)
2026/06/08 11:12:28 [BUSY] rejected from [::1]:49958 (total=668)
2026/06/08 11:12:28 [BUSY] rejected from [::1]:49972 (total=669)
2026/06/08 11:12:28 [BUSY] rejected from [::1]:49986 (total=670)
2026/06/08 11:12:28 [BUSY] rejected from [::1]:49994 (total=671)
2026/06/08 11:12:28 [BUSY] rejected from [::1]:50000 (total=672)
2026/06/08 11:12:28 [BUSY] rejected from [::1]:50014 (total=673)
2026/06/08 11:12:28 [BUSY] rejected from [::1]:50018 (total=674)
2026/06/08 11:12:28 [BUSY] rejected from [::1]:50026 (total=675)
2026/06/08 11:12:28 [BUSY] rejected from [::1]:50042 (total=676)
2026/06/08 11:12:28 [BUSY] rejected from [::1]:50044 (total=677)
2026/06/08 11:12:28 [BUSY] rejected from [::1]:50052 (total=678)
2026/06/08 11:12:28 [BUSY] rejected from [::1]:50060 (total=679)
2026/06/08 11:12:28 [BUSY] rejected from [::1]:50074 (total=680)
2026/06/08 11:12:28 [BUSY] rejected from [::1]:50078 (total=681)
2026/06/08 11:12:28 [BUSY] rejected from [::1]:50080 (total=682)
2026/06/08 11:12:28 [BUSY] rejected from [::1]:50090 (total=683)
2026/06/08 11:12:28 [BUSY] rejected from [::1]:50096 (total=684)
2026/06/08 11:12:28 [BUSY] rejected from [::1]:50100 (total=685)
2026/06/08 11:12:28 [BUSY] rejected from [::1]:50102 (total=686)
2026/06/08 11:12:28 [BUSY] rejected from [::1]:50108 (total=687)
2026/06/08 11:12:28 [BUSY] rejected from [::1]:50110 (total=688)
2026/06/08 11:12:28 [BUSY] rejected from [::1]:50122 (total=689)
2026/06/08 11:12:28 [BUSY] rejected from [::1]:50134 (total=690)
2026/06/08 11:12:28 [BUSY] rejected from [::1]:50146 (total=691)
2026/06/08 11:12:28 [BUSY] rejected from [::1]:50152 (total=692)
2026/06/08 11:12:28 [BUSY] rejected from [::1]:50156 (total=693)
2026/06/08 11:12:28 [BUSY] rejected from [::1]:50164 (total=694)
2026/06/08 11:12:28 [BUSY] rejected from [::1]:50172 (total=695)
2026/06/08 11:12:28 [BUSY] rejected from [::1]:50184 (total=696)
2026/06/08 11:12:28 [BUSY] rejected from [::1]:50192 (total=697)
2026/06/08 11:12:28 [BUSY] rejected from [::1]:50206 (total=698)
2026/06/08 11:12:28 [BUSY] rejected from [::1]:50216 (total=699)
2026/06/08 11:12:28 [BUSY] rejected from [::1]:50224 (total=700)
2026/06/08 11:12:28 [BUSY] rejected from [::1]:50234 (total=701)
2026/06/08 11:12:28 [BUSY] rejected from [::1]:50244 (total=702)
2026/06/08 11:12:28 [BUSY] rejected from [::1]:50248 (total=703)
2026/06/08 11:12:28 [BUSY] rejected from [::1]:50264 (total=704)
2026/06/08 11:12:28 [BUSY] rejected from [::1]:50268 (total=705)
2026/06/08 11:12:28 [BUSY] rejected from [::1]:50278 (total=706)
2026/06/08 11:12:28 [BUSY] rejected from [::1]:50292 (total=707)
2026/06/08 11:12:28 [BUSY] rejected from [::1]:50294 (total=708)
2026/06/08 11:12:28 [BUSY] rejected from [::1]:50304 (total=709)
2026/06/08 11:12:28 [BUSY] rejected from [::1]:50310 (total=710)
2026/06/08 11:12:28 [BUSY] rejected from [::1]:50312 (total=711)
2026/06/08 11:12:28 [BUSY] rejected from [::1]:50322 (total=712)
2026/06/08 11:12:28 [BUSY] rejected from [::1]:50326 (total=713)
2026/06/08 11:12:28 [BUSY] rejected from [::1]:50336 (total=714)
2026/06/08 11:12:28 [BUSY] rejected from [::1]:50346 (total=715)
2026/06/08 11:12:28 [BUSY] rejected from [::1]:50350 (total=716)
2026/06/08 11:12:28 [BUSY] rejected from [::1]:50358 (total=717)
2026/06/08 11:12:28 [BUSY] rejected from [::1]:50364 (total=718)
2026/06/08 11:12:28 [BUSY] rejected from [::1]:50372 (total=719)
2026/06/08 11:12:28 [BUSY] rejected from [::1]:50376 (total=720)
2026/06/08 11:12:28 [BUSY] rejected from [::1]:50384 (total=721)
2026/06/08 11:12:28 [BUSY] rejected from [::1]:50390 (total=722)
2026/06/08 11:12:28 [BUSY] rejected from [::1]:50392 (total=723)
2026/06/08 11:12:28 [BUSY] rejected from [::1]:50400 (total=724)
2026/06/08 11:12:28 [BUSY] rejected from [::1]:50412 (total=725)
2026/06/08 11:12:28 [BUSY] rejected from [::1]:50428 (total=726)
2026/06/08 11:12:28 [BUSY] rejected from [::1]:50432 (total=727)
2026/06/08 11:12:28 [BUSY] rejected from [::1]:50440 (total=728)
2026/06/08 11:12:28 [BUSY] rejected from [::1]:50442 (total=729)
2026/06/08 11:12:28 [BUSY] rejected from [::1]:50452 (total=730)
2026/06/08 11:12:28 [BUSY] rejected from [::1]:50456 (total=731)
2026/06/08 11:12:28 [BUSY] rejected from [::1]:50464 (total=732)
2026/06/08 11:12:28 [BUSY] rejected from [::1]:50470 (total=733)
2026/06/08 11:12:28 [BUSY] rejected from [::1]:50482 (total=734)
2026/06/08 11:12:28 [BUSY] rejected from [::1]:50486 (total=735)
2026/06/08 11:12:28 [BUSY] rejected from [::1]:50502 (total=736)
2026/06/08 11:12:28 [BUSY] rejected from [::1]:50508 (total=737)
2026/06/08 11:12:28 [BUSY] rejected from [::1]:50520 (total=738)
2026/06/08 11:12:28 [BUSY] rejected from [::1]:50522 (total=739)
2026/06/08 11:12:28 [BUSY] rejected from [::1]:50524 (total=740)
2026/06/08 11:12:28 [BUSY] rejected from [::1]:50540 (total=741)
2026/06/08 11:12:28 [BUSY] rejected from [::1]:50548 (total=742)
2026/06/08 11:12:28 [BUSY] rejected from [::1]:50550 (total=743)
2026/06/08 11:12:28 [BUSY] rejected from [::1]:50564 (total=744)
2026/06/08 11:12:28 [BUSY] rejected from [::1]:50580 (total=745)
2026/06/08 11:12:28 [BUSY] rejected from [::1]:50594 (total=746)
2026/06/08 11:12:28 [BUSY] rejected from [::1]:50606 (total=747)
2026/06/08 11:12:28 [BUSY] rejected from [::1]:50616 (total=748)
2026/06/08 11:12:28 [BUSY] rejected from [::1]:50622 (total=749)
2026/06/08 11:12:28 [BUSY] rejected from [::1]:50636 (total=750)
2026/06/08 11:12:28 [BUSY] rejected from [::1]:50644 (total=751)
2026/06/08 11:12:28 [BUSY] rejected from [::1]:50660 (total=752)
2026/06/08 11:12:28 [BUSY] rejected from [::1]:50666 (total=753)
2026/06/08 11:12:28 [BUSY] rejected from [::1]:50678 (total=754)
2026/06/08 11:12:28 [BUSY] rejected from [::1]:50690 (total=755)
2026/06/08 11:12:28 [BUSY] rejected from [::1]:50696 (total=756)
2026/06/08 11:12:28 [BUSY] rejected from [::1]:50706 (total=757)
2026/06/08 11:12:28 [BUSY] rejected from [::1]:50722 (total=758)
2026/06/08 11:12:28 [BUSY] rejected from [::1]:50736 (total=759)
2026/06/08 11:12:28 [BUSY] rejected from [::1]:50750 (total=760)
2026/06/08 11:12:28 [BUSY] rejected from [::1]:50760 (total=761)
2026/06/08 11:12:28 [BUSY] rejected from [::1]:50776 (total=762)
2026/06/08 11:12:28 [BUSY] rejected from [::1]:50778 (total=763)
2026/06/08 11:12:28 [BUSY] rejected from [::1]:50794 (total=764)
2026/06/08 11:12:28 [BUSY] rejected from [::1]:50804 (total=765)
2026/06/08 11:12:28 [BUSY] rejected from [::1]:50812 (total=766)
2026/06/08 11:12:28 [BUSY] rejected from [::1]:50814 (total=767)
2026/06/08 11:12:28 [BUSY] rejected from [::1]:50820 (total=768)
2026/06/08 11:12:28 [BUSY] rejected from [::1]:50824 (total=769)
2026/06/08 11:12:28 [BUSY] rejected from [::1]:50828 (total=770)
2026/06/08 11:12:28 [BUSY] rejected from [::1]:50844 (total=771)
2026/06/08 11:12:28 [BUSY] rejected from [::1]:50848 (total=772)
2026/06/08 11:12:28 [BUSY] rejected from [::1]:50854 (total=773)
2026/06/08 11:12:28 [BUSY] rejected from [::1]:50860 (total=774)
2026/06/08 11:12:28 [BUSY] rejected from [::1]:50874 (total=775)
2026/06/08 11:12:28 [BUSY] rejected from [::1]:50888 (total=776)
2026/06/08 11:12:28 [BUSY] rejected from [::1]:50890 (total=777)
2026/06/08 11:12:28 [BUSY] rejected from [::1]:50896 (total=778)
2026/06/08 11:12:28 [BUSY] rejected from [::1]:50906 (total=779)
2026/06/08 11:12:28 [BUSY] rejected from [::1]:50910 (total=780)
2026/06/08 11:12:28 [BUSY] rejected from [::1]:50926 (total=781)
2026/06/08 11:12:28 [BUSY] rejected from [::1]:50932 (total=782)
2026/06/08 11:12:28 [BUSY] rejected from [::1]:50946 (total=783)
2026/06/08 11:12:28 [BUSY] rejected from [::1]:50962 (total=784)
2026/06/08 11:12:28 [BUSY] rejected from [::1]:50970 (total=785)
2026/06/08 11:12:28 [BUSY] rejected from [::1]:50980 (total=786)
2026/06/08 11:12:28 [BUSY] rejected from [::1]:50988 (total=787)
2026/06/08 11:12:28 [BUSY] rejected from [::1]:51000 (total=788)
2026/06/08 11:12:28 [BUSY] rejected from [::1]:51012 (total=789)
2026/06/08 11:12:28 [BUSY] rejected from [::1]:51016 (total=790)
2026/06/08 11:12:28 [BUSY] rejected from [::1]:51022 (total=791)
2026/06/08 11:12:28 [BUSY] rejected from [::1]:51036 (total=792)
2026/06/08 11:12:28 [BUSY] rejected from [::1]:51040 (total=793)
2026/06/08 11:12:28 [BUSY] rejected from [::1]:51054 (total=794)
2026/06/08 11:12:28 [BUSY] rejected from [::1]:51058 (total=795)
2026/06/08 11:12:28 [BUSY] rejected from [::1]:51064 (total=796)
2026/06/08 11:12:28 [BUSY] rejected from [::1]:51066 (total=797)
2026/06/08 11:12:28 [BUSY] rejected from [::1]:51082 (total=798)
2026/06/08 11:12:28 [BUSY] rejected from [::1]:51084 (total=799)
2026/06/08 11:12:28 [BUSY] rejected from [::1]:51088 (total=800)
2026/06/08 11:12:28 [BUSY] rejected from [::1]:51100 (total=801)
2026/06/08 11:12:28 [BUSY] rejected from [::1]:51102 (total=802)
2026/06/08 11:12:28 [BUSY] rejected from [::1]:51116 (total=803)
2026/06/08 11:12:28 [BUSY] rejected from [::1]:51124 (total=804)
2026/06/08 11:12:28 [BUSY] rejected from [::1]:51130 (total=805)
2026/06/08 11:12:28 [BUSY] rejected from [::1]:51142 (total=806)
2026/06/08 11:12:28 [BUSY] rejected from [::1]:51150 (total=807)
2026/06/08 11:12:28 [BUSY] rejected from [::1]:51160 (total=808)
2026/06/08 11:12:28 [BUSY] rejected from [::1]:51170 (total=809)
2026/06/08 11:12:28 [BUSY] rejected from [::1]:51178 (total=810)
2026/06/08 11:12:28 [BUSY] rejected from [::1]:51190 (total=811)
2026/06/08 11:12:28 [BUSY] rejected from [::1]:51204 (total=812)
2026/06/08 11:12:28 [BUSY] rejected from [::1]:51212 (total=813)
2026/06/08 11:12:28 [BUSY] rejected from [::1]:51216 (total=814)
2026/06/08 11:12:28 [BUSY] rejected from [::1]:51220 (total=815)
2026/06/08 11:12:28 [BUSY] rejected from [::1]:51226 (total=816)
2026/06/08 11:12:28 [BUSY] rejected from [::1]:51230 (total=817)
2026/06/08 11:12:28 [BUSY] rejected from [::1]:51238 (total=818)
2026/06/08 11:12:28 [BUSY] rejected from [::1]:51240 (total=819)
2026/06/08 11:12:28 [BUSY] rejected from [::1]:51244 (total=820)
2026/06/08 11:12:28 [BUSY] rejected from [::1]:51258 (total=821)
2026/06/08 11:12:28 [BUSY] rejected from [::1]:51266 (total=822)
2026/06/08 11:12:28 [BUSY] rejected from [::1]:51282 (total=823)
2026/06/08 11:12:28 [BUSY] rejected from [::1]:51288 (total=824)
2026/06/08 11:12:28 [BUSY] rejected from [::1]:51292 (total=825)
2026/06/08 11:12:28 [BUSY] rejected from [::1]:51294 (total=826)
2026/06/08 11:12:28 [BUSY] rejected from [::1]:51302 (total=827)
2026/06/08 11:12:28 [BUSY] rejected from [::1]:51316 (total=828)
2026/06/08 11:12:28 [BUSY] rejected from [::1]:51328 (total=829)
2026/06/08 11:12:28 [BUSY] rejected from [::1]:51338 (total=830)
2026/06/08 11:12:28 [BUSY] rejected from [::1]:51354 (total=831)
2026/06/08 11:12:28 [BUSY] rejected from [::1]:51362 (total=832)
2026/06/08 11:12:28 [BUSY] rejected from [::1]:51364 (total=833)
2026/06/08 11:12:28 [BUSY] rejected from [::1]:51378 (total=834)
2026/06/08 11:12:28 [BUSY] rejected from [::1]:51380 (total=835)
2026/06/08 11:12:28 [BUSY] rejected from [::1]:51394 (total=836)
2026/06/08 11:12:28 [BUSY] rejected from [::1]:51396 (total=837)
2026/06/08 11:12:28 [BUSY] rejected from [::1]:51406 (total=838)
2026/06/08 11:12:28 [BUSY] rejected from [::1]:51418 (total=839)
2026/06/08 11:12:28 [BUSY] rejected from [::1]:51420 (total=840)
2026/06/08 11:12:28 [BUSY] rejected from [::1]:51422 (total=841)
2026/06/08 11:12:28 [BUSY] rejected from [::1]:51424 (total=842)
2026/06/08 11:12:28 [BUSY] rejected from [::1]:51432 (total=843)
2026/06/08 11:12:28 [BUSY] rejected from [::1]:51436 (total=844)
2026/06/08 11:12:28 [BUSY] rejected from [::1]:51450 (total=845)
2026/06/08 11:12:28 [BUSY] rejected from [::1]:51456 (total=846)
2026/06/08 11:12:28 [BUSY] rejected from [::1]:51470 (total=847)
2026/06/08 11:12:28 [BUSY] rejected from [::1]:51472 (total=848)
2026/06/08 11:12:28 [BUSY] rejected from [::1]:51474 (total=849)
2026/06/08 11:12:28 [BUSY] rejected from [::1]:51482 (total=850)
2026/06/08 11:12:28 [BUSY] rejected from [::1]:51494 (total=851)
2026/06/08 11:12:28 [BUSY] rejected from [::1]:51510 (total=852)
2026/06/08 11:12:28 [BUSY] rejected from [::1]:51516 (total=853)
2026/06/08 11:12:28 [BUSY] rejected from [::1]:51526 (total=854)
2026/06/08 11:12:28 [BUSY] rejected from [::1]:51534 (total=855)
2026/06/08 11:12:28 [BUSY] rejected from [::1]:51550 (total=856)
2026/06/08 11:12:28 [BUSY] rejected from [::1]:51552 (total=857)
2026/06/08 11:12:28 [BUSY] rejected from [::1]:51562 (total=858)
2026/06/08 11:12:28 [BUSY] rejected from [::1]:51572 (total=859)
2026/06/08 11:12:28 [BUSY] rejected from [::1]:51578 (total=860)
2026/06/08 11:12:28 [BUSY] rejected from [::1]:51592 (total=861)
2026/06/08 11:12:28 [BUSY] rejected from [::1]:51600 (total=862)
2026/06/08 11:12:28 [BUSY] rejected from [::1]:51602 (total=863)
2026/06/08 11:12:28 [BUSY] rejected from [::1]:51606 (total=864)
2026/06/08 11:12:28 [BUSY] rejected from [::1]:51608 (total=865)
2026/06/08 11:12:28 [BUSY] rejected from [::1]:51614 (total=866)
2026/06/08 11:12:28 [BUSY] rejected from [::1]:51624 (total=867)
2026/06/08 11:12:28 [BUSY] rejected from [::1]:51636 (total=868)
2026/06/08 11:12:28 [BUSY] rejected from [::1]:51650 (total=869)
2026/06/08 11:12:28 [BUSY] rejected from [::1]:51666 (total=870)
2026/06/08 11:12:28 [BUSY] rejected from [::1]:51668 (total=871)
2026/06/08 11:12:28 [BUSY] rejected from [::1]:51670 (total=872)
2026/06/08 11:12:28 [BUSY] rejected from [::1]:51674 (total=873)
2026/06/08 11:12:28 [BUSY] rejected from [::1]:51682 (total=874)
2026/06/08 11:12:28 [BUSY] rejected from [::1]:51686 (total=875)
2026/06/08 11:12:28 [BUSY] rejected from [::1]:51692 (total=876)
2026/06/08 11:12:28 [BUSY] rejected from [::1]:51700 (total=877)
2026/06/08 11:12:28 [BUSY] rejected from [::1]:51716 (total=878)
2026/06/08 11:12:28 [BUSY] rejected from [::1]:51730 (total=879)
2026/06/08 11:12:28 [BUSY] rejected from [::1]:51742 (total=880)
2026/06/08 11:12:28 [BUSY] rejected from [::1]:51758 (total=881)
2026/06/08 11:12:28 [BUSY] rejected from [::1]:51770 (total=882)
2026/06/08 11:12:28 [BUSY] rejected from [::1]:51784 (total=883)
2026/06/08 11:12:28 [BUSY] rejected from [::1]:51788 (total=884)
2026/06/08 11:12:28 [BUSY] rejected from [::1]:51804 (total=885)
2026/06/08 11:12:28 [BUSY] rejected from [::1]:51816 (total=886)
2026/06/08 11:12:28 [BUSY] rejected from [::1]:51820 (total=887)
2026/06/08 11:12:28 [BUSY] rejected from [::1]:51830 (total=888)
2026/06/08 11:12:28 [BUSY] rejected from [::1]:51834 (total=889)
2026/06/08 11:12:28 [BUSY] rejected from [::1]:51846 (total=890)
2026/06/08 11:12:28 [BUSY] rejected from [::1]:51852 (total=891)
2026/06/08 11:12:28 [BUSY] rejected from [::1]:51856 (total=892)
2026/06/08 11:12:28 [BUSY] rejected from [::1]:51872 (total=893)
2026/06/08 11:12:28 [BUSY] rejected from [::1]:51888 (total=894)
2026/06/08 11:12:28 [BUSY] rejected from [::1]:51900 (total=895)
2026/06/08 11:12:28 [BUSY] rejected from [::1]:51908 (total=896)
2026/06/08 11:12:28 [BUSY] rejected from [::1]:51912 (total=897)
2026/06/08 11:12:28 [BUSY] rejected from [::1]:51918 (total=898)
2026/06/08 11:12:28 [BUSY] rejected from [::1]:51922 (total=899)
2026/06/08 11:12:28 [BUSY] rejected from [::1]:51926 (total=900)
2026/06/08 11:12:28 [BUSY] rejected from [::1]:51942 (total=901)
2026/06/08 11:12:28 [BUSY] rejected from [::1]:51944 (total=902)
2026/06/08 11:12:28 [BUSY] rejected from [::1]:51956 (total=903)
2026/06/08 11:12:28 [BUSY] rejected from [::1]:51968 (total=904)
2026/06/08 11:12:28 [BUSY] rejected from [::1]:51984 (total=905)
2026/06/08 11:12:28 [BUSY] rejected from [::1]:51992 (total=906)
2026/06/08 11:12:28 [BUSY] rejected from [::1]:52002 (total=907)
2026/06/08 11:12:28 [BUSY] rejected from [::1]:52014 (total=908)
2026/06/08 11:12:28 [BUSY] rejected from [::1]:52022 (total=909)
2026/06/08 11:12:28 [BUSY] rejected from [::1]:52032 (total=910)
2026/06/08 11:12:28 [BUSY] rejected from [::1]:52044 (total=911)
2026/06/08 11:12:28 [BUSY] rejected from [::1]:52056 (total=912)
2026/06/08 11:12:28 [BUSY] rejected from [::1]:52064 (total=913)
2026/06/08 11:12:28 [BUSY] rejected from [::1]:52080 (total=914)
2026/06/08 11:12:28 [BUSY] rejected from [::1]:52082 (total=915)
2026/06/08 11:12:28 [BUSY] rejected from [::1]:52088 (total=916)
2026/06/08 11:12:28 [BUSY] rejected from [::1]:52104 (total=917)
2026/06/08 11:12:28 [BUSY] rejected from [::1]:52112 (total=918)
2026/06/08 11:12:28 [BUSY] rejected from [::1]:52128 (total=919)
2026/06/08 11:12:28 [BUSY] rejected from [::1]:52136 (total=920)
2026/06/08 11:12:28 [BUSY] rejected from [::1]:52152 (total=921)
2026/06/08 11:12:28 [BUSY] rejected from [::1]:52160 (total=922)
2026/06/08 11:12:28 [BUSY] rejected from [::1]:52164 (total=923)
2026/06/08 11:12:28 [BUSY] rejected from [::1]:52174 (total=924)
2026/06/08 11:12:28 [BUSY] rejected from [::1]:52188 (total=925)
2026/06/08 11:12:28 [BUSY] rejected from [::1]:52204 (total=926)
2026/06/08 11:12:28 [BUSY] rejected from [::1]:52210 (total=927)
2026/06/08 11:12:28 [BUSY] rejected from [::1]:52220 (total=928)
2026/06/08 11:12:28 [BUSY] rejected from [::1]:52236 (total=929)
2026/06/08 11:12:28 [BUSY] rejected from [::1]:52250 (total=930)
2026/06/08 11:12:28 [BUSY] rejected from [::1]:52266 (total=931)
2026/06/08 11:12:28 [BUSY] rejected from [::1]:52278 (total=932)
2026/06/08 11:12:28 [BUSY] rejected from [::1]:52284 (total=933)
2026/06/08 11:12:28 [BUSY] rejected from [::1]:52296 (total=934)
2026/06/08 11:12:28 [BUSY] rejected from [::1]:52312 (total=935)
2026/06/08 11:12:28 [BUSY] rejected from [::1]:52318 (total=936)
2026/06/08 11:12:28 [BUSY] rejected from [::1]:52334 (total=937)
2026/06/08 11:12:28 [BUSY] rejected from [::1]:52340 (total=938)
2026/06/08 11:12:28 [BUSY] rejected from [::1]:52344 (total=939)
2026/06/08 11:12:28 [BUSY] rejected from [::1]:52352 (total=940)
2026/06/08 11:12:28 [BUSY] rejected from [::1]:52354 (total=941)
2026/06/08 11:12:28 [BUSY] rejected from [::1]:52362 (total=942)
2026/06/08 11:12:28 [BUSY] rejected from [::1]:52376 (total=943)
2026/06/08 11:12:28 [BUSY] rejected from [::1]:52386 (total=944)
2026/06/08 11:12:28 [BUSY] rejected from [::1]:52394 (total=945)
2026/06/08 11:12:28 [BUSY] rejected from [::1]:52400 (total=946)
2026/06/08 11:12:28 [BUSY] rejected from [::1]:52406 (total=947)
2026/06/08 11:12:28 [BUSY] rejected from [::1]:52416 (total=948)
2026/06/08 11:12:28 [BUSY] rejected from [::1]:52420 (total=949)
2026/06/08 11:12:28 [BUSY] rejected from [::1]:52428 (total=950)
2026/06/08 11:12:28 [BUSY] rejected from [::1]:52432 (total=951)
2026/06/08 11:12:28 [BUSY] rejected from [::1]:52444 (total=952)
2026/06/08 11:12:28 [BUSY] rejected from [::1]:52450 (total=953)
2026/06/08 11:12:28 [BUSY] rejected from [::1]:52458 (total=954)
2026/06/08 11:12:28 [BUSY] rejected from [::1]:52474 (total=955)
2026/06/08 11:12:28 [BUSY] rejected from [::1]:52478 (total=956)
2026/06/08 11:12:28 [BUSY] rejected from [::1]:52482 (total=957)
2026/06/08 11:12:28 [BUSY] rejected from [::1]:52494 (total=958)
2026/06/08 11:12:28 [BUSY] rejected from [::1]:52506 (total=959)
2026/06/08 11:12:28 [BUSY] rejected from [::1]:52516 (total=960)
2026/06/08 11:12:28 [BUSY] rejected from [::1]:52518 (total=961)
2026/06/08 11:12:28 [BUSY] rejected from [::1]:52524 (total=962)
2026/06/08 11:12:28 [BUSY] rejected from [::1]:52540 (total=963)
2026/06/08 11:12:28 [BUSY] rejected from [::1]:52544 (total=964)
2026/06/08 11:12:28 [BUSY] rejected from [::1]:52556 (total=965)
2026/06/08 11:12:28 [BUSY] rejected from [::1]:52558 (total=966)
2026/06/08 11:12:28 [BUSY] rejected from [::1]:52574 (total=967)
2026/06/08 11:12:28 [BUSY] rejected from [::1]:52584 (total=968)
2026/06/08 11:12:28 [BUSY] rejected from [::1]:52590 (total=969)
2026/06/08 11:12:28 [BUSY] rejected from [::1]:52604 (total=970)
2026/06/08 11:12:28 [BUSY] rejected from [::1]:52610 (total=971)
2026/06/08 11:12:28 [BUSY] rejected from [::1]:52614 (total=972)
2026/06/08 11:12:28 [BUSY] rejected from [::1]:52622 (total=973)
2026/06/08 11:12:28 [BUSY] rejected from [::1]:52624 (total=974)
2026/06/08 11:12:28 [BUSY] rejected from [::1]:52626 (total=975)
2026/06/08 11:12:28 [BUSY] rejected from [::1]:52632 (total=976)
2026/06/08 11:12:28 [BUSY] rejected from [::1]:52638 (total=977)
2026/06/08 11:12:28 [BUSY] rejected from [::1]:52654 (total=978)
2026/06/08 11:12:28 [BUSY] rejected from [::1]:52660 (total=979)
2026/06/08 11:12:28 [BUSY] rejected from [::1]:52666 (total=980)
2026/06/08 11:12:28 [BUSY] rejected from [::1]:52680 (total=981)
2026/06/08 11:12:28 [BUSY] rejected from [::1]:52692 (total=982)
2026/06/08 11:12:28 [BUSY] rejected from [::1]:52704 (total=983)
2026/06/08 11:12:28 [BUSY] rejected from [::1]:52720 (total=984)
2026/06/08 11:12:28 [BUSY] rejected from [::1]:52736 (total=985)
2026/06/08 11:12:28 [BUSY] rejected from [::1]:52744 (total=986)
2026/06/08 11:12:28 [BUSY] rejected from [::1]:52756 (total=987)
2026/06/08 11:12:28 [BUSY] rejected from [::1]:52772 (total=988)
2026/06/08 11:12:28 [BUSY] rejected from [::1]:52784 (total=989)
2026/06/08 11:12:28 [BUSY] rejected from [::1]:52798 (total=990)
2026/06/08 11:12:28 [BUSY] rejected from [::1]:52814 (total=991)
2026/06/08 11:12:28 [BUSY] rejected from [::1]:52816 (total=992)
2026/06/08 11:12:28 [BUSY] rejected from [::1]:52830 (total=993)
2026/06/08 11:12:28 [BUSY] rejected from [::1]:52846 (total=994)
2026/06/08 11:12:28 [BUSY] rejected from [::1]:52854 (total=995)
2026/06/08 11:12:28 [BUSY] rejected from [::1]:52856 (total=996)
2026/06/08 11:12:28 [BUSY] rejected from [::1]:52858 (total=997)
2026/06/08 11:12:28 [BUSY] rejected from [::1]:52874 (total=998)
2026/06/08 11:12:28 [BUSY] rejected from [::1]:52888 (total=999)
2026/06/08 11:12:28 [BUSY] rejected from [::1]:52892 (total=1000)
2026/06/08 11:12:28 [BUSY] rejected from [::1]:52896 (total=1001)
2026/06/08 11:12:28 [BUSY] rejected from [::1]:52908 (total=1002)
2026/06/08 11:12:28 [BUSY] rejected from [::1]:52912 (total=1003)
2026/06/08 11:12:28 [BUSY] rejected from [::1]:52928 (total=1004)
2026/06/08 11:12:28 [BUSY] rejected from [::1]:52936 (total=1005)
2026/06/08 11:12:28 [BUSY] rejected from [::1]:52946 (total=1006)
2026/06/08 11:12:28 [BUSY] rejected from [::1]:52960 (total=1007)
2026/06/08 11:12:28 [BUSY] rejected from [::1]:52972 (total=1008)
2026/06/08 11:12:28 [BUSY] rejected from [::1]:52984 (total=1009)
2026/06/08 11:12:28 [BUSY] rejected from [::1]:52996 (total=1010)
2026/06/08 11:12:28 [BUSY] rejected from [::1]:53008 (total=1011)
2026/06/08 11:12:28 [BUSY] rejected from [::1]:53016 (total=1012)
2026/06/08 11:12:28 [BUSY] rejected from [::1]:53022 (total=1013)
2026/06/08 11:12:28 [BUSY] rejected from [::1]:53028 (total=1014)
2026/06/08 11:12:28 [BUSY] rejected from [::1]:53030 (total=1015)
2026/06/08 11:12:28 [BUSY] rejected from [::1]:53038 (total=1016)
2026/06/08 11:12:28 [BUSY] rejected from [::1]:53040 (total=1017)
2026/06/08 11:12:28 [BUSY] rejected from [::1]:53044 (total=1018)
2026/06/08 11:12:28 [BUSY] rejected from [::1]:53060 (total=1019)
2026/06/08 11:12:28 [BUSY] rejected from [::1]:53070 (total=1020)
2026/06/08 11:12:28 [BUSY] rejected from [::1]:53074 (total=1021)
2026/06/08 11:12:28 [BUSY] rejected from [::1]:53082 (total=1022)
2026/06/08 11:12:28 [BUSY] rejected from [::1]:53098 (total=1023)
2026/06/08 11:12:28 [BUSY] rejected from [::1]:53104 (total=1024)
2026/06/08 11:12:28 [BUSY] rejected from [::1]:53114 (total=1025)
2026/06/08 11:12:28 [BUSY] rejected from [::1]:53126 (total=1026)
2026/06/08 11:12:28 [BUSY] rejected from [::1]:53134 (total=1027)
2026/06/08 11:12:28 [BUSY] rejected from [::1]:53144 (total=1028)
2026/06/08 11:12:28 [BUSY] rejected from [::1]:53152 (total=1029)
2026/06/08 11:12:28 [BUSY] rejected from [::1]:53158 (total=1030)
2026/06/08 11:12:28 [BUSY] rejected from [::1]:53162 (total=1031)
2026/06/08 11:12:28 [BUSY] rejected from [::1]:53176 (total=1032)
2026/06/08 11:12:28 [BUSY] rejected from [::1]:53192 (total=1033)
2026/06/08 11:12:28 [BUSY] rejected from [::1]:53206 (total=1034)
2026/06/08 11:12:28 [BUSY] rejected from [::1]:53208 (total=1035)
2026/06/08 11:12:28 [BUSY] rejected from [::1]:53218 (total=1036)
2026/06/08 11:12:28 [BUSY] rejected from [::1]:53226 (total=1037)
2026/06/08 11:12:28 [BUSY] rejected from [::1]:53240 (total=1038)
2026/06/08 11:12:28 [BUSY] rejected from [::1]:53256 (total=1039)
2026/06/08 11:12:28 [BUSY] rejected from [::1]:53264 (total=1040)
2026/06/08 11:12:28 [BUSY] rejected from [::1]:53276 (total=1041)
2026/06/08 11:12:28 [BUSY] rejected from [::1]:53290 (total=1042)
2026/06/08 11:12:28 [BUSY] rejected from [::1]:53304 (total=1043)
2026/06/08 11:12:28 [BUSY] rejected from [::1]:53308 (total=1044)
2026/06/08 11:12:28 [BUSY] rejected from [::1]:53322 (total=1045)
2026/06/08 11:12:28 [BUSY] rejected from [::1]:53332 (total=1046)
2026/06/08 11:12:28 [BUSY] rejected from [::1]:53348 (total=1047)
2026/06/08 11:12:28 [BUSY] rejected from [::1]:53356 (total=1048)
2026/06/08 11:12:28 [BUSY] rejected from [::1]:53372 (total=1049)
2026/06/08 11:12:28 [BUSY] rejected from [::1]:53374 (total=1050)
2026/06/08 11:12:28 [BUSY] rejected from [::1]:53388 (total=1051)
2026/06/08 11:12:28 [BUSY] rejected from [::1]:53404 (total=1052)
2026/06/08 11:12:28 [BUSY] rejected from [::1]:53418 (total=1053)
2026/06/08 11:12:28 [BUSY] rejected from [::1]:53434 (total=1054)
2026/06/08 11:12:28 [BUSY] rejected from [::1]:53450 (total=1055)
2026/06/08 11:12:28 [BUSY] rejected from [::1]:53460 (total=1056)
2026/06/08 11:12:28 [BUSY] rejected from [::1]:53468 (total=1057)
2026/06/08 11:12:28 [BUSY] rejected from [::1]:53480 (total=1058)
2026/06/08 11:12:28 [BUSY] rejected from [::1]:53490 (total=1059)
2026/06/08 11:12:28 [BUSY] rejected from [::1]:53494 (total=1060)
2026/06/08 11:12:28 [BUSY] rejected from [::1]:53504 (total=1061)
2026/06/08 11:12:28 [BUSY] rejected from [::1]:53520 (total=1062)
2026/06/08 11:12:28 [BUSY] rejected from [::1]:53536 (total=1063)
2026/06/08 11:12:28 [BUSY] rejected from [::1]:53552 (total=1064)
2026/06/08 11:12:28 [BUSY] rejected from [::1]:53562 (total=1065)
2026/06/08 11:12:28 [BUSY] rejected from [::1]:53566 (total=1066)
2026/06/08 11:12:28 [BUSY] rejected from [::1]:53574 (total=1067)
2026/06/08 11:12:28 [BUSY] rejected from [::1]:53576 (total=1068)
2026/06/08 11:12:28 [conn 111] disconnected
2026/06/08 11:12:28 [conn 116] connected from [::1]:49478
2026/06/08 11:12:28 [conn 116] received: Hello from worker 0, package 5, time: 1780897348659283318
2026/06/08 11:12:28 [BUSY] rejected from [::1]:53580 (total=1069)
2026/06/08 11:12:28 [conn 112] disconnected
2026/06/08 11:12:28 [conn 117] connected from [::1]:49490
2026/06/08 11:12:28 [conn 117] received: Hello from worker 0, package 6, time: 1780897348659607506
2026/06/08 11:12:28 [conn 113] disconnected
2026/06/08 11:12:28 [conn 118] connected from [::1]:49504
2026/06/08 11:12:28 [conn 118] received: Hello from worker 0, package 7, time: 1780897348659819304
2026/06/08 11:12:28 [conn 114] disconnected
2026/06/08 11:12:28 [conn 115] disconnected
2026/06/08 11:12:28 [conn 120] connected from [::1]:49534
2026/06/08 11:12:28 [conn 120] received: Hello from worker 0, package 9, time: 1780897348660241075
2026/06/08 11:12:28 [conn 119] connected from [::1]:49520
2026/06/08 11:12:28 [conn 119] received: Hello from worker 0, package 8, time: 1780897348660037713
2026/06/08 11:12:28 [BUSY] rejected from [::1]:53624 (total=1070)
2026/06/08 11:12:28 [BUSY] rejected from [::1]:53632 (total=1071)
2026/06/08 11:12:28 [BUSY] rejected from [::1]:53642 (total=1072)
2026/06/08 11:12:28 [BUSY] rejected from [::1]:53654 (total=1073)
2026/06/08 11:12:28 [BUSY] rejected from [::1]:53656 (total=1074)
2026/06/08 11:12:28 [BUSY] rejected from [::1]:53670 (total=1075)
2026/06/08 11:12:28 [BUSY] rejected from [::1]:53678 (total=1076)
2026/06/08 11:12:28 [BUSY] rejected from [::1]:53680 (total=1077)
2026/06/08 11:12:28 [BUSY] rejected from [::1]:53682 (total=1078)
2026/06/08 11:12:28 [BUSY] rejected from [::1]:53686 (total=1079)
2026/06/08 11:12:28 [BUSY] rejected from [::1]:53688 (total=1080)
2026/06/08 11:12:28 [BUSY] rejected from [::1]:53704 (total=1081)
2026/06/08 11:12:28 [BUSY] rejected from [::1]:53710 (total=1082)
2026/06/08 11:12:28 [BUSY] rejected from [::1]:53718 (total=1083)
2026/06/08 11:12:28 [BUSY] rejected from [::1]:53722 (total=1084)
2026/06/08 11:12:28 [BUSY] rejected from [::1]:53726 (total=1085)
2026/06/08 11:12:28 [BUSY] rejected from [::1]:53738 (total=1086)
2026/06/08 11:12:28 [BUSY] rejected from [::1]:53750 (total=1087)
2026/06/08 11:12:28 [BUSY] rejected from [::1]:53764 (total=1088)
2026/06/08 11:12:28 [BUSY] rejected from [::1]:53768 (total=1089)
2026/06/08 11:12:28 [BUSY] rejected from [::1]:53778 (total=1090)
2026/06/08 11:12:28 [BUSY] rejected from [::1]:53786 (total=1091)
2026/06/08 11:12:28 [BUSY] rejected from [::1]:53800 (total=1092)
2026/06/08 11:12:28 [BUSY] rejected from [::1]:53812 (total=1093)
2026/06/08 11:12:28 [BUSY] rejected from [::1]:53814 (total=1094)
2026/06/08 11:12:28 [BUSY] rejected from [::1]:53822 (total=1095)
2026/06/08 11:12:28 [BUSY] rejected from [::1]:53826 (total=1096)
2026/06/08 11:12:28 [BUSY] rejected from [::1]:53838 (total=1097)
2026/06/08 11:12:28 [BUSY] rejected from [::1]:53854 (total=1098)
2026/06/08 11:12:28 [BUSY] rejected from [::1]:53866 (total=1099)
2026/06/08 11:12:28 [BUSY] rejected from [::1]:53872 (total=1100)
2026/06/08 11:12:28 [BUSY] rejected from [::1]:53886 (total=1101)
2026/06/08 11:12:28 [BUSY] rejected from [::1]:53892 (total=1102)
2026/06/08 11:12:28 [BUSY] rejected from [::1]:53904 (total=1103)
2026/06/08 11:12:28 [BUSY] rejected from [::1]:53916 (total=1104)
2026/06/08 11:12:28 [BUSY] rejected from [::1]:53922 (total=1105)
2026/06/08 11:12:28 [BUSY] rejected from [::1]:53926 (total=1106)
2026/06/08 11:12:28 [BUSY] rejected from [::1]:53930 (total=1107)
2026/06/08 11:12:28 [BUSY] rejected from [::1]:53944 (total=1108)
2026/06/08 11:12:28 [BUSY] rejected from [::1]:53946 (total=1109)
2026/06/08 11:12:28 [BUSY] rejected from [::1]:53954 (total=1110)
2026/06/08 11:12:28 [BUSY] rejected from [::1]:53956 (total=1111)
2026/06/08 11:12:28 [BUSY] rejected from [::1]:53958 (total=1112)
2026/06/08 11:12:28 [BUSY] rejected from [::1]:53960 (total=1113)
2026/06/08 11:12:28 [BUSY] rejected from [::1]:53966 (total=1114)
2026/06/08 11:12:28 [BUSY] rejected from [::1]:53974 (total=1115)
2026/06/08 11:12:28 [BUSY] rejected from [::1]:53984 (total=1116)
2026/06/08 11:12:28 [BUSY] rejected from [::1]:53992 (total=1117)
2026/06/08 11:12:28 [BUSY] rejected from [::1]:53998 (total=1118)
2026/06/08 11:12:28 [BUSY] rejected from [::1]:54000 (total=1119)
2026/06/08 11:12:28 [BUSY] rejected from [::1]:54002 (total=1120)
2026/06/08 11:12:28 [BUSY] rejected from [::1]:54010 (total=1121)
2026/06/08 11:12:28 [BUSY] rejected from [::1]:54026 (total=1122)
2026/06/08 11:12:28 [BUSY] rejected from [::1]:54032 (total=1123)
2026/06/08 11:12:28 [BUSY] rejected from [::1]:54042 (total=1124)
2026/06/08 11:12:28 [BUSY] rejected from [::1]:54048 (total=1125)
2026/06/08 11:12:28 [BUSY] rejected from [::1]:54060 (total=1126)
2026/06/08 11:12:28 [BUSY] rejected from [::1]:54072 (total=1127)
2026/06/08 11:12:28 [BUSY] rejected from [::1]:54088 (total=1128)
2026/06/08 11:12:28 [BUSY] rejected from [::1]:54094 (total=1129)
2026/06/08 11:12:28 [BUSY] rejected from [::1]:54098 (total=1130)
2026/06/08 11:12:28 [BUSY] rejected from [::1]:54112 (total=1131)
2026/06/08 11:12:28 [BUSY] rejected from [::1]:54114 (total=1132)
2026/06/08 11:12:28 [BUSY] rejected from [::1]:54128 (total=1133)
2026/06/08 11:12:28 [BUSY] rejected from [::1]:54130 (total=1134)
2026/06/08 11:12:28 [BUSY] rejected from [::1]:54132 (total=1135)
2026/06/08 11:12:28 [BUSY] rejected from [::1]:54142 (total=1136)
2026/06/08 11:12:28 [BUSY] rejected from [::1]:54144 (total=1137)
2026/06/08 11:12:28 [BUSY] rejected from [::1]:54146 (total=1138)
2026/06/08 11:12:28 [BUSY] rejected from [::1]:54156 (total=1139)
2026/06/08 11:12:28 [BUSY] rejected from [::1]:54166 (total=1140)
2026/06/08 11:12:28 [BUSY] rejected from [::1]:54180 (total=1141)
2026/06/08 11:12:28 [BUSY] rejected from [::1]:54186 (total=1142)
2026/06/08 11:12:28 [BUSY] rejected from [::1]:54192 (total=1143)
2026/06/08 11:12:28 [BUSY] rejected from [::1]:54194 (total=1144)
2026/06/08 11:12:28 [BUSY] rejected from [::1]:54206 (total=1145)
2026/06/08 11:12:28 [BUSY] rejected from [::1]:54220 (total=1146)
2026/06/08 11:12:28 [BUSY] rejected from [::1]:54234 (total=1147)
2026/06/08 11:12:28 [BUSY] rejected from [::1]:54246 (total=1148)
2026/06/08 11:12:28 [BUSY] rejected from [::1]:54252 (total=1149)
2026/06/08 11:12:28 [BUSY] rejected from [::1]:54262 (total=1150)
2026/06/08 11:12:28 [BUSY] rejected from [::1]:54266 (total=1151)
2026/06/08 11:12:28 [BUSY] rejected from [::1]:54276 (total=1152)
2026/06/08 11:12:28 [BUSY] rejected from [::1]:54278 (total=1153)
2026/06/08 11:12:28 [BUSY] rejected from [::1]:54284 (total=1154)
2026/06/08 11:12:28 [BUSY] rejected from [::1]:54290 (total=1155)
2026/06/08 11:12:28 [BUSY] rejected from [::1]:54300 (total=1156)
2026/06/08 11:12:28 [BUSY] rejected from [::1]:54316 (total=1157)
2026/06/08 11:12:28 [BUSY] rejected from [::1]:54320 (total=1158)
2026/06/08 11:12:28 [BUSY] rejected from [::1]:54326 (total=1159)
2026/06/08 11:12:28 [BUSY] rejected from [::1]:54340 (total=1160)
2026/06/08 11:12:28 [BUSY] rejected from [::1]:54356 (total=1161)
2026/06/08 11:12:28 [BUSY] rejected from [::1]:54368 (total=1162)
2026/06/08 11:12:28 [BUSY] rejected from [::1]:54378 (total=1163)
2026/06/08 11:12:28 [BUSY] rejected from [::1]:54392 (total=1164)
2026/06/08 11:12:28 [BUSY] rejected from [::1]:54396 (total=1165)
2026/06/08 11:12:28 [BUSY] rejected from [::1]:54410 (total=1166)
2026/06/08 11:12:28 [BUSY] rejected from [::1]:54412 (total=1167)
2026/06/08 11:12:28 [BUSY] rejected from [::1]:54424 (total=1168)
2026/06/08 11:12:28 [BUSY] rejected from [::1]:54432 (total=1169)
2026/06/08 11:12:28 [BUSY] rejected from [::1]:54436 (total=1170)
2026/06/08 11:12:28 [BUSY] rejected from [::1]:54446 (total=1171)
2026/06/08 11:12:28 [BUSY] rejected from [::1]:54452 (total=1172)
2026/06/08 11:12:28 [BUSY] rejected from [::1]:54466 (total=1173)
2026/06/08 11:12:28 [BUSY] rejected from [::1]:54476 (total=1174)
2026/06/08 11:12:28 [BUSY] rejected from [::1]:54492 (total=1175)
2026/06/08 11:12:28 [BUSY] rejected from [::1]:54504 (total=1176)
2026/06/08 11:12:28 [BUSY] rejected from [::1]:54514 (total=1177)
2026/06/08 11:12:28 [BUSY] rejected from [::1]:54516 (total=1178)
2026/06/08 11:12:28 [BUSY] rejected from [::1]:54520 (total=1179)
2026/06/08 11:12:28 [BUSY] rejected from [::1]:54530 (total=1180)
2026/06/08 11:12:28 [BUSY] rejected from [::1]:54546 (total=1181)
2026/06/08 11:12:28 [BUSY] rejected from [::1]:54562 (total=1182)
2026/06/08 11:12:28 [BUSY] rejected from [::1]:54574 (total=1183)
2026/06/08 11:12:28 [BUSY] rejected from [::1]:54576 (total=1184)
2026/06/08 11:12:28 [BUSY] rejected from [::1]:54590 (total=1185)
2026/06/08 11:12:28 [BUSY] rejected from [::1]:54600 (total=1186)
2026/06/08 11:12:28 [BUSY] rejected from [::1]:54608 (total=1187)
2026/06/08 11:12:28 [BUSY] rejected from [::1]:54616 (total=1188)
2026/06/08 11:12:28 [BUSY] rejected from [::1]:54618 (total=1189)
2026/06/08 11:12:28 [BUSY] rejected from [::1]:54630 (total=1190)
2026/06/08 11:12:28 [BUSY] rejected from [::1]:54646 (total=1191)
2026/06/08 11:12:28 [BUSY] rejected from [::1]:54652 (total=1192)
2026/06/08 11:12:28 [BUSY] rejected from [::1]:54658 (total=1193)
2026/06/08 11:12:28 [BUSY] rejected from [::1]:54660 (total=1194)
2026/06/08 11:12:28 [BUSY] rejected from [::1]:54670 (total=1195)
2026/06/08 11:12:28 [BUSY] rejected from [::1]:54684 (total=1196)
2026/06/08 11:12:28 [BUSY] rejected from [::1]:54690 (total=1197)
2026/06/08 11:12:28 [BUSY] rejected from [::1]:54704 (total=1198)
2026/06/08 11:12:28 [BUSY] rejected from [::1]:54716 (total=1199)
2026/06/08 11:12:28 [BUSY] rejected from [::1]:54722 (total=1200)
2026/06/08 11:12:28 [BUSY] rejected from [::1]:54728 (total=1201)
2026/06/08 11:12:28 [BUSY] rejected from [::1]:54732 (total=1202)
2026/06/08 11:12:28 [BUSY] rejected from [::1]:54738 (total=1203)
2026/06/08 11:12:28 [BUSY] rejected from [::1]:54744 (total=1204)
2026/06/08 11:12:28 [BUSY] rejected from [::1]:54758 (total=1205)
2026/06/08 11:12:28 [BUSY] rejected from [::1]:54762 (total=1206)
2026/06/08 11:12:28 [BUSY] rejected from [::1]:54772 (total=1207)
2026/06/08 11:12:28 [BUSY] rejected from [::1]:54776 (total=1208)
2026/06/08 11:12:28 [BUSY] rejected from [::1]:54792 (total=1209)
2026/06/08 11:12:28 [BUSY] rejected from [::1]:54806 (total=1210)
2026/06/08 11:12:28 [BUSY] rejected from [::1]:54822 (total=1211)
2026/06/08 11:12:28 [BUSY] rejected from [::1]:54836 (total=1212)
2026/06/08 11:12:28 [BUSY] rejected from [::1]:54842 (total=1213)
2026/06/08 11:12:28 [BUSY] rejected from [::1]:54854 (total=1214)
2026/06/08 11:12:28 [BUSY] rejected from [::1]:54860 (total=1215)
2026/06/08 11:12:28 [BUSY] rejected from [::1]:54862 (total=1216)
2026/06/08 11:12:28 [BUSY] rejected from [::1]:54874 (total=1217)
2026/06/08 11:12:28 [BUSY] rejected from [::1]:54886 (total=1218)
2026/06/08 11:12:28 [BUSY] rejected from [::1]:54898 (total=1219)
2026/06/08 11:12:28 [BUSY] rejected from [::1]:54914 (total=1220)
2026/06/08 11:12:28 [BUSY] rejected from [::1]:54924 (total=1221)
2026/06/08 11:12:28 [BUSY] rejected from [::1]:54936 (total=1222)
2026/06/08 11:12:28 [BUSY] rejected from [::1]:54940 (total=1223)
2026/06/08 11:12:28 [BUSY] rejected from [::1]:54952 (total=1224)
2026/06/08 11:12:28 [BUSY] rejected from [::1]:54958 (total=1225)
2026/06/08 11:12:28 [BUSY] rejected from [::1]:54960 (total=1226)
2026/06/08 11:12:28 [BUSY] rejected from [::1]:54964 (total=1227)
2026/06/08 11:12:28 [BUSY] rejected from [::1]:54976 (total=1228)
2026/06/08 11:12:28 [BUSY] rejected from [::1]:54980 (total=1229)
2026/06/08 11:12:28 [BUSY] rejected from [::1]:54988 (total=1230)
2026/06/08 11:12:28 [BUSY] rejected from [::1]:55000 (total=1231)
2026/06/08 11:12:28 [BUSY] rejected from [::1]:55006 (total=1232)
2026/06/08 11:12:28 [BUSY] rejected from [::1]:55018 (total=1233)
2026/06/08 11:12:28 [BUSY] rejected from [::1]:55034 (total=1234)
2026/06/08 11:12:28 [BUSY] rejected from [::1]:55046 (total=1235)
2026/06/08 11:12:28 [BUSY] rejected from [::1]:55048 (total=1236)
2026/06/08 11:12:28 [BUSY] rejected from [::1]:55054 (total=1237)
2026/06/08 11:12:28 [BUSY] rejected from [::1]:55068 (total=1238)
2026/06/08 11:12:28 [BUSY] rejected from [::1]:55080 (total=1239)
2026/06/08 11:12:28 [BUSY] rejected from [::1]:55094 (total=1240)
2026/06/08 11:12:28 [BUSY] rejected from [::1]:55110 (total=1241)
2026/06/08 11:12:28 [BUSY] rejected from [::1]:55116 (total=1242)
2026/06/08 11:12:28 [BUSY] rejected from [::1]:55118 (total=1243)
2026/06/08 11:12:28 [BUSY] rejected from [::1]:55134 (total=1244)
2026/06/08 11:12:28 [BUSY] rejected from [::1]:55148 (total=1245)
2026/06/08 11:12:28 [BUSY] rejected from [::1]:55160 (total=1246)
2026/06/08 11:12:28 [BUSY] rejected from [::1]:55162 (total=1247)
2026/06/08 11:12:28 [BUSY] rejected from [::1]:55164 (total=1248)
2026/06/08 11:12:28 [BUSY] rejected from [::1]:55180 (total=1249)
2026/06/08 11:12:28 [BUSY] rejected from [::1]:55194 (total=1250)
2026/06/08 11:12:28 [BUSY] rejected from [::1]:55210 (total=1251)
2026/06/08 11:12:28 [BUSY] rejected from [::1]:55212 (total=1252)
2026/06/08 11:12:28 [BUSY] rejected from [::1]:55218 (total=1253)
2026/06/08 11:12:28 [BUSY] rejected from [::1]:55230 (total=1254)
2026/06/08 11:12:28 [BUSY] rejected from [::1]:55240 (total=1255)
2026/06/08 11:12:28 [BUSY] rejected from [::1]:55248 (total=1256)
2026/06/08 11:12:28 [BUSY] rejected from [::1]:55254 (total=1257)
2026/06/08 11:12:28 [BUSY] rejected from [::1]:55270 (total=1258)
2026/06/08 11:12:28 [BUSY] rejected from [::1]:55280 (total=1259)
2026/06/08 11:12:28 [BUSY] rejected from [::1]:55296 (total=1260)
2026/06/08 11:12:28 [BUSY] rejected from [::1]:55310 (total=1261)
2026/06/08 11:12:28 [BUSY] rejected from [::1]:55324 (total=1262)
2026/06/08 11:12:28 [BUSY] rejected from [::1]:55326 (total=1263)
2026/06/08 11:12:28 [BUSY] rejected from [::1]:55340 (total=1264)
2026/06/08 11:12:28 [BUSY] rejected from [::1]:55354 (total=1265)
2026/06/08 11:12:28 [BUSY] rejected from [::1]:55364 (total=1266)
2026/06/08 11:12:28 [BUSY] rejected from [::1]:55380 (total=1267)
2026/06/08 11:12:28 [BUSY] rejected from [::1]:55382 (total=1268)
2026/06/08 11:12:28 [BUSY] rejected from [::1]:55384 (total=1269)
2026/06/08 11:12:28 [BUSY] rejected from [::1]:55400 (total=1270)
2026/06/08 11:12:28 [BUSY] rejected from [::1]:55404 (total=1271)
2026/06/08 11:12:28 [BUSY] rejected from [::1]:55408 (total=1272)
2026/06/08 11:12:28 [BUSY] rejected from [::1]:55416 (total=1273)
2026/06/08 11:12:28 [BUSY] rejected from [::1]:55426 (total=1274)
2026/06/08 11:12:28 [BUSY] rejected from [::1]:55440 (total=1275)
2026/06/08 11:12:28 [BUSY] rejected from [::1]:55454 (total=1276)
2026/06/08 11:12:28 [BUSY] rejected from [::1]:55466 (total=1277)
2026/06/08 11:12:28 [BUSY] rejected from [::1]:55476 (total=1278)
2026/06/08 11:12:28 [BUSY] rejected from [::1]:55482 (total=1279)
2026/06/08 11:12:28 [BUSY] rejected from [::1]:55496 (total=1280)
2026/06/08 11:12:28 [BUSY] rejected from [::1]:55510 (total=1281)
2026/06/08 11:12:28 [BUSY] rejected from [::1]:55522 (total=1282)
2026/06/08 11:12:28 [BUSY] rejected from [::1]:55538 (total=1283)
2026/06/08 11:12:28 [BUSY] rejected from [::1]:55554 (total=1284)
2026/06/08 11:12:28 [BUSY] rejected from [::1]:55564 (total=1285)
2026/06/08 11:12:28 [BUSY] rejected from [::1]:55574 (total=1286)
2026/06/08 11:12:28 [BUSY] rejected from [::1]:55576 (total=1287)
2026/06/08 11:12:28 [BUSY] rejected from [::1]:55584 (total=1288)
2026/06/08 11:12:28 [BUSY] rejected from [::1]:55596 (total=1289)
2026/06/08 11:12:28 [BUSY] rejected from [::1]:55606 (total=1290)
2026/06/08 11:12:28 [BUSY] rejected from [::1]:55622 (total=1291)
2026/06/08 11:12:28 [BUSY] rejected from [::1]:55626 (total=1292)
2026/06/08 11:12:28 [BUSY] rejected from [::1]:55638 (total=1293)
2026/06/08 11:12:28 [BUSY] rejected from [::1]:55652 (total=1294)
2026/06/08 11:12:28 [BUSY] rejected from [::1]:55658 (total=1295)
2026/06/08 11:12:28 [BUSY] rejected from [::1]:55668 (total=1296)
2026/06/08 11:12:28 [BUSY] rejected from [::1]:55682 (total=1297)
2026/06/08 11:12:28 [BUSY] rejected from [::1]:55684 (total=1298)
2026/06/08 11:12:28 [BUSY] rejected from [::1]:55692 (total=1299)
2026/06/08 11:12:28 [BUSY] rejected from [::1]:55704 (total=1300)
2026/06/08 11:12:28 [BUSY] rejected from [::1]:55710 (total=1301)
2026/06/08 11:12:28 [BUSY] rejected from [::1]:55716 (total=1302)
2026/06/08 11:12:28 [BUSY] rejected from [::1]:55728 (total=1303)
2026/06/08 11:12:28 [BUSY] rejected from [::1]:55736 (total=1304)
2026/06/08 11:12:28 [BUSY] rejected from [::1]:55752 (total=1305)
2026/06/08 11:12:28 [BUSY] rejected from [::1]:55762 (total=1306)
2026/06/08 11:12:28 [BUSY] rejected from [::1]:55764 (total=1307)
2026/06/08 11:12:28 [BUSY] rejected from [::1]:55766 (total=1308)
2026/06/08 11:12:28 [BUSY] rejected from [::1]:55774 (total=1309)
2026/06/08 11:12:28 [BUSY] rejected from [::1]:55790 (total=1310)
2026/06/08 11:12:28 [BUSY] rejected from [::1]:55802 (total=1311)
2026/06/08 11:12:28 [BUSY] rejected from [::1]:55816 (total=1312)
2026/06/08 11:12:28 [BUSY] rejected from [::1]:55818 (total=1313)
2026/06/08 11:12:28 [BUSY] rejected from [::1]:55828 (total=1314)
2026/06/08 11:12:28 [BUSY] rejected from [::1]:55842 (total=1315)
2026/06/08 11:12:28 [BUSY] rejected from [::1]:55846 (total=1316)
2026/06/08 11:12:28 [BUSY] rejected from [::1]:55858 (total=1317)
2026/06/08 11:12:28 [BUSY] rejected from [::1]:55864 (total=1318)
2026/06/08 11:12:28 [BUSY] rejected from [::1]:55878 (total=1319)
2026/06/08 11:12:28 [BUSY] rejected from [::1]:55882 (total=1320)
2026/06/08 11:12:28 [BUSY] rejected from [::1]:55888 (total=1321)
2026/06/08 11:12:28 [BUSY] rejected from [::1]:55902 (total=1322)
2026/06/08 11:12:28 [BUSY] rejected from [::1]:55904 (total=1323)
2026/06/08 11:12:28 [BUSY] rejected from [::1]:55920 (total=1324)
2026/06/08 11:12:28 [BUSY] rejected from [::1]:55924 (total=1325)
2026/06/08 11:12:28 [BUSY] rejected from [::1]:55930 (total=1326)
2026/06/08 11:12:28 [BUSY] rejected from [::1]:55944 (total=1327)
2026/06/08 11:12:28 [BUSY] rejected from [::1]:55960 (total=1328)
2026/06/08 11:12:28 [BUSY] rejected from [::1]:55962 (total=1329)
2026/06/08 11:12:28 [BUSY] rejected from [::1]:55966 (total=1330)
2026/06/08 11:12:28 [BUSY] rejected from [::1]:55978 (total=1331)
2026/06/08 11:12:28 [BUSY] rejected from [::1]:55990 (total=1332)
2026/06/08 11:12:28 [BUSY] rejected from [::1]:56006 (total=1333)
2026/06/08 11:12:28 [BUSY] rejected from [::1]:56008 (total=1334)
2026/06/08 11:12:28 [BUSY] rejected from [::1]:56016 (total=1335)
2026/06/08 11:12:28 [BUSY] rejected from [::1]:56022 (total=1336)
2026/06/08 11:12:28 [BUSY] rejected from [::1]:56032 (total=1337)
2026/06/08 11:12:28 [BUSY] rejected from [::1]:56040 (total=1338)
2026/06/08 11:12:28 [BUSY] rejected from [::1]:56042 (total=1339)
2026/06/08 11:12:28 [BUSY] rejected from [::1]:56048 (total=1340)
2026/06/08 11:12:28 [BUSY] rejected from [::1]:56062 (total=1341)
2026/06/08 11:12:28 [BUSY] rejected from [::1]:56078 (total=1342)
2026/06/08 11:12:28 [BUSY] rejected from [::1]:56094 (total=1343)
2026/06/08 11:12:28 [BUSY] rejected from [::1]:56108 (total=1344)
2026/06/08 11:12:28 [BUSY] rejected from [::1]:56118 (total=1345)
2026/06/08 11:12:28 [BUSY] rejected from [::1]:56122 (total=1346)
2026/06/08 11:12:28 [BUSY] rejected from [::1]:56134 (total=1347)
2026/06/08 11:12:28 [BUSY] rejected from [::1]:56138 (total=1348)
2026/06/08 11:12:28 [BUSY] rejected from [::1]:56144 (total=1349)
2026/06/08 11:12:28 [BUSY] rejected from [::1]:56156 (total=1350)
2026/06/08 11:12:28 [BUSY] rejected from [::1]:56170 (total=1351)
2026/06/08 11:12:28 [BUSY] rejected from [::1]:56172 (total=1352)
2026/06/08 11:12:28 [BUSY] rejected from [::1]:56188 (total=1353)
2026/06/08 11:12:28 [BUSY] rejected from [::1]:56196 (total=1354)
2026/06/08 11:12:28 [BUSY] rejected from [::1]:56208 (total=1355)
2026/06/08 11:12:28 [BUSY] rejected from [::1]:56224 (total=1356)
2026/06/08 11:12:28 [BUSY] rejected from [::1]:56230 (total=1357)
2026/06/08 11:12:28 [BUSY] rejected from [::1]:56240 (total=1358)
2026/06/08 11:12:28 [BUSY] rejected from [::1]:56254 (total=1359)
2026/06/08 11:12:28 [BUSY] rejected from [::1]:56264 (total=1360)
2026/06/08 11:12:28 [BUSY] rejected from [::1]:56268 (total=1361)
2026/06/08 11:12:28 [BUSY] rejected from [::1]:56276 (total=1362)
2026/06/08 11:12:28 [BUSY] rejected from [::1]:56288 (total=1363)
2026/06/08 11:12:28 [BUSY] rejected from [::1]:56300 (total=1364)
2026/06/08 11:12:28 [BUSY] rejected from [::1]:56316 (total=1365)
2026/06/08 11:12:28 [BUSY] rejected from [::1]:56320 (total=1366)
2026/06/08 11:12:28 [BUSY] rejected from [::1]:56336 (total=1367)
2026/06/08 11:12:28 [BUSY] rejected from [::1]:56352 (total=1368)
2026/06/08 11:12:28 [BUSY] rejected from [::1]:56366 (total=1369)
2026/06/08 11:12:28 [BUSY] rejected from [::1]:56372 (total=1370)
2026/06/08 11:12:28 [BUSY] rejected from [::1]:56374 (total=1371)
2026/06/08 11:12:28 [BUSY] rejected from [::1]:56386 (total=1372)
2026/06/08 11:12:28 [BUSY] rejected from [::1]:56400 (total=1373)
2026/06/08 11:12:28 [BUSY] rejected from [::1]:56412 (total=1374)
2026/06/08 11:12:28 [BUSY] rejected from [::1]:56418 (total=1375)
2026/06/08 11:12:28 [BUSY] rejected from [::1]:56432 (total=1376)
2026/06/08 11:12:28 [BUSY] rejected from [::1]:56434 (total=1377)
2026/06/08 11:12:28 [BUSY] rejected from [::1]:56440 (total=1378)
2026/06/08 11:12:28 [BUSY] rejected from [::1]:56444 (total=1379)
2026/06/08 11:12:28 [BUSY] rejected from [::1]:56446 (total=1380)
2026/06/08 11:12:28 [BUSY] rejected from [::1]:56452 (total=1381)
2026/06/08 11:12:28 [BUSY] rejected from [::1]:56468 (total=1382)
2026/06/08 11:12:28 [BUSY] rejected from [::1]:56472 (total=1383)
2026/06/08 11:12:28 [BUSY] rejected from [::1]:56486 (total=1384)
2026/06/08 11:12:28 [BUSY] rejected from [::1]:56500 (total=1385)
2026/06/08 11:12:28 [BUSY] rejected from [::1]:56516 (total=1386)
2026/06/08 11:12:28 [BUSY] rejected from [::1]:56522 (total=1387)
2026/06/08 11:12:28 [BUSY] rejected from [::1]:56532 (total=1388)
2026/06/08 11:12:28 [BUSY] rejected from [::1]:56534 (total=1389)
2026/06/08 11:12:28 [BUSY] rejected from [::1]:56536 (total=1390)
2026/06/08 11:12:28 [BUSY] rejected from [::1]:56548 (total=1391)
2026/06/08 11:12:28 [BUSY] rejected from [::1]:56552 (total=1392)
2026/06/08 11:12:28 [BUSY] rejected from [::1]:56560 (total=1393)
2026/06/08 11:12:28 [BUSY] rejected from [::1]:56576 (total=1394)
2026/06/08 11:12:28 [BUSY] rejected from [::1]:56582 (total=1395)
2026/06/08 11:12:28 [BUSY] rejected from [::1]:56598 (total=1396)
2026/06/08 11:12:28 [BUSY] rejected from [::1]:56600 (total=1397)
2026/06/08 11:12:28 [BUSY] rejected from [::1]:56602 (total=1398)
2026/06/08 11:12:28 [BUSY] rejected from [::1]:56604 (total=1399)
2026/06/08 11:12:28 [BUSY] rejected from [::1]:56614 (total=1400)
2026/06/08 11:12:28 [BUSY] rejected from [::1]:56624 (total=1401)
2026/06/08 11:12:28 [BUSY] rejected from [::1]:56628 (total=1402)
2026/06/08 11:12:28 [BUSY] rejected from [::1]:56636 (total=1403)
2026/06/08 11:12:28 [BUSY] rejected from [::1]:56638 (total=1404)
2026/06/08 11:12:28 [BUSY] rejected from [::1]:56650 (total=1405)
2026/06/08 11:12:28 [BUSY] rejected from [::1]:56656 (total=1406)
2026/06/08 11:12:28 [BUSY] rejected from [::1]:56672 (total=1407)
2026/06/08 11:12:28 [BUSY] rejected from [::1]:56676 (total=1408)
2026/06/08 11:12:28 [BUSY] rejected from [::1]:56686 (total=1409)
2026/06/08 11:12:28 [BUSY] rejected from [::1]:56696 (total=1410)
2026/06/08 11:12:28 [BUSY] rejected from [::1]:56698 (total=1411)
2026/06/08 11:12:28 [BUSY] rejected from [::1]:56710 (total=1412)
2026/06/08 11:12:28 [BUSY] rejected from [::1]:56714 (total=1413)
2026/06/08 11:12:28 [BUSY] rejected from [::1]:56716 (total=1414)
2026/06/08 11:12:28 [BUSY] rejected from [::1]:56722 (total=1415)
2026/06/08 11:12:28 [BUSY] rejected from [::1]:56734 (total=1416)
2026/06/08 11:12:28 [BUSY] rejected from [::1]:56744 (total=1417)
2026/06/08 11:12:28 [BUSY] rejected from [::1]:56754 (total=1418)
2026/06/08 11:12:28 [BUSY] rejected from [::1]:56764 (total=1419)
2026/06/08 11:12:28 [BUSY] rejected from [::1]:56778 (total=1420)
2026/06/08 11:12:28 [BUSY] rejected from [::1]:56792 (total=1421)
2026/06/08 11:12:28 [BUSY] rejected from [::1]:56804 (total=1422)
2026/06/08 11:12:28 [BUSY] rejected from [::1]:56812 (total=1423)
2026/06/08 11:12:28 [BUSY] rejected from [::1]:56826 (total=1424)
2026/06/08 11:12:28 [BUSY] rejected from [::1]:56836 (total=1425)
2026/06/08 11:12:28 [BUSY] rejected from [::1]:56844 (total=1426)
2026/06/08 11:12:28 [BUSY] rejected from [::1]:56858 (total=1427)
2026/06/08 11:12:28 [BUSY] rejected from [::1]:56866 (total=1428)
2026/06/08 11:12:28 [BUSY] rejected from [::1]:56874 (total=1429)
2026/06/08 11:12:28 [BUSY] rejected from [::1]:56876 (total=1430)
2026/06/08 11:12:28 [BUSY] rejected from [::1]:56888 (total=1431)
2026/06/08 11:12:28 [BUSY] rejected from [::1]:56902 (total=1432)
2026/06/08 11:12:28 [BUSY] rejected from [::1]:56912 (total=1433)
2026/06/08 11:12:28 [BUSY] rejected from [::1]:56922 (total=1434)
2026/06/08 11:12:28 [BUSY] rejected from [::1]:56928 (total=1435)
2026/06/08 11:12:28 [BUSY] rejected from [::1]:56936 (total=1436)
2026/06/08 11:12:28 [BUSY] rejected from [::1]:56946 (total=1437)
2026/06/08 11:12:28 [BUSY] rejected from [::1]:56950 (total=1438)
2026/06/08 11:12:28 [BUSY] rejected from [::1]:56960 (total=1439)
2026/06/08 11:12:28 [BUSY] rejected from [::1]:56974 (total=1440)
2026/06/08 11:12:28 [BUSY] rejected from [::1]:56976 (total=1441)
2026/06/08 11:12:28 [BUSY] rejected from [::1]:56984 (total=1442)
2026/06/08 11:12:28 [BUSY] rejected from [::1]:56990 (total=1443)
2026/06/08 11:12:28 [BUSY] rejected from [::1]:56994 (total=1444)
2026/06/08 11:12:28 [BUSY] rejected from [::1]:57006 (total=1445)
2026/06/08 11:12:28 [BUSY] rejected from [::1]:57016 (total=1446)
2026/06/08 11:12:28 [BUSY] rejected from [::1]:57018 (total=1447)
2026/06/08 11:12:28 [BUSY] rejected from [::1]:57030 (total=1448)
2026/06/08 11:12:28 [BUSY] rejected from [::1]:57032 (total=1449)
2026/06/08 11:12:28 [BUSY] rejected from [::1]:57042 (total=1450)
2026/06/08 11:12:28 [BUSY] rejected from [::1]:57054 (total=1451)
2026/06/08 11:12:28 [BUSY] rejected from [::1]:57062 (total=1452)
2026/06/08 11:12:28 [BUSY] rejected from [::1]:57072 (total=1453)
2026/06/08 11:12:28 [BUSY] rejected from [::1]:57086 (total=1454)
2026/06/08 11:12:28 [BUSY] rejected from [::1]:57098 (total=1455)
2026/06/08 11:12:28 [BUSY] rejected from [::1]:57114 (total=1456)
2026/06/08 11:12:28 [BUSY] rejected from [::1]:57130 (total=1457)
2026/06/08 11:12:28 [BUSY] rejected from [::1]:57144 (total=1458)
2026/06/08 11:12:28 [BUSY] rejected from [::1]:57146 (total=1459)
2026/06/08 11:12:28 [BUSY] rejected from [::1]:57162 (total=1460)
2026/06/08 11:12:28 [BUSY] rejected from [::1]:57178 (total=1461)
2026/06/08 11:12:28 [BUSY] rejected from [::1]:57192 (total=1462)
2026/06/08 11:12:28 [BUSY] rejected from [::1]:57204 (total=1463)
2026/06/08 11:12:28 [BUSY] rejected from [::1]:57212 (total=1464)
2026/06/08 11:12:28 [BUSY] rejected from [::1]:57224 (total=1465)
2026/06/08 11:12:28 [BUSY] rejected from [::1]:57226 (total=1466)
2026/06/08 11:12:28 [BUSY] rejected from [::1]:57242 (total=1467)
2026/06/08 11:12:28 [BUSY] rejected from [::1]:57258 (total=1468)
2026/06/08 11:12:28 [BUSY] rejected from [::1]:57268 (total=1469)
2026/06/08 11:12:28 [BUSY] rejected from [::1]:57280 (total=1470)
2026/06/08 11:12:28 [BUSY] rejected from [::1]:57292 (total=1471)
2026/06/08 11:12:28 [BUSY] rejected from [::1]:57298 (total=1472)
2026/06/08 11:12:28 [BUSY] rejected from [::1]:57312 (total=1473)
2026/06/08 11:12:28 [BUSY] rejected from [::1]:57316 (total=1474)
2026/06/08 11:12:28 [BUSY] rejected from [::1]:57322 (total=1475)
2026/06/08 11:12:28 [BUSY] rejected from [::1]:57328 (total=1476)
2026/06/08 11:12:28 [BUSY] rejected from [::1]:57338 (total=1477)
2026/06/08 11:12:28 [BUSY] rejected from [::1]:57352 (total=1478)
2026/06/08 11:12:28 [BUSY] rejected from [::1]:57360 (total=1479)
2026/06/08 11:12:28 [BUSY] rejected from [::1]:57364 (total=1480)
2026/06/08 11:12:28 [BUSY] rejected from [::1]:57372 (total=1481)
2026/06/08 11:12:28 [BUSY] rejected from [::1]:57388 (total=1482)
2026/06/08 11:12:28 [BUSY] rejected from [::1]:57404 (total=1483)
2026/06/08 11:12:28 [BUSY] rejected from [::1]:57410 (total=1484)
2026/06/08 11:12:28 [BUSY] rejected from [::1]:57424 (total=1485)
2026/06/08 11:12:28 [BUSY] rejected from [::1]:57440 (total=1486)
2026/06/08 11:12:28 [BUSY] rejected from [::1]:57442 (total=1487)
2026/06/08 11:12:28 [BUSY] rejected from [::1]:57444 (total=1488)
2026/06/08 11:12:28 [BUSY] rejected from [::1]:57460 (total=1489)
2026/06/08 11:12:28 [BUSY] rejected from [::1]:57464 (total=1490)
2026/06/08 11:12:28 [BUSY] rejected from [::1]:57470 (total=1491)
2026/06/08 11:12:28 [BUSY] rejected from [::1]:57472 (total=1492)
2026/06/08 11:12:28 [BUSY] rejected from [::1]:57474 (total=1493)
2026/06/08 11:12:28 [BUSY] rejected from [::1]:57488 (total=1494)
2026/06/08 11:12:28 [BUSY] rejected from [::1]:57490 (total=1495)
2026/06/08 11:12:28 [BUSY] rejected from [::1]:57504 (total=1496)
2026/06/08 11:12:28 [BUSY] rejected from [::1]:57516 (total=1497)
2026/06/08 11:12:28 [BUSY] rejected from [::1]:57522 (total=1498)
2026/06/08 11:12:28 [BUSY] rejected from [::1]:57528 (total=1499)
2026/06/08 11:12:28 [BUSY] rejected from [::1]:57534 (total=1500)
2026/06/08 11:12:28 [BUSY] rejected from [::1]:57536 (total=1501)
2026/06/08 11:12:28 [BUSY] rejected from [::1]:57548 (total=1502)
2026/06/08 11:12:28 [BUSY] rejected from [::1]:57552 (total=1503)
2026/06/08 11:12:28 [BUSY] rejected from [::1]:57562 (total=1504)
2026/06/08 11:12:28 [BUSY] rejected from [::1]:57572 (total=1505)
2026/06/08 11:12:28 [BUSY] rejected from [::1]:57586 (total=1506)
2026/06/08 11:12:28 [BUSY] rejected from [::1]:57600 (total=1507)
2026/06/08 11:12:28 [BUSY] rejected from [::1]:57610 (total=1508)
2026/06/08 11:12:28 [BUSY] rejected from [::1]:57616 (total=1509)
2026/06/08 11:12:28 [BUSY] rejected from [::1]:57620 (total=1510)
2026/06/08 11:12:28 [BUSY] rejected from [::1]:57628 (total=1511)
2026/06/08 11:12:28 [BUSY] rejected from [::1]:57630 (total=1512)
2026/06/08 11:12:28 [BUSY] rejected from [::1]:57640 (total=1513)
2026/06/08 11:12:28 [BUSY] rejected from [::1]:57646 (total=1514)
2026/06/08 11:12:28 [BUSY] rejected from [::1]:57652 (total=1515)
2026/06/08 11:12:28 [BUSY] rejected from [::1]:57668 (total=1516)
2026/06/08 11:12:28 [BUSY] rejected from [::1]:57680 (total=1517)
2026/06/08 11:12:28 [BUSY] rejected from [::1]:57690 (total=1518)
2026/06/08 11:12:28 [BUSY] rejected from [::1]:57702 (total=1519)
2026/06/08 11:12:28 [BUSY] rejected from [::1]:57710 (total=1520)
2026/06/08 11:12:28 [BUSY] rejected from [::1]:57716 (total=1521)
2026/06/08 11:12:28 [BUSY] rejected from [::1]:57718 (total=1522)
2026/06/08 11:12:28 [BUSY] rejected from [::1]:57726 (total=1523)
2026/06/08 11:12:28 [BUSY] rejected from [::1]:57734 (total=1524)
2026/06/08 11:12:28 [BUSY] rejected from [::1]:57744 (total=1525)
2026/06/08 11:12:28 [BUSY] rejected from [::1]:57754 (total=1526)
2026/06/08 11:12:28 [BUSY] rejected from [::1]:57768 (total=1527)
2026/06/08 11:12:28 [BUSY] rejected from [::1]:57782 (total=1528)
2026/06/08 11:12:28 [BUSY] rejected from [::1]:57792 (total=1529)
2026/06/08 11:12:28 [conn 116] disconnected
2026/06/08 11:12:28 [conn 121] connected from [::1]:49544
2026/06/08 11:12:28 [conn 121] received: Hello from worker 0, package 10, time: 1780897348660493147
2026/06/08 11:12:28 [BUSY] rejected from [::1]:57812 (total=1530)
2026/06/08 11:12:28 [conn 117] disconnected
2026/06/08 11:12:28 [conn 122] connected from [::1]:49552
2026/06/08 11:12:28 [conn 122] received: Hello from worker 0, package 11, time: 1780897348660679166
2026/06/08 11:12:28 [conn 118] disconnected
2026/06/08 11:12:28 [conn 123] connected from [::1]:49564
2026/06/08 11:12:28 [conn 123] received: Hello from worker 0, package 12, time: 1780897348660888118
2026/06/08 11:12:28 [BUSY] rejected from [::1]:57834 (total=1531)
2026/06/08 11:12:28 [BUSY] rejected from [::1]:57844 (total=1532)
2026/06/08 11:12:28 [BUSY] rejected from [::1]:57848 (total=1533)
2026/06/08 11:12:28 [conn 120] disconnected
2026/06/08 11:12:28 [conn 119] disconnected
2026/06/08 11:12:28 [conn 124] connected from [::1]:49570
2026/06/08 11:12:28 [conn 124] received: Hello from worker 0, package 13, time: 1780897348661108080
2026/06/08 11:12:28 [conn 125] connected from [::1]:49574
2026/06/08 11:12:28 [conn 125] received: Hello from worker 0, package 14, time: 1780897348661287657
2026/06/08 11:12:28 [BUSY] rejected from [::1]:57872 (total=1534)
2026/06/08 11:12:28 [BUSY] rejected from [::1]:57882 (total=1535)
2026/06/08 11:12:28 [BUSY] rejected from [::1]:57884 (total=1536)
2026/06/08 11:12:28 [BUSY] rejected from [::1]:57886 (total=1537)
2026/06/08 11:12:28 [BUSY] rejected from [::1]:57892 (total=1538)
2026/06/08 11:12:28 [BUSY] rejected from [::1]:57894 (total=1539)
2026/06/08 11:12:28 [BUSY] rejected from [::1]:57904 (total=1540)
2026/06/08 11:12:28 [BUSY] rejected from [::1]:57910 (total=1541)
2026/06/08 11:12:28 [BUSY] rejected from [::1]:57922 (total=1542)
2026/06/08 11:12:28 [BUSY] rejected from [::1]:57926 (total=1543)
2026/06/08 11:12:28 [BUSY] rejected from [::1]:57938 (total=1544)
2026/06/08 11:12:28 [BUSY] rejected from [::1]:57942 (total=1545)
2026/06/08 11:12:28 [BUSY] rejected from [::1]:57946 (total=1546)
2026/06/08 11:12:28 [BUSY] rejected from [::1]:57962 (total=1547)
2026/06/08 11:12:28 [BUSY] rejected from [::1]:57974 (total=1548)
2026/06/08 11:12:28 [BUSY] rejected from [::1]:57980 (total=1549)
2026/06/08 11:12:28 [BUSY] rejected from [::1]:57990 (total=1550)
2026/06/08 11:12:28 [BUSY] rejected from [::1]:57994 (total=1551)
2026/06/08 11:12:28 [BUSY] rejected from [::1]:58002 (total=1552)
2026/06/08 11:12:28 [BUSY] rejected from [::1]:58012 (total=1553)
2026/06/08 11:12:28 [BUSY] rejected from [::1]:58014 (total=1554)
2026/06/08 11:12:28 [BUSY] rejected from [::1]:58022 (total=1555)
2026/06/08 11:12:28 [BUSY] rejected from [::1]:58028 (total=1556)
2026/06/08 11:12:28 [BUSY] rejected from [::1]:58032 (total=1557)
2026/06/08 11:12:28 [BUSY] rejected from [::1]:58048 (total=1558)
2026/06/08 11:12:28 [BUSY] rejected from [::1]:58054 (total=1559)
2026/06/08 11:12:28 [BUSY] rejected from [::1]:58058 (total=1560)
2026/06/08 11:12:28 [BUSY] rejected from [::1]:58072 (total=1561)
2026/06/08 11:12:28 [BUSY] rejected from [::1]:58080 (total=1562)
2026/06/08 11:12:28 [BUSY] rejected from [::1]:58086 (total=1563)
2026/06/08 11:12:28 [BUSY] rejected from [::1]:58092 (total=1564)
2026/06/08 11:12:28 [BUSY] rejected from [::1]:58098 (total=1565)
2026/06/08 11:12:28 [BUSY] rejected from [::1]:58104 (total=1566)
2026/06/08 11:12:28 [BUSY] rejected from [::1]:58106 (total=1567)
2026/06/08 11:12:28 [BUSY] rejected from [::1]:58120 (total=1568)
2026/06/08 11:12:28 [BUSY] rejected from [::1]:58122 (total=1569)
2026/06/08 11:12:28 [BUSY] rejected from [::1]:58138 (total=1570)
2026/06/08 11:12:28 [BUSY] rejected from [::1]:58142 (total=1571)
2026/06/08 11:12:28 [BUSY] rejected from [::1]:58144 (total=1572)
2026/06/08 11:12:28 [BUSY] rejected from [::1]:58158 (total=1573)
2026/06/08 11:12:28 [BUSY] rejected from [::1]:58172 (total=1574)
2026/06/08 11:12:28 [BUSY] rejected from [::1]:58186 (total=1575)
2026/06/08 11:12:28 [BUSY] rejected from [::1]:58202 (total=1576)
2026/06/08 11:12:28 [BUSY] rejected from [::1]:58210 (total=1577)
2026/06/08 11:12:28 [BUSY] rejected from [::1]:58218 (total=1578)
2026/06/08 11:12:28 [BUSY] rejected from [::1]:58226 (total=1579)
2026/06/08 11:12:28 [BUSY] rejected from [::1]:58236 (total=1580)
2026/06/08 11:12:28 [BUSY] rejected from [::1]:58242 (total=1581)
2026/06/08 11:12:28 [BUSY] rejected from [::1]:58252 (total=1582)
2026/06/08 11:12:28 [BUSY] rejected from [::1]:58254 (total=1583)
2026/06/08 11:12:28 [BUSY] rejected from [::1]:58268 (total=1584)
2026/06/08 11:12:28 [BUSY] rejected from [::1]:58284 (total=1585)
2026/06/08 11:12:28 [BUSY] rejected from [::1]:58286 (total=1586)
2026/06/08 11:12:28 [BUSY] rejected from [::1]:58300 (total=1587)
2026/06/08 11:12:28 [BUSY] rejected from [::1]:58310 (total=1588)
2026/06/08 11:12:28 [BUSY] rejected from [::1]:58312 (total=1589)
2026/06/08 11:12:28 [BUSY] rejected from [::1]:58314 (total=1590)
2026/06/08 11:12:28 [BUSY] rejected from [::1]:58324 (total=1591)
2026/06/08 11:12:28 [BUSY] rejected from [::1]:58334 (total=1592)
2026/06/08 11:12:28 [BUSY] rejected from [::1]:58344 (total=1593)
2026/06/08 11:12:28 [BUSY] rejected from [::1]:58346 (total=1594)
2026/06/08 11:12:28 [BUSY] rejected from [::1]:58356 (total=1595)
2026/06/08 11:12:28 [conn 123] disconnected
2026/06/08 11:12:28 [conn 121] disconnected
2026/06/08 11:12:28 [conn 126] connected from [::1]:53578
2026/06/08 11:12:28 [conn 126] received: Hello from worker 0, package 463, time: 1780897348758327234
2026/06/08 11:12:28 [conn 122] disconnected
2026/06/08 11:12:28 [conn 127] connected from [::1]:53588
2026/06/08 11:12:28 [conn 128] connected from [::1]:53590
2026/06/08 11:12:28 [conn 127] received: Hello from worker 0, package 465, time: 1780897348758803196
2026/06/08 11:12:28 [conn 128] received: Hello from worker 0, package 466, time: 1780897348759380619
2026/06/08 11:12:28 [conn 125] disconnected
2026/06/08 11:12:28 [conn 129] connected from [::1]:53598
2026/06/08 11:12:28 [conn 129] received: Hello from worker 0, package 467, time: 1780897348759631880
2026/06/08 11:12:28 [conn 124] disconnected
2026/06/08 11:12:28 [conn 130] connected from [::1]:53608
2026/06/08 11:12:28 [conn 130] received: Hello from worker 0, package 468, time: 1780897348759849228
2026/06/08 11:12:29 [conn 127] disconnected
2026/06/08 11:12:29 [conn 131] connected from [::1]:57806
2026/06/08 11:12:29 [conn 131] received: Hello from worker 0, package 929, time: 1780897348858475891
2026/06/08 11:12:29 [conn 128] disconnected
2026/06/08 11:12:29 [conn 126] disconnected
2026/06/08 11:12:29 [conn 132] connected from [::1]:57824
2026/06/08 11:12:29 [conn 132] received: Hello from worker 0, package 931, time: 1780897348858917990
2026/06/08 11:12:29 [conn 133] connected from [::1]:57828
2026/06/08 11:12:29 [conn 133] received: Hello from worker 0, package 932, time: 1780897348859091054
2026/06/08 11:12:29 [conn 129] disconnected
2026/06/08 11:12:29 [conn 130] disconnected
2026/06/08 11:12:29 [conn 134] connected from [::1]:57852
2026/06/08 11:12:29 [conn 134] received: Hello from worker 0, package 936, time: 1780897348859786689
2026/06/08 11:12:29 [conn 135] connected from [::1]:57862
2026/06/08 11:12:29 [conn 135] received: Hello from worker 0, package 937, time: 1780897348859957169
2026/06/08 11:12:29 [conn 132] disconnected
2026/06/08 11:12:29 [conn 133] disconnected
2026/06/08 11:12:29 [conn 131] disconnected
2026/06/08 11:12:29 [conn 134] disconnected
2026/06/08 11:12:29 [conn 135] disconnected
2026/06/08 11:12:29 [STATS] total=135 active=0 rejected=1595 goroutines=8 heapMB=1.7
2026/06/08 11:12:31 [conn 136] connected from [::1]:58360
2026/06/08 11:12:31 [conn 136] received: Hello from worker 0, package 0, time: 1780897351184193271
2026/06/08 11:12:31 [conn 137] connected from [::1]:58370
2026/06/08 11:12:31 [conn 137] received: Hello from worker 0, package 1, time: 1780897351184595785
2026/06/08 11:12:31 [conn 138] connected from [::1]:58374
2026/06/08 11:12:31 [conn 138] received: Hello from worker 0, package 2, time: 1780897351184919462
2026/06/08 11:12:31 [conn 139] connected from [::1]:58382
2026/06/08 11:12:31 [conn 139] received: Hello from worker 0, package 3, time: 1780897351185224144
2026/06/08 11:12:31 [conn 140] connected from [::1]:58390
2026/06/08 11:12:31 [conn 140] received: Hello from worker 0, package 4, time: 1780897351185470596
2026/06/08 11:12:31 [BUSY] rejected from [::1]:58518 (total=1596)
2026/06/08 11:12:31 [BUSY] rejected from [::1]:58522 (total=1597)
2026/06/08 11:12:31 [BUSY] rejected from [::1]:58524 (total=1598)
2026/06/08 11:12:31 [BUSY] rejected from [::1]:58532 (total=1599)
2026/06/08 11:12:31 [BUSY] rejected from [::1]:58546 (total=1600)
2026/06/08 11:12:31 [BUSY] rejected from [::1]:58548 (total=1601)
2026/06/08 11:12:31 [BUSY] rejected from [::1]:58560 (total=1602)
2026/06/08 11:12:31 [BUSY] rejected from [::1]:58570 (total=1603)
2026/06/08 11:12:31 [BUSY] rejected from [::1]:58578 (total=1604)
2026/06/08 11:12:31 [BUSY] rejected from [::1]:58580 (total=1605)
2026/06/08 11:12:31 [BUSY] rejected from [::1]:58588 (total=1606)
2026/06/08 11:12:31 [BUSY] rejected from [::1]:58592 (total=1607)
2026/06/08 11:12:31 [BUSY] rejected from [::1]:58594 (total=1608)
2026/06/08 11:12:31 [BUSY] rejected from [::1]:58604 (total=1609)
2026/06/08 11:12:31 [BUSY] rejected from [::1]:58610 (total=1610)
2026/06/08 11:12:31 [BUSY] rejected from [::1]:58618 (total=1611)
2026/06/08 11:12:31 [BUSY] rejected from [::1]:58632 (total=1612)
2026/06/08 11:12:31 [BUSY] rejected from [::1]:58640 (total=1613)
2026/06/08 11:12:31 [BUSY] rejected from [::1]:58648 (total=1614)
2026/06/08 11:12:31 [BUSY] rejected from [::1]:58652 (total=1615)
2026/06/08 11:12:31 [BUSY] rejected from [::1]:58662 (total=1616)
2026/06/08 11:12:31 [BUSY] rejected from [::1]:58674 (total=1617)
2026/06/08 11:12:31 [BUSY] rejected from [::1]:58686 (total=1618)
2026/06/08 11:12:31 [BUSY] rejected from [::1]:58692 (total=1619)
2026/06/08 11:12:31 [BUSY] rejected from [::1]:58702 (total=1620)
2026/06/08 11:12:31 [BUSY] rejected from [::1]:58706 (total=1621)
2026/06/08 11:12:31 [BUSY] rejected from [::1]:58714 (total=1622)
2026/06/08 11:12:31 [BUSY] rejected from [::1]:58720 (total=1623)
2026/06/08 11:12:31 [BUSY] rejected from [::1]:58736 (total=1624)
2026/06/08 11:12:31 [BUSY] rejected from [::1]:58742 (total=1625)
2026/06/08 11:12:31 [BUSY] rejected from [::1]:58752 (total=1626)
2026/06/08 11:12:31 [BUSY] rejected from [::1]:58764 (total=1627)
2026/06/08 11:12:31 [BUSY] rejected from [::1]:58776 (total=1628)
2026/06/08 11:12:31 [BUSY] rejected from [::1]:58782 (total=1629)
2026/06/08 11:12:31 [BUSY] rejected from [::1]:58796 (total=1630)
2026/06/08 11:12:31 [BUSY] rejected from [::1]:58808 (total=1631)
2026/06/08 11:12:31 [BUSY] rejected from [::1]:58810 (total=1632)
2026/06/08 11:12:31 [BUSY] rejected from [::1]:58822 (total=1633)
2026/06/08 11:12:31 [BUSY] rejected from [::1]:58834 (total=1634)
2026/06/08 11:12:31 [BUSY] rejected from [::1]:58840 (total=1635)
2026/06/08 11:12:31 [BUSY] rejected from [::1]:58848 (total=1636)
2026/06/08 11:12:31 [BUSY] rejected from [::1]:58860 (total=1637)
2026/06/08 11:12:31 [BUSY] rejected from [::1]:58870 (total=1638)
2026/06/08 11:12:31 [BUSY] rejected from [::1]:58874 (total=1639)
2026/06/08 11:12:31 [BUSY] rejected from [::1]:58884 (total=1640)
2026/06/08 11:12:31 [BUSY] rejected from [::1]:58890 (total=1641)
2026/06/08 11:12:31 [BUSY] rejected from [::1]:58898 (total=1642)
2026/06/08 11:12:31 [BUSY] rejected from [::1]:58912 (total=1643)
2026/06/08 11:12:31 [BUSY] rejected from [::1]:58924 (total=1644)
2026/06/08 11:12:31 [BUSY] rejected from [::1]:58932 (total=1645)
2026/06/08 11:12:31 [BUSY] rejected from [::1]:58936 (total=1646)
2026/06/08 11:12:31 [BUSY] rejected from [::1]:58948 (total=1647)
2026/06/08 11:12:31 [BUSY] rejected from [::1]:58960 (total=1648)
2026/06/08 11:12:31 [BUSY] rejected from [::1]:58968 (total=1649)
2026/06/08 11:12:31 [BUSY] rejected from [::1]:58978 (total=1650)
2026/06/08 11:12:31 [BUSY] rejected from [::1]:58980 (total=1651)
2026/06/08 11:12:31 [BUSY] rejected from [::1]:58988 (total=1652)
2026/06/08 11:12:31 [BUSY] rejected from [::1]:58990 (total=1653)
2026/06/08 11:12:31 [BUSY] rejected from [::1]:58998 (total=1654)
2026/06/08 11:12:31 [BUSY] rejected from [::1]:59010 (total=1655)
2026/06/08 11:12:31 [BUSY] rejected from [::1]:59026 (total=1656)
2026/06/08 11:12:31 [BUSY] rejected from [::1]:59042 (total=1657)
2026/06/08 11:12:31 [BUSY] rejected from [::1]:59050 (total=1658)
2026/06/08 11:12:31 [BUSY] rejected from [::1]:59060 (total=1659)
2026/06/08 11:12:31 [BUSY] rejected from [::1]:59068 (total=1660)
2026/06/08 11:12:31 [BUSY] rejected from [::1]:59084 (total=1661)
2026/06/08 11:12:31 [BUSY] rejected from [::1]:59090 (total=1662)
2026/06/08 11:12:31 [BUSY] rejected from [::1]:59098 (total=1663)
2026/06/08 11:12:31 [BUSY] rejected from [::1]:59104 (total=1664)
2026/06/08 11:12:31 [BUSY] rejected from [::1]:59114 (total=1665)
2026/06/08 11:12:31 [BUSY] rejected from [::1]:59116 (total=1666)
2026/06/08 11:12:31 [BUSY] rejected from [::1]:59124 (total=1667)
2026/06/08 11:12:31 [BUSY] rejected from [::1]:59136 (total=1668)
2026/06/08 11:12:31 [BUSY] rejected from [::1]:59148 (total=1669)
2026/06/08 11:12:31 [BUSY] rejected from [::1]:59162 (total=1670)
2026/06/08 11:12:31 [BUSY] rejected from [::1]:59164 (total=1671)
2026/06/08 11:12:31 [BUSY] rejected from [::1]:59180 (total=1672)
2026/06/08 11:12:31 [BUSY] rejected from [::1]:59192 (total=1673)
2026/06/08 11:12:31 [BUSY] rejected from [::1]:59196 (total=1674)
2026/06/08 11:12:31 [BUSY] rejected from [::1]:59208 (total=1675)
2026/06/08 11:12:31 [BUSY] rejected from [::1]:59210 (total=1676)
2026/06/08 11:12:31 [BUSY] rejected from [::1]:59214 (total=1677)
2026/06/08 11:12:31 [BUSY] rejected from [::1]:59230 (total=1678)
2026/06/08 11:12:31 [BUSY] rejected from [::1]:59236 (total=1679)
2026/06/08 11:12:31 [BUSY] rejected from [::1]:59250 (total=1680)
2026/06/08 11:12:31 [BUSY] rejected from [::1]:59258 (total=1681)
2026/06/08 11:12:31 [BUSY] rejected from [::1]:59260 (total=1682)
2026/06/08 11:12:31 [BUSY] rejected from [::1]:59272 (total=1683)
2026/06/08 11:12:31 [BUSY] rejected from [::1]:59280 (total=1684)
2026/06/08 11:12:31 [BUSY] rejected from [::1]:59294 (total=1685)
2026/06/08 11:12:31 [BUSY] rejected from [::1]:59300 (total=1686)
2026/06/08 11:12:31 [BUSY] rejected from [::1]:59310 (total=1687)
2026/06/08 11:12:31 [BUSY] rejected from [::1]:59320 (total=1688)
2026/06/08 11:12:31 [BUSY] rejected from [::1]:59328 (total=1689)
2026/06/08 11:12:31 [BUSY] rejected from [::1]:59344 (total=1690)
2026/06/08 11:12:31 [BUSY] rejected from [::1]:59346 (total=1691)
2026/06/08 11:12:31 [BUSY] rejected from [::1]:59352 (total=1692)
2026/06/08 11:12:31 [BUSY] rejected from [::1]:59354 (total=1693)
2026/06/08 11:12:31 [BUSY] rejected from [::1]:59358 (total=1694)
2026/06/08 11:12:31 [BUSY] rejected from [::1]:59370 (total=1695)
2026/06/08 11:12:31 [BUSY] rejected from [::1]:59384 (total=1696)
2026/06/08 11:12:31 [BUSY] rejected from [::1]:59388 (total=1697)
2026/06/08 11:12:31 [BUSY] rejected from [::1]:59392 (total=1698)
2026/06/08 11:12:31 [BUSY] rejected from [::1]:59404 (total=1699)
2026/06/08 11:12:31 [BUSY] rejected from [::1]:59418 (total=1700)
2026/06/08 11:12:31 [BUSY] rejected from [::1]:59432 (total=1701)
2026/06/08 11:12:31 [BUSY] rejected from [::1]:59438 (total=1702)
2026/06/08 11:12:31 [BUSY] rejected from [::1]:59450 (total=1703)
2026/06/08 11:12:31 [BUSY] rejected from [::1]:59454 (total=1704)
2026/06/08 11:12:31 [BUSY] rejected from [::1]:59464 (total=1705)
2026/06/08 11:12:31 [BUSY] rejected from [::1]:59468 (total=1706)
2026/06/08 11:12:31 [BUSY] rejected from [::1]:59470 (total=1707)
2026/06/08 11:12:31 [BUSY] rejected from [::1]:59472 (total=1708)
2026/06/08 11:12:31 [BUSY] rejected from [::1]:59480 (total=1709)
2026/06/08 11:12:31 [BUSY] rejected from [::1]:59492 (total=1710)
2026/06/08 11:12:31 [BUSY] rejected from [::1]:59504 (total=1711)
2026/06/08 11:12:31 [BUSY] rejected from [::1]:59512 (total=1712)
2026/06/08 11:12:31 [BUSY] rejected from [::1]:59516 (total=1713)
2026/06/08 11:12:31 [BUSY] rejected from [::1]:59524 (total=1714)
2026/06/08 11:12:31 [BUSY] rejected from [::1]:59526 (total=1715)
2026/06/08 11:12:31 [BUSY] rejected from [::1]:59540 (total=1716)
2026/06/08 11:12:31 [BUSY] rejected from [::1]:59542 (total=1717)
2026/06/08 11:12:31 [BUSY] rejected from [::1]:59548 (total=1718)
2026/06/08 11:12:31 [BUSY] rejected from [::1]:59564 (total=1719)
2026/06/08 11:12:31 [BUSY] rejected from [::1]:59566 (total=1720)
2026/06/08 11:12:31 [BUSY] rejected from [::1]:59578 (total=1721)
2026/06/08 11:12:31 [BUSY] rejected from [::1]:59588 (total=1722)
2026/06/08 11:12:31 [BUSY] rejected from [::1]:59598 (total=1723)
2026/06/08 11:12:31 [BUSY] rejected from [::1]:59604 (total=1724)
2026/06/08 11:12:31 [BUSY] rejected from [::1]:59606 (total=1725)
2026/06/08 11:12:31 [BUSY] rejected from [::1]:59614 (total=1726)
2026/06/08 11:12:31 [BUSY] rejected from [::1]:59622 (total=1727)
2026/06/08 11:12:31 [BUSY] rejected from [::1]:59634 (total=1728)
2026/06/08 11:12:31 [BUSY] rejected from [::1]:59646 (total=1729)
2026/06/08 11:12:31 [BUSY] rejected from [::1]:59658 (total=1730)
2026/06/08 11:12:31 [BUSY] rejected from [::1]:59664 (total=1731)
2026/06/08 11:12:31 [BUSY] rejected from [::1]:59668 (total=1732)
2026/06/08 11:12:31 [BUSY] rejected from [::1]:59674 (total=1733)
2026/06/08 11:12:31 [BUSY] rejected from [::1]:59678 (total=1734)
2026/06/08 11:12:31 [BUSY] rejected from [::1]:59694 (total=1735)
2026/06/08 11:12:31 [BUSY] rejected from [::1]:59698 (total=1736)
2026/06/08 11:12:31 [BUSY] rejected from [::1]:59704 (total=1737)
2026/06/08 11:12:31 [BUSY] rejected from [::1]:59716 (total=1738)
2026/06/08 11:12:31 [BUSY] rejected from [::1]:59726 (total=1739)
2026/06/08 11:12:31 [BUSY] rejected from [::1]:59740 (total=1740)
2026/06/08 11:12:31 [BUSY] rejected from [::1]:59744 (total=1741)
2026/06/08 11:12:31 [BUSY] rejected from [::1]:59754 (total=1742)
2026/06/08 11:12:31 [BUSY] rejected from [::1]:59760 (total=1743)
2026/06/08 11:12:31 [BUSY] rejected from [::1]:59772 (total=1744)
2026/06/08 11:12:31 [BUSY] rejected from [::1]:59788 (total=1745)
2026/06/08 11:12:31 [BUSY] rejected from [::1]:59798 (total=1746)
2026/06/08 11:12:31 [BUSY] rejected from [::1]:59812 (total=1747)
2026/06/08 11:12:31 [BUSY] rejected from [::1]:59814 (total=1748)
2026/06/08 11:12:31 [BUSY] rejected from [::1]:59826 (total=1749)
2026/06/08 11:12:31 [BUSY] rejected from [::1]:59840 (total=1750)
2026/06/08 11:12:31 [BUSY] rejected from [::1]:59848 (total=1751)
2026/06/08 11:12:31 [BUSY] rejected from [::1]:59852 (total=1752)
2026/06/08 11:12:31 [BUSY] rejected from [::1]:59858 (total=1753)
2026/06/08 11:12:31 [BUSY] rejected from [::1]:59870 (total=1754)
2026/06/08 11:12:31 [BUSY] rejected from [::1]:59880 (total=1755)
2026/06/08 11:12:31 [BUSY] rejected from [::1]:59888 (total=1756)
2026/06/08 11:12:31 [BUSY] rejected from [::1]:59902 (total=1757)
2026/06/08 11:12:31 [BUSY] rejected from [::1]:59906 (total=1758)
2026/06/08 11:12:31 [BUSY] rejected from [::1]:59914 (total=1759)
2026/06/08 11:12:31 [BUSY] rejected from [::1]:59922 (total=1760)
2026/06/08 11:12:31 [BUSY] rejected from [::1]:59924 (total=1761)
2026/06/08 11:12:31 [BUSY] rejected from [::1]:59926 (total=1762)
2026/06/08 11:12:31 [BUSY] rejected from [::1]:59932 (total=1763)
2026/06/08 11:12:31 [BUSY] rejected from [::1]:59936 (total=1764)
2026/06/08 11:12:31 [BUSY] rejected from [::1]:59948 (total=1765)
2026/06/08 11:12:31 [BUSY] rejected from [::1]:59952 (total=1766)
2026/06/08 11:12:31 [BUSY] rejected from [::1]:59962 (total=1767)
2026/06/08 11:12:31 [BUSY] rejected from [::1]:59966 (total=1768)
2026/06/08 11:12:31 [BUSY] rejected from [::1]:59980 (total=1769)
2026/06/08 11:12:31 [BUSY] rejected from [::1]:59996 (total=1770)
2026/06/08 11:12:31 [BUSY] rejected from [::1]:60010 (total=1771)
2026/06/08 11:12:31 [BUSY] rejected from [::1]:60014 (total=1772)
2026/06/08 11:12:31 [BUSY] rejected from [::1]:60030 (total=1773)
2026/06/08 11:12:31 [BUSY] rejected from [::1]:60046 (total=1774)
2026/06/08 11:12:31 [STATS] total=140 active=5 rejected=1774 goroutines=8 heapMB=1.8
2026/06/08 11:12:31 [BUSY] rejected from [::1]:60048 (total=1775)
2026/06/08 11:12:31 [BUSY] rejected from [::1]:60054 (total=1776)
2026/06/08 11:12:31 [BUSY] rejected from [::1]:60064 (total=1777)
2026/06/08 11:12:31 [BUSY] rejected from [::1]:60068 (total=1778)
2026/06/08 11:12:31 [BUSY] rejected from [::1]:60076 (total=1779)
2026/06/08 11:12:31 [BUSY] rejected from [::1]:60090 (total=1780)
2026/06/08 11:12:31 [BUSY] rejected from [::1]:60106 (total=1781)
2026/06/08 11:12:31 [BUSY] rejected from [::1]:60108 (total=1782)
2026/06/08 11:12:31 [BUSY] rejected from [::1]:60112 (total=1783)
2026/06/08 11:12:31 [BUSY] rejected from [::1]:60114 (total=1784)
2026/06/08 11:12:31 [BUSY] rejected from [::1]:60128 (total=1785)
2026/06/08 11:12:31 [BUSY] rejected from [::1]:60134 (total=1786)
2026/06/08 11:12:31 [BUSY] rejected from [::1]:60150 (total=1787)
2026/06/08 11:12:31 [BUSY] rejected from [::1]:60154 (total=1788)
2026/06/08 11:12:31 [BUSY] rejected from [::1]:60164 (total=1789)
2026/06/08 11:12:31 [BUSY] rejected from [::1]:60176 (total=1790)
2026/06/08 11:12:31 [BUSY] rejected from [::1]:60192 (total=1791)
2026/06/08 11:12:31 [BUSY] rejected from [::1]:60204 (total=1792)
2026/06/08 11:12:31 [BUSY] rejected from [::1]:60210 (total=1793)
2026/06/08 11:12:31 [BUSY] rejected from [::1]:60224 (total=1794)
2026/06/08 11:12:31 [BUSY] rejected from [::1]:60236 (total=1795)
2026/06/08 11:12:31 [BUSY] rejected from [::1]:60246 (total=1796)
2026/06/08 11:12:31 [BUSY] rejected from [::1]:60262 (total=1797)
2026/06/08 11:12:31 [BUSY] rejected from [::1]:60276 (total=1798)
2026/06/08 11:12:31 [BUSY] rejected from [::1]:60292 (total=1799)
2026/06/08 11:12:31 [BUSY] rejected from [::1]:60302 (total=1800)
2026/06/08 11:12:31 [BUSY] rejected from [::1]:60312 (total=1801)
2026/06/08 11:12:31 [BUSY] rejected from [::1]:60324 (total=1802)
2026/06/08 11:12:31 [BUSY] rejected from [::1]:60338 (total=1803)
2026/06/08 11:12:31 [BUSY] rejected from [::1]:60354 (total=1804)
2026/06/08 11:12:31 [BUSY] rejected from [::1]:60368 (total=1805)
2026/06/08 11:12:31 [BUSY] rejected from [::1]:60382 (total=1806)
2026/06/08 11:12:31 [BUSY] rejected from [::1]:60398 (total=1807)
2026/06/08 11:12:31 [BUSY] rejected from [::1]:60406 (total=1808)
2026/06/08 11:12:31 [BUSY] rejected from [::1]:60412 (total=1809)
2026/06/08 11:12:31 [BUSY] rejected from [::1]:60428 (total=1810)
2026/06/08 11:12:31 [BUSY] rejected from [::1]:60432 (total=1811)
2026/06/08 11:12:31 [BUSY] rejected from [::1]:60444 (total=1812)
2026/06/08 11:12:31 [BUSY] rejected from [::1]:60456 (total=1813)
2026/06/08 11:12:31 [BUSY] rejected from [::1]:60458 (total=1814)
2026/06/08 11:12:31 [BUSY] rejected from [::1]:60468 (total=1815)
2026/06/08 11:12:31 [BUSY] rejected from [::1]:60482 (total=1816)
2026/06/08 11:12:31 [BUSY] rejected from [::1]:60488 (total=1817)
2026/06/08 11:12:31 [BUSY] rejected from [::1]:60498 (total=1818)
2026/06/08 11:12:31 [BUSY] rejected from [::1]:60504 (total=1819)
2026/06/08 11:12:31 [BUSY] rejected from [::1]:60506 (total=1820)
2026/06/08 11:12:31 [BUSY] rejected from [::1]:60516 (total=1821)
2026/06/08 11:12:31 [BUSY] rejected from [::1]:60522 (total=1822)
2026/06/08 11:12:31 [BUSY] rejected from [::1]:60536 (total=1823)
2026/06/08 11:12:31 [BUSY] rejected from [::1]:60552 (total=1824)
2026/06/08 11:12:31 [BUSY] rejected from [::1]:60566 (total=1825)
2026/06/08 11:12:31 [BUSY] rejected from [::1]:60574 (total=1826)
2026/06/08 11:12:31 [BUSY] rejected from [::1]:60576 (total=1827)
2026/06/08 11:12:31 [BUSY] rejected from [::1]:60584 (total=1828)
2026/06/08 11:12:31 [BUSY] rejected from [::1]:60592 (total=1829)
2026/06/08 11:12:31 [BUSY] rejected from [::1]:60596 (total=1830)
2026/06/08 11:12:31 [BUSY] rejected from [::1]:60598 (total=1831)
2026/06/08 11:12:31 [BUSY] rejected from [::1]:60604 (total=1832)
2026/06/08 11:12:31 [BUSY] rejected from [::1]:60612 (total=1833)
2026/06/08 11:12:31 [BUSY] rejected from [::1]:60614 (total=1834)
2026/06/08 11:12:31 [BUSY] rejected from [::1]:60620 (total=1835)
2026/06/08 11:12:31 [BUSY] rejected from [::1]:60624 (total=1836)
2026/06/08 11:12:31 [BUSY] rejected from [::1]:60630 (total=1837)
2026/06/08 11:12:31 [BUSY] rejected from [::1]:60634 (total=1838)
2026/06/08 11:12:31 [BUSY] rejected from [::1]:60648 (total=1839)
2026/06/08 11:12:31 [BUSY] rejected from [::1]:60652 (total=1840)
2026/06/08 11:12:31 [BUSY] rejected from [::1]:60660 (total=1841)
2026/06/08 11:12:31 [BUSY] rejected from [::1]:60666 (total=1842)
2026/06/08 11:12:31 [BUSY] rejected from [::1]:60678 (total=1843)
2026/06/08 11:12:31 [BUSY] rejected from [::1]:60692 (total=1844)
2026/06/08 11:12:31 [BUSY] rejected from [::1]:60698 (total=1845)
2026/06/08 11:12:31 [BUSY] rejected from [::1]:60706 (total=1846)
2026/06/08 11:12:31 [BUSY] rejected from [::1]:60716 (total=1847)
2026/06/08 11:12:31 [BUSY] rejected from [::1]:60720 (total=1848)
2026/06/08 11:12:31 [BUSY] rejected from [::1]:60726 (total=1849)
2026/06/08 11:12:31 [BUSY] rejected from [::1]:60730 (total=1850)
2026/06/08 11:12:31 [BUSY] rejected from [::1]:60744 (total=1851)
2026/06/08 11:12:31 [BUSY] rejected from [::1]:60760 (total=1852)
2026/06/08 11:12:31 [BUSY] rejected from [::1]:60768 (total=1853)
2026/06/08 11:12:31 [BUSY] rejected from [::1]:60778 (total=1854)
2026/06/08 11:12:31 [BUSY] rejected from [::1]:60784 (total=1855)
2026/06/08 11:12:31 [BUSY] rejected from [::1]:60786 (total=1856)
2026/06/08 11:12:31 [BUSY] rejected from [::1]:60800 (total=1857)
2026/06/08 11:12:31 [BUSY] rejected from [::1]:60808 (total=1858)
2026/06/08 11:12:31 [BUSY] rejected from [::1]:60820 (total=1859)
2026/06/08 11:12:31 [BUSY] rejected from [::1]:60836 (total=1860)
2026/06/08 11:12:31 [BUSY] rejected from [::1]:60852 (total=1861)
2026/06/08 11:12:31 [BUSY] rejected from [::1]:60862 (total=1862)
2026/06/08 11:12:31 [BUSY] rejected from [::1]:60874 (total=1863)
2026/06/08 11:12:31 [BUSY] rejected from [::1]:60886 (total=1864)
2026/06/08 11:12:31 [BUSY] rejected from [::1]:60892 (total=1865)
2026/06/08 11:12:31 [BUSY] rejected from [::1]:60900 (total=1866)
2026/06/08 11:12:31 [BUSY] rejected from [::1]:60906 (total=1867)
2026/06/08 11:12:31 [BUSY] rejected from [::1]:60922 (total=1868)
2026/06/08 11:12:31 [BUSY] rejected from [::1]:60938 (total=1869)
2026/06/08 11:12:31 [BUSY] rejected from [::1]:60942 (total=1870)
2026/06/08 11:12:31 [BUSY] rejected from [::1]:60948 (total=1871)
2026/06/08 11:12:31 [BUSY] rejected from [::1]:60956 (total=1872)
2026/06/08 11:12:31 [BUSY] rejected from [::1]:60962 (total=1873)
2026/06/08 11:12:31 [BUSY] rejected from [::1]:60964 (total=1874)
2026/06/08 11:12:31 [BUSY] rejected from [::1]:60968 (total=1875)
2026/06/08 11:12:31 [BUSY] rejected from [::1]:60972 (total=1876)
2026/06/08 11:12:31 [BUSY] rejected from [::1]:60978 (total=1877)
2026/06/08 11:12:31 [BUSY] rejected from [::1]:60990 (total=1878)
2026/06/08 11:12:31 [BUSY] rejected from [::1]:60994 (total=1879)
2026/06/08 11:12:31 [BUSY] rejected from [::1]:32774 (total=1880)
2026/06/08 11:12:31 [BUSY] rejected from [::1]:32782 (total=1881)
2026/06/08 11:12:31 [BUSY] rejected from [::1]:32794 (total=1882)
2026/06/08 11:12:31 [BUSY] rejected from [::1]:32796 (total=1883)
2026/06/08 11:12:31 [BUSY] rejected from [::1]:32802 (total=1884)
2026/06/08 11:12:31 [BUSY] rejected from [::1]:32814 (total=1885)
2026/06/08 11:12:31 [BUSY] rejected from [::1]:32822 (total=1886)
2026/06/08 11:12:31 [BUSY] rejected from [::1]:32838 (total=1887)
2026/06/08 11:12:31 [BUSY] rejected from [::1]:32846 (total=1888)
2026/06/08 11:12:31 [BUSY] rejected from [::1]:32862 (total=1889)
2026/06/08 11:12:31 [BUSY] rejected from [::1]:32864 (total=1890)
2026/06/08 11:12:31 [BUSY] rejected from [::1]:32868 (total=1891)
2026/06/08 11:12:31 [BUSY] rejected from [::1]:32872 (total=1892)
2026/06/08 11:12:31 [BUSY] rejected from [::1]:32874 (total=1893)
2026/06/08 11:12:31 [BUSY] rejected from [::1]:32890 (total=1894)
2026/06/08 11:12:31 [BUSY] rejected from [::1]:32898 (total=1895)
2026/06/08 11:12:31 [BUSY] rejected from [::1]:32906 (total=1896)
2026/06/08 11:12:31 [BUSY] rejected from [::1]:32920 (total=1897)
2026/06/08 11:12:31 [BUSY] rejected from [::1]:32922 (total=1898)
2026/06/08 11:12:31 [BUSY] rejected from [::1]:32926 (total=1899)
2026/06/08 11:12:31 [BUSY] rejected from [::1]:32942 (total=1900)
2026/06/08 11:12:31 [BUSY] rejected from [::1]:32950 (total=1901)
2026/06/08 11:12:31 [BUSY] rejected from [::1]:32964 (total=1902)
2026/06/08 11:12:31 [BUSY] rejected from [::1]:32966 (total=1903)
2026/06/08 11:12:31 [BUSY] rejected from [::1]:32974 (total=1904)
2026/06/08 11:12:31 [BUSY] rejected from [::1]:32980 (total=1905)
2026/06/08 11:12:31 [BUSY] rejected from [::1]:32986 (total=1906)
2026/06/08 11:12:31 [BUSY] rejected from [::1]:32988 (total=1907)
2026/06/08 11:12:31 [BUSY] rejected from [::1]:33004 (total=1908)
2026/06/08 11:12:31 [BUSY] rejected from [::1]:33020 (total=1909)
2026/06/08 11:12:31 [BUSY] rejected from [::1]:33032 (total=1910)
2026/06/08 11:12:31 [BUSY] rejected from [::1]:33038 (total=1911)
2026/06/08 11:12:31 [BUSY] rejected from [::1]:33054 (total=1912)
2026/06/08 11:12:31 [BUSY] rejected from [::1]:33068 (total=1913)
2026/06/08 11:12:31 [BUSY] rejected from [::1]:33084 (total=1914)
2026/06/08 11:12:31 [BUSY] rejected from [::1]:33098 (total=1915)
2026/06/08 11:12:31 [BUSY] rejected from [::1]:33108 (total=1916)
2026/06/08 11:12:31 [BUSY] rejected from [::1]:33120 (total=1917)
2026/06/08 11:12:31 [BUSY] rejected from [::1]:33132 (total=1918)
2026/06/08 11:12:31 [BUSY] rejected from [::1]:33148 (total=1919)
2026/06/08 11:12:31 [BUSY] rejected from [::1]:33150 (total=1920)
2026/06/08 11:12:31 [BUSY] rejected from [::1]:33156 (total=1921)
2026/06/08 11:12:31 [BUSY] rejected from [::1]:33162 (total=1922)
2026/06/08 11:12:31 [BUSY] rejected from [::1]:33170 (total=1923)
2026/06/08 11:12:31 [BUSY] rejected from [::1]:33174 (total=1924)
2026/06/08 11:12:31 [BUSY] rejected from [::1]:33188 (total=1925)
2026/06/08 11:12:31 [BUSY] rejected from [::1]:33196 (total=1926)
2026/06/08 11:12:31 [BUSY] rejected from [::1]:33206 (total=1927)
2026/06/08 11:12:31 [BUSY] rejected from [::1]:33208 (total=1928)
2026/06/08 11:12:31 [BUSY] rejected from [::1]:33218 (total=1929)
2026/06/08 11:12:31 [BUSY] rejected from [::1]:33220 (total=1930)
2026/06/08 11:12:31 [BUSY] rejected from [::1]:33224 (total=1931)
2026/06/08 11:12:31 [BUSY] rejected from [::1]:33234 (total=1932)
2026/06/08 11:12:31 [BUSY] rejected from [::1]:33242 (total=1933)
2026/06/08 11:12:31 [BUSY] rejected from [::1]:33258 (total=1934)
2026/06/08 11:12:31 [BUSY] rejected from [::1]:33272 (total=1935)
2026/06/08 11:12:31 [BUSY] rejected from [::1]:33282 (total=1936)
2026/06/08 11:12:31 [BUSY] rejected from [::1]:33284 (total=1937)
2026/06/08 11:12:31 [BUSY] rejected from [::1]:33296 (total=1938)
2026/06/08 11:12:31 [BUSY] rejected from [::1]:33308 (total=1939)
2026/06/08 11:12:31 [BUSY] rejected from [::1]:33322 (total=1940)
2026/06/08 11:12:31 [BUSY] rejected from [::1]:33334 (total=1941)
2026/06/08 11:12:31 [BUSY] rejected from [::1]:33338 (total=1942)
2026/06/08 11:12:31 [BUSY] rejected from [::1]:33350 (total=1943)
2026/06/08 11:12:31 [BUSY] rejected from [::1]:33364 (total=1944)
2026/06/08 11:12:31 [BUSY] rejected from [::1]:33374 (total=1945)
2026/06/08 11:12:31 [BUSY] rejected from [::1]:33390 (total=1946)
2026/06/08 11:12:31 [BUSY] rejected from [::1]:33406 (total=1947)
2026/06/08 11:12:31 [BUSY] rejected from [::1]:33418 (total=1948)
2026/06/08 11:12:31 [BUSY] rejected from [::1]:33422 (total=1949)
2026/06/08 11:12:31 [BUSY] rejected from [::1]:33428 (total=1950)
2026/06/08 11:12:31 [BUSY] rejected from [::1]:33430 (total=1951)
2026/06/08 11:12:31 [BUSY] rejected from [::1]:33446 (total=1952)
2026/06/08 11:12:31 [BUSY] rejected from [::1]:33462 (total=1953)
2026/06/08 11:12:31 [BUSY] rejected from [::1]:33464 (total=1954)
2026/06/08 11:12:31 [BUSY] rejected from [::1]:33480 (total=1955)
2026/06/08 11:12:31 [BUSY] rejected from [::1]:33486 (total=1956)
2026/06/08 11:12:31 [BUSY] rejected from [::1]:33490 (total=1957)
2026/06/08 11:12:31 [BUSY] rejected from [::1]:33502 (total=1958)
2026/06/08 11:12:31 [BUSY] rejected from [::1]:33514 (total=1959)
2026/06/08 11:12:31 [BUSY] rejected from [::1]:33518 (total=1960)
2026/06/08 11:12:31 [BUSY] rejected from [::1]:33534 (total=1961)
2026/06/08 11:12:31 [BUSY] rejected from [::1]:33538 (total=1962)
2026/06/08 11:12:31 [BUSY] rejected from [::1]:33540 (total=1963)
2026/06/08 11:12:31 [BUSY] rejected from [::1]:33544 (total=1964)
2026/06/08 11:12:31 [BUSY] rejected from [::1]:33548 (total=1965)
2026/06/08 11:12:31 [BUSY] rejected from [::1]:33554 (total=1966)
2026/06/08 11:12:31 [BUSY] rejected from [::1]:33566 (total=1967)
2026/06/08 11:12:31 [BUSY] rejected from [::1]:33574 (total=1968)
2026/06/08 11:12:31 [BUSY] rejected from [::1]:33586 (total=1969)
2026/06/08 11:12:31 [BUSY] rejected from [::1]:33596 (total=1970)
2026/06/08 11:12:31 [BUSY] rejected from [::1]:33606 (total=1971)
2026/06/08 11:12:31 [BUSY] rejected from [::1]:33608 (total=1972)
2026/06/08 11:12:31 [BUSY] rejected from [::1]:33622 (total=1973)
2026/06/08 11:12:31 [BUSY] rejected from [::1]:33636 (total=1974)
2026/06/08 11:12:31 [BUSY] rejected from [::1]:33652 (total=1975)
2026/06/08 11:12:31 [BUSY] rejected from [::1]:33656 (total=1976)
2026/06/08 11:12:31 [BUSY] rejected from [::1]:33672 (total=1977)
2026/06/08 11:12:31 [BUSY] rejected from [::1]:33682 (total=1978)
2026/06/08 11:12:31 [BUSY] rejected from [::1]:33690 (total=1979)
2026/06/08 11:12:31 [BUSY] rejected from [::1]:33694 (total=1980)
2026/06/08 11:12:31 [BUSY] rejected from [::1]:33704 (total=1981)
2026/06/08 11:12:31 [BUSY] rejected from [::1]:33706 (total=1982)
2026/06/08 11:12:31 [BUSY] rejected from [::1]:33716 (total=1983)
2026/06/08 11:12:31 [BUSY] rejected from [::1]:33718 (total=1984)
2026/06/08 11:12:31 [BUSY] rejected from [::1]:33728 (total=1985)
2026/06/08 11:12:31 [BUSY] rejected from [::1]:33734 (total=1986)
2026/06/08 11:12:31 [BUSY] rejected from [::1]:33736 (total=1987)
2026/06/08 11:12:31 [BUSY] rejected from [::1]:33738 (total=1988)
2026/06/08 11:12:31 [BUSY] rejected from [::1]:33744 (total=1989)
2026/06/08 11:12:31 [BUSY] rejected from [::1]:33748 (total=1990)
2026/06/08 11:12:31 [BUSY] rejected from [::1]:33758 (total=1991)
2026/06/08 11:12:31 [BUSY] rejected from [::1]:33770 (total=1992)
2026/06/08 11:12:31 [BUSY] rejected from [::1]:33784 (total=1993)
2026/06/08 11:12:31 [BUSY] rejected from [::1]:33786 (total=1994)
2026/06/08 11:12:31 [BUSY] rejected from [::1]:33788 (total=1995)
2026/06/08 11:12:31 [BUSY] rejected from [::1]:33790 (total=1996)
2026/06/08 11:12:31 [BUSY] rejected from [::1]:33798 (total=1997)
2026/06/08 11:12:31 [BUSY] rejected from [::1]:33812 (total=1998)
2026/06/08 11:12:31 [BUSY] rejected from [::1]:33822 (total=1999)
2026/06/08 11:12:31 [BUSY] rejected from [::1]:33828 (total=2000)
2026/06/08 11:12:31 [BUSY] rejected from [::1]:33836 (total=2001)
2026/06/08 11:12:31 [BUSY] rejected from [::1]:33846 (total=2002)
2026/06/08 11:12:31 [BUSY] rejected from [::1]:33850 (total=2003)
2026/06/08 11:12:31 [BUSY] rejected from [::1]:33862 (total=2004)
2026/06/08 11:12:31 [BUSY] rejected from [::1]:33874 (total=2005)
2026/06/08 11:12:31 [BUSY] rejected from [::1]:33882 (total=2006)
2026/06/08 11:12:31 [BUSY] rejected from [::1]:33894 (total=2007)
2026/06/08 11:12:31 [BUSY] rejected from [::1]:33908 (total=2008)
2026/06/08 11:12:31 [BUSY] rejected from [::1]:33910 (total=2009)
2026/06/08 11:12:31 [BUSY] rejected from [::1]:33924 (total=2010)
2026/06/08 11:12:31 [BUSY] rejected from [::1]:33926 (total=2011)
2026/06/08 11:12:31 [BUSY] rejected from [::1]:33940 (total=2012)
2026/06/08 11:12:31 [BUSY] rejected from [::1]:33948 (total=2013)
2026/06/08 11:12:31 [BUSY] rejected from [::1]:33962 (total=2014)
2026/06/08 11:12:31 [BUSY] rejected from [::1]:33974 (total=2015)
2026/06/08 11:12:31 [BUSY] rejected from [::1]:33986 (total=2016)
2026/06/08 11:12:31 [BUSY] rejected from [::1]:34000 (total=2017)
2026/06/08 11:12:31 [BUSY] rejected from [::1]:34010 (total=2018)
2026/06/08 11:12:31 [BUSY] rejected from [::1]:34022 (total=2019)
2026/06/08 11:12:31 [BUSY] rejected from [::1]:34026 (total=2020)
2026/06/08 11:12:31 [BUSY] rejected from [::1]:34028 (total=2021)
2026/06/08 11:12:31 [BUSY] rejected from [::1]:34034 (total=2022)
2026/06/08 11:12:31 [BUSY] rejected from [::1]:34044 (total=2023)
2026/06/08 11:12:31 [BUSY] rejected from [::1]:34058 (total=2024)
2026/06/08 11:12:31 [BUSY] rejected from [::1]:34068 (total=2025)
2026/06/08 11:12:31 [BUSY] rejected from [::1]:34082 (total=2026)
2026/06/08 11:12:31 [BUSY] rejected from [::1]:34094 (total=2027)
2026/06/08 11:12:31 [BUSY] rejected from [::1]:34100 (total=2028)
2026/06/08 11:12:31 [BUSY] rejected from [::1]:34102 (total=2029)
2026/06/08 11:12:31 [BUSY] rejected from [::1]:34104 (total=2030)
2026/06/08 11:12:31 [BUSY] rejected from [::1]:34116 (total=2031)
2026/06/08 11:12:31 [BUSY] rejected from [::1]:34128 (total=2032)
2026/06/08 11:12:31 [BUSY] rejected from [::1]:34136 (total=2033)
2026/06/08 11:12:31 [BUSY] rejected from [::1]:34148 (total=2034)
2026/06/08 11:12:31 [BUSY] rejected from [::1]:34162 (total=2035)
2026/06/08 11:12:31 [BUSY] rejected from [::1]:34172 (total=2036)
2026/06/08 11:12:31 [BUSY] rejected from [::1]:34174 (total=2037)
2026/06/08 11:12:31 [BUSY] rejected from [::1]:34180 (total=2038)
2026/06/08 11:12:31 [BUSY] rejected from [::1]:34190 (total=2039)
2026/06/08 11:12:31 [BUSY] rejected from [::1]:34204 (total=2040)
2026/06/08 11:12:31 [BUSY] rejected from [::1]:34208 (total=2041)
2026/06/08 11:12:31 [BUSY] rejected from [::1]:34224 (total=2042)
2026/06/08 11:12:31 [BUSY] rejected from [::1]:34240 (total=2043)
2026/06/08 11:12:31 [BUSY] rejected from [::1]:34256 (total=2044)
2026/06/08 11:12:31 [BUSY] rejected from [::1]:34258 (total=2045)
2026/06/08 11:12:31 [BUSY] rejected from [::1]:34270 (total=2046)
2026/06/08 11:12:31 [BUSY] rejected from [::1]:34284 (total=2047)
2026/06/08 11:12:31 [BUSY] rejected from [::1]:34288 (total=2048)
2026/06/08 11:12:31 [BUSY] rejected from [::1]:34298 (total=2049)
2026/06/08 11:12:31 [BUSY] rejected from [::1]:34302 (total=2050)
2026/06/08 11:12:31 [BUSY] rejected from [::1]:34314 (total=2051)
2026/06/08 11:12:31 [BUSY] rejected from [::1]:34322 (total=2052)
2026/06/08 11:12:31 [BUSY] rejected from [::1]:34328 (total=2053)
2026/06/08 11:12:31 [conn 136] disconnected
2026/06/08 11:12:31 [conn 141] connected from [::1]:58396
2026/06/08 11:12:31 [conn 141] received: Hello from worker 0, package 5, time: 1780897351185757985
2026/06/08 11:12:31 [BUSY] rejected from [::1]:34346 (total=2054)
2026/06/08 11:12:31 [conn 137] disconnected
2026/06/08 11:12:31 [conn 142] connected from [::1]:58408
2026/06/08 11:12:31 [conn 142] received: Hello from worker 0, package 6, time: 1780897351185982766
2026/06/08 11:12:31 [BUSY] rejected from [::1]:34370 (total=2055)
2026/06/08 11:12:31 [conn 138] disconnected
2026/06/08 11:12:31 [conn 143] connected from [::1]:58424
2026/06/08 11:12:31 [conn 143] received: Hello from worker 0, package 7, time: 1780897351186239949
2026/06/08 11:12:31 [conn 139] disconnected
2026/06/08 11:12:31 [conn 144] connected from [::1]:58436
2026/06/08 11:12:31 [conn 144] received: Hello from worker 0, package 8, time: 1780897351186452167
2026/06/08 11:12:31 [conn 140] disconnected
2026/06/08 11:12:31 [conn 145] connected from [::1]:58452
2026/06/08 11:12:31 [conn 145] received: Hello from worker 0, package 9, time: 1780897351186630682
2026/06/08 11:12:31 [BUSY] rejected from [::1]:34416 (total=2056)
2026/06/08 11:12:31 [BUSY] rejected from [::1]:34432 (total=2057)
2026/06/08 11:12:31 [BUSY] rejected from [::1]:34444 (total=2058)
2026/06/08 11:12:31 [BUSY] rejected from [::1]:34450 (total=2059)
2026/06/08 11:12:31 [BUSY] rejected from [::1]:34458 (total=2060)
2026/06/08 11:12:31 [BUSY] rejected from [::1]:34472 (total=2061)
2026/06/08 11:12:31 [BUSY] rejected from [::1]:34482 (total=2062)
2026/06/08 11:12:31 [BUSY] rejected from [::1]:34490 (total=2063)
2026/06/08 11:12:31 [BUSY] rejected from [::1]:34494 (total=2064)
2026/06/08 11:12:31 [BUSY] rejected from [::1]:34510 (total=2065)
2026/06/08 11:12:31 [BUSY] rejected from [::1]:34512 (total=2066)
2026/06/08 11:12:31 [BUSY] rejected from [::1]:34526 (total=2067)
2026/06/08 11:12:31 [BUSY] rejected from [::1]:34542 (total=2068)
2026/06/08 11:12:31 [BUSY] rejected from [::1]:34552 (total=2069)
2026/06/08 11:12:31 [BUSY] rejected from [::1]:34562 (total=2070)
2026/06/08 11:12:31 [BUSY] rejected from [::1]:34576 (total=2071)
2026/06/08 11:12:31 [BUSY] rejected from [::1]:34590 (total=2072)
2026/06/08 11:12:31 [BUSY] rejected from [::1]:34600 (total=2073)
2026/06/08 11:12:31 [BUSY] rejected from [::1]:34612 (total=2074)
2026/06/08 11:12:31 [BUSY] rejected from [::1]:34618 (total=2075)
2026/06/08 11:12:31 [BUSY] rejected from [::1]:34632 (total=2076)
2026/06/08 11:12:31 [BUSY] rejected from [::1]:34642 (total=2077)
2026/06/08 11:12:31 [BUSY] rejected from [::1]:34648 (total=2078)
2026/06/08 11:12:31 [BUSY] rejected from [::1]:34656 (total=2079)
2026/06/08 11:12:31 [BUSY] rejected from [::1]:34658 (total=2080)
2026/06/08 11:12:31 [BUSY] rejected from [::1]:34674 (total=2081)
2026/06/08 11:12:31 [BUSY] rejected from [::1]:34676 (total=2082)
2026/06/08 11:12:31 [BUSY] rejected from [::1]:34684 (total=2083)
2026/06/08 11:12:31 [BUSY] rejected from [::1]:34688 (total=2084)
2026/06/08 11:12:31 [BUSY] rejected from [::1]:34698 (total=2085)
2026/06/08 11:12:31 [BUSY] rejected from [::1]:34704 (total=2086)
2026/06/08 11:12:31 [BUSY] rejected from [::1]:34710 (total=2087)
2026/06/08 11:12:31 [BUSY] rejected from [::1]:34716 (total=2088)
2026/06/08 11:12:31 [BUSY] rejected from [::1]:34726 (total=2089)
2026/06/08 11:12:31 [BUSY] rejected from [::1]:34740 (total=2090)
2026/06/08 11:12:31 [BUSY] rejected from [::1]:34750 (total=2091)
2026/06/08 11:12:31 [BUSY] rejected from [::1]:34756 (total=2092)
2026/06/08 11:12:31 [BUSY] rejected from [::1]:34762 (total=2093)
2026/06/08 11:12:31 [BUSY] rejected from [::1]:34778 (total=2094)
2026/06/08 11:12:31 [BUSY] rejected from [::1]:34780 (total=2095)
2026/06/08 11:12:31 [BUSY] rejected from [::1]:34790 (total=2096)
2026/06/08 11:12:31 [BUSY] rejected from [::1]:34798 (total=2097)
2026/06/08 11:12:31 [BUSY] rejected from [::1]:34802 (total=2098)
2026/06/08 11:12:31 [BUSY] rejected from [::1]:34818 (total=2099)
2026/06/08 11:12:31 [BUSY] rejected from [::1]:34826 (total=2100)
2026/06/08 11:12:31 [BUSY] rejected from [::1]:34838 (total=2101)
2026/06/08 11:12:31 [BUSY] rejected from [::1]:34852 (total=2102)
2026/06/08 11:12:31 [BUSY] rejected from [::1]:34854 (total=2103)
2026/06/08 11:12:31 [BUSY] rejected from [::1]:34862 (total=2104)
2026/06/08 11:12:31 [BUSY] rejected from [::1]:34878 (total=2105)
2026/06/08 11:12:31 [BUSY] rejected from [::1]:34886 (total=2106)
2026/06/08 11:12:31 [BUSY] rejected from [::1]:34902 (total=2107)
2026/06/08 11:12:31 [BUSY] rejected from [::1]:34906 (total=2108)
2026/06/08 11:12:31 [BUSY] rejected from [::1]:34916 (total=2109)
2026/06/08 11:12:31 [BUSY] rejected from [::1]:34920 (total=2110)
2026/06/08 11:12:31 [BUSY] rejected from [::1]:34928 (total=2111)
2026/06/08 11:12:31 [BUSY] rejected from [::1]:34940 (total=2112)
2026/06/08 11:12:31 [BUSY] rejected from [::1]:34952 (total=2113)
2026/06/08 11:12:31 [BUSY] rejected from [::1]:34958 (total=2114)
2026/06/08 11:12:31 [BUSY] rejected from [::1]:34960 (total=2115)
2026/06/08 11:12:31 [BUSY] rejected from [::1]:34968 (total=2116)
2026/06/08 11:12:31 [BUSY] rejected from [::1]:34976 (total=2117)
2026/06/08 11:12:31 [BUSY] rejected from [::1]:34990 (total=2118)
2026/06/08 11:12:31 [BUSY] rejected from [::1]:35000 (total=2119)
2026/06/08 11:12:31 [BUSY] rejected from [::1]:35006 (total=2120)
2026/06/08 11:12:31 [BUSY] rejected from [::1]:35016 (total=2121)
2026/06/08 11:12:31 [BUSY] rejected from [::1]:35020 (total=2122)
2026/06/08 11:12:31 [BUSY] rejected from [::1]:35024 (total=2123)
2026/06/08 11:12:31 [BUSY] rejected from [::1]:35038 (total=2124)
2026/06/08 11:12:31 [BUSY] rejected from [::1]:35040 (total=2125)
2026/06/08 11:12:31 [BUSY] rejected from [::1]:35046 (total=2126)
2026/06/08 11:12:31 [BUSY] rejected from [::1]:35050 (total=2127)
2026/06/08 11:12:31 [BUSY] rejected from [::1]:35058 (total=2128)
2026/06/08 11:12:31 [BUSY] rejected from [::1]:35064 (total=2129)
2026/06/08 11:12:31 [BUSY] rejected from [::1]:35068 (total=2130)
2026/06/08 11:12:31 [BUSY] rejected from [::1]:35078 (total=2131)
2026/06/08 11:12:31 [BUSY] rejected from [::1]:35082 (total=2132)
2026/06/08 11:12:31 [BUSY] rejected from [::1]:35088 (total=2133)
2026/06/08 11:12:31 [BUSY] rejected from [::1]:35102 (total=2134)
2026/06/08 11:12:31 [BUSY] rejected from [::1]:35108 (total=2135)
2026/06/08 11:12:31 [BUSY] rejected from [::1]:35116 (total=2136)
2026/06/08 11:12:31 [BUSY] rejected from [::1]:35124 (total=2137)
2026/06/08 11:12:31 [BUSY] rejected from [::1]:35138 (total=2138)
2026/06/08 11:12:31 [BUSY] rejected from [::1]:35152 (total=2139)
2026/06/08 11:12:31 [BUSY] rejected from [::1]:35162 (total=2140)
2026/06/08 11:12:31 [BUSY] rejected from [::1]:35176 (total=2141)
2026/06/08 11:12:31 [BUSY] rejected from [::1]:35186 (total=2142)
2026/06/08 11:12:31 [BUSY] rejected from [::1]:35192 (total=2143)
2026/06/08 11:12:31 [BUSY] rejected from [::1]:35206 (total=2144)
2026/06/08 11:12:31 [BUSY] rejected from [::1]:35212 (total=2145)
2026/06/08 11:12:31 [BUSY] rejected from [::1]:35228 (total=2146)
2026/06/08 11:12:31 [BUSY] rejected from [::1]:35236 (total=2147)
2026/06/08 11:12:31 [BUSY] rejected from [::1]:35238 (total=2148)
2026/06/08 11:12:31 [BUSY] rejected from [::1]:35254 (total=2149)
2026/06/08 11:12:31 [BUSY] rejected from [::1]:35260 (total=2150)
2026/06/08 11:12:31 [BUSY] rejected from [::1]:35262 (total=2151)
2026/06/08 11:12:31 [BUSY] rejected from [::1]:35268 (total=2152)
2026/06/08 11:12:31 [BUSY] rejected from [::1]:35274 (total=2153)
2026/06/08 11:12:31 [BUSY] rejected from [::1]:35288 (total=2154)
2026/06/08 11:12:31 [BUSY] rejected from [::1]:35300 (total=2155)
2026/06/08 11:12:31 [BUSY] rejected from [::1]:35310 (total=2156)
2026/06/08 11:12:31 [BUSY] rejected from [::1]:35314 (total=2157)
2026/06/08 11:12:31 [BUSY] rejected from [::1]:35328 (total=2158)
2026/06/08 11:12:31 [BUSY] rejected from [::1]:35340 (total=2159)
2026/06/08 11:12:31 [BUSY] rejected from [::1]:35342 (total=2160)
2026/06/08 11:12:31 [BUSY] rejected from [::1]:35348 (total=2161)
2026/06/08 11:12:31 [BUSY] rejected from [::1]:35358 (total=2162)
2026/06/08 11:12:31 [BUSY] rejected from [::1]:35370 (total=2163)
2026/06/08 11:12:31 [BUSY] rejected from [::1]:35382 (total=2164)
2026/06/08 11:12:31 [BUSY] rejected from [::1]:35386 (total=2165)
2026/06/08 11:12:31 [BUSY] rejected from [::1]:35392 (total=2166)
2026/06/08 11:12:31 [BUSY] rejected from [::1]:35396 (total=2167)
2026/06/08 11:12:31 [BUSY] rejected from [::1]:35400 (total=2168)
2026/06/08 11:12:31 [BUSY] rejected from [::1]:35410 (total=2169)
2026/06/08 11:12:31 [BUSY] rejected from [::1]:35426 (total=2170)
2026/06/08 11:12:31 [BUSY] rejected from [::1]:35428 (total=2171)
2026/06/08 11:12:31 [BUSY] rejected from [::1]:35436 (total=2172)
2026/06/08 11:12:31 [BUSY] rejected from [::1]:35450 (total=2173)
2026/06/08 11:12:31 [BUSY] rejected from [::1]:35462 (total=2174)
2026/06/08 11:12:31 [BUSY] rejected from [::1]:35468 (total=2175)
2026/06/08 11:12:31 [BUSY] rejected from [::1]:35482 (total=2176)
2026/06/08 11:12:31 [BUSY] rejected from [::1]:35484 (total=2177)
2026/06/08 11:12:31 [BUSY] rejected from [::1]:35498 (total=2178)
2026/06/08 11:12:31 [BUSY] rejected from [::1]:35514 (total=2179)
2026/06/08 11:12:31 [BUSY] rejected from [::1]:35526 (total=2180)
2026/06/08 11:12:31 [BUSY] rejected from [::1]:35540 (total=2181)
2026/06/08 11:12:31 [BUSY] rejected from [::1]:35546 (total=2182)
2026/06/08 11:12:31 [BUSY] rejected from [::1]:35560 (total=2183)
2026/06/08 11:12:31 [BUSY] rejected from [::1]:35570 (total=2184)
2026/06/08 11:12:31 [BUSY] rejected from [::1]:35582 (total=2185)
2026/06/08 11:12:31 [BUSY] rejected from [::1]:35586 (total=2186)
2026/06/08 11:12:31 [BUSY] rejected from [::1]:35594 (total=2187)
2026/06/08 11:12:31 [BUSY] rejected from [::1]:35604 (total=2188)
2026/06/08 11:12:31 [BUSY] rejected from [::1]:35608 (total=2189)
2026/06/08 11:12:31 [BUSY] rejected from [::1]:35622 (total=2190)
2026/06/08 11:12:31 [BUSY] rejected from [::1]:35624 (total=2191)
2026/06/08 11:12:31 [BUSY] rejected from [::1]:35626 (total=2192)
2026/06/08 11:12:31 [BUSY] rejected from [::1]:35632 (total=2193)
2026/06/08 11:12:31 [BUSY] rejected from [::1]:35646 (total=2194)
2026/06/08 11:12:31 [BUSY] rejected from [::1]:35660 (total=2195)
2026/06/08 11:12:31 [BUSY] rejected from [::1]:35668 (total=2196)
2026/06/08 11:12:31 [BUSY] rejected from [::1]:35676 (total=2197)
2026/06/08 11:12:31 [BUSY] rejected from [::1]:35680 (total=2198)
2026/06/08 11:12:31 [BUSY] rejected from [::1]:35682 (total=2199)
2026/06/08 11:12:31 [BUSY] rejected from [::1]:35686 (total=2200)
2026/06/08 11:12:31 [BUSY] rejected from [::1]:35694 (total=2201)
2026/06/08 11:12:31 [BUSY] rejected from [::1]:35710 (total=2202)
2026/06/08 11:12:31 [BUSY] rejected from [::1]:35714 (total=2203)
2026/06/08 11:12:31 [BUSY] rejected from [::1]:35716 (total=2204)
2026/06/08 11:12:31 [BUSY] rejected from [::1]:35732 (total=2205)
2026/06/08 11:12:31 [BUSY] rejected from [::1]:35744 (total=2206)
2026/06/08 11:12:31 [BUSY] rejected from [::1]:35760 (total=2207)
2026/06/08 11:12:31 [BUSY] rejected from [::1]:35762 (total=2208)
2026/06/08 11:12:31 [BUSY] rejected from [::1]:35764 (total=2209)
2026/06/08 11:12:31 [BUSY] rejected from [::1]:35778 (total=2210)
2026/06/08 11:12:31 [BUSY] rejected from [::1]:35790 (total=2211)
2026/06/08 11:12:31 [BUSY] rejected from [::1]:35802 (total=2212)
2026/06/08 11:12:31 [BUSY] rejected from [::1]:35812 (total=2213)
2026/06/08 11:12:31 [BUSY] rejected from [::1]:35816 (total=2214)
2026/06/08 11:12:31 [BUSY] rejected from [::1]:35824 (total=2215)
2026/06/08 11:12:31 [BUSY] rejected from [::1]:35838 (total=2216)
2026/06/08 11:12:31 [BUSY] rejected from [::1]:35850 (total=2217)
2026/06/08 11:12:31 [BUSY] rejected from [::1]:35860 (total=2218)
2026/06/08 11:12:31 [BUSY] rejected from [::1]:35872 (total=2219)
2026/06/08 11:12:31 [BUSY] rejected from [::1]:35878 (total=2220)
2026/06/08 11:12:31 [BUSY] rejected from [::1]:35892 (total=2221)
2026/06/08 11:12:31 [BUSY] rejected from [::1]:35904 (total=2222)
2026/06/08 11:12:31 [BUSY] rejected from [::1]:35906 (total=2223)
2026/06/08 11:12:31 [BUSY] rejected from [::1]:35920 (total=2224)
2026/06/08 11:12:31 [BUSY] rejected from [::1]:35926 (total=2225)
2026/06/08 11:12:31 [BUSY] rejected from [::1]:35932 (total=2226)
2026/06/08 11:12:31 [BUSY] rejected from [::1]:35942 (total=2227)
2026/06/08 11:12:31 [BUSY] rejected from [::1]:35954 (total=2228)
2026/06/08 11:12:31 [BUSY] rejected from [::1]:35958 (total=2229)
2026/06/08 11:12:31 [BUSY] rejected from [::1]:35964 (total=2230)
2026/06/08 11:12:31 [BUSY] rejected from [::1]:35966 (total=2231)
2026/06/08 11:12:31 [BUSY] rejected from [::1]:35968 (total=2232)
2026/06/08 11:12:31 [BUSY] rejected from [::1]:35984 (total=2233)
2026/06/08 11:12:31 [BUSY] rejected from [::1]:36000 (total=2234)
2026/06/08 11:12:31 [BUSY] rejected from [::1]:36002 (total=2235)
2026/06/08 11:12:31 [BUSY] rejected from [::1]:36010 (total=2236)
2026/06/08 11:12:31 [BUSY] rejected from [::1]:36014 (total=2237)
2026/06/08 11:12:31 [BUSY] rejected from [::1]:36022 (total=2238)
2026/06/08 11:12:31 [BUSY] rejected from [::1]:36024 (total=2239)
2026/06/08 11:12:31 [BUSY] rejected from [::1]:36026 (total=2240)
2026/06/08 11:12:31 [BUSY] rejected from [::1]:36042 (total=2241)
2026/06/08 11:12:31 [BUSY] rejected from [::1]:36052 (total=2242)
2026/06/08 11:12:31 [BUSY] rejected from [::1]:36058 (total=2243)
2026/06/08 11:12:31 [BUSY] rejected from [::1]:36074 (total=2244)
2026/06/08 11:12:31 [BUSY] rejected from [::1]:36086 (total=2245)
2026/06/08 11:12:31 [BUSY] rejected from [::1]:36098 (total=2246)
2026/06/08 11:12:31 [BUSY] rejected from [::1]:36114 (total=2247)
2026/06/08 11:12:31 [BUSY] rejected from [::1]:36128 (total=2248)
2026/06/08 11:12:31 [BUSY] rejected from [::1]:36130 (total=2249)
2026/06/08 11:12:31 [BUSY] rejected from [::1]:36134 (total=2250)
2026/06/08 11:12:31 [BUSY] rejected from [::1]:36148 (total=2251)
2026/06/08 11:12:31 [BUSY] rejected from [::1]:36154 (total=2252)
2026/06/08 11:12:31 [BUSY] rejected from [::1]:36168 (total=2253)
2026/06/08 11:12:31 [BUSY] rejected from [::1]:36178 (total=2254)
2026/06/08 11:12:31 [BUSY] rejected from [::1]:36188 (total=2255)
2026/06/08 11:12:31 [BUSY] rejected from [::1]:36196 (total=2256)
2026/06/08 11:12:31 [BUSY] rejected from [::1]:36212 (total=2257)
2026/06/08 11:12:31 [BUSY] rejected from [::1]:36226 (total=2258)
2026/06/08 11:12:31 [BUSY] rejected from [::1]:36228 (total=2259)
2026/06/08 11:12:31 [BUSY] rejected from [::1]:36232 (total=2260)
2026/06/08 11:12:31 [BUSY] rejected from [::1]:36242 (total=2261)
2026/06/08 11:12:31 [BUSY] rejected from [::1]:36256 (total=2262)
2026/06/08 11:12:31 [BUSY] rejected from [::1]:36268 (total=2263)
2026/06/08 11:12:31 [BUSY] rejected from [::1]:36278 (total=2264)
2026/06/08 11:12:31 [BUSY] rejected from [::1]:36280 (total=2265)
2026/06/08 11:12:31 [BUSY] rejected from [::1]:36288 (total=2266)
2026/06/08 11:12:31 [BUSY] rejected from [::1]:36296 (total=2267)
2026/06/08 11:12:31 [BUSY] rejected from [::1]:36306 (total=2268)
2026/06/08 11:12:31 [BUSY] rejected from [::1]:36314 (total=2269)
2026/06/08 11:12:31 [BUSY] rejected from [::1]:36320 (total=2270)
2026/06/08 11:12:31 [BUSY] rejected from [::1]:36324 (total=2271)
2026/06/08 11:12:31 [BUSY] rejected from [::1]:36334 (total=2272)
2026/06/08 11:12:31 [BUSY] rejected from [::1]:36348 (total=2273)
2026/06/08 11:12:31 [BUSY] rejected from [::1]:36364 (total=2274)
2026/06/08 11:12:31 [BUSY] rejected from [::1]:36368 (total=2275)
2026/06/08 11:12:31 [BUSY] rejected from [::1]:36376 (total=2276)
2026/06/08 11:12:31 [BUSY] rejected from [::1]:36384 (total=2277)
2026/06/08 11:12:31 [BUSY] rejected from [::1]:36398 (total=2278)
2026/06/08 11:12:31 [BUSY] rejected from [::1]:36406 (total=2279)
2026/06/08 11:12:31 [BUSY] rejected from [::1]:36422 (total=2280)
2026/06/08 11:12:31 [BUSY] rejected from [::1]:36430 (total=2281)
2026/06/08 11:12:31 [BUSY] rejected from [::1]:36444 (total=2282)
2026/06/08 11:12:31 [BUSY] rejected from [::1]:36446 (total=2283)
2026/06/08 11:12:31 [BUSY] rejected from [::1]:36454 (total=2284)
2026/06/08 11:12:31 [BUSY] rejected from [::1]:36466 (total=2285)
2026/06/08 11:12:31 [BUSY] rejected from [::1]:36468 (total=2286)
2026/06/08 11:12:31 [BUSY] rejected from [::1]:36474 (total=2287)
2026/06/08 11:12:31 [BUSY] rejected from [::1]:36486 (total=2288)
2026/06/08 11:12:31 [BUSY] rejected from [::1]:36492 (total=2289)
2026/06/08 11:12:31 [BUSY] rejected from [::1]:36504 (total=2290)
2026/06/08 11:12:31 [BUSY] rejected from [::1]:36510 (total=2291)
2026/06/08 11:12:31 [BUSY] rejected from [::1]:36522 (total=2292)
2026/06/08 11:12:31 [BUSY] rejected from [::1]:36526 (total=2293)
2026/06/08 11:12:31 [BUSY] rejected from [::1]:36540 (total=2294)
2026/06/08 11:12:31 [BUSY] rejected from [::1]:36546 (total=2295)
2026/06/08 11:12:31 [BUSY] rejected from [::1]:36562 (total=2296)
2026/06/08 11:12:31 [BUSY] rejected from [::1]:36564 (total=2297)
2026/06/08 11:12:31 [BUSY] rejected from [::1]:36572 (total=2298)
2026/06/08 11:12:31 [BUSY] rejected from [::1]:36574 (total=2299)
2026/06/08 11:12:31 [BUSY] rejected from [::1]:36588 (total=2300)
2026/06/08 11:12:31 [BUSY] rejected from [::1]:36604 (total=2301)
2026/06/08 11:12:31 [BUSY] rejected from [::1]:36610 (total=2302)
2026/06/08 11:12:31 [BUSY] rejected from [::1]:36624 (total=2303)
2026/06/08 11:12:31 [BUSY] rejected from [::1]:36640 (total=2304)
2026/06/08 11:12:31 [BUSY] rejected from [::1]:36646 (total=2305)
2026/06/08 11:12:31 [BUSY] rejected from [::1]:36658 (total=2306)
2026/06/08 11:12:31 [BUSY] rejected from [::1]:36666 (total=2307)
2026/06/08 11:12:31 [BUSY] rejected from [::1]:36682 (total=2308)
2026/06/08 11:12:31 [BUSY] rejected from [::1]:36690 (total=2309)
2026/06/08 11:12:31 [BUSY] rejected from [::1]:36704 (total=2310)
2026/06/08 11:12:31 [BUSY] rejected from [::1]:36714 (total=2311)
2026/06/08 11:12:31 [BUSY] rejected from [::1]:36724 (total=2312)
2026/06/08 11:12:31 [BUSY] rejected from [::1]:36736 (total=2313)
2026/06/08 11:12:31 [BUSY] rejected from [::1]:36738 (total=2314)
2026/06/08 11:12:31 [BUSY] rejected from [::1]:36744 (total=2315)
2026/06/08 11:12:31 [BUSY] rejected from [::1]:36754 (total=2316)
2026/06/08 11:12:31 [BUSY] rejected from [::1]:36762 (total=2317)
2026/06/08 11:12:31 [BUSY] rejected from [::1]:36770 (total=2318)
2026/06/08 11:12:31 [BUSY] rejected from [::1]:36774 (total=2319)
2026/06/08 11:12:31 [BUSY] rejected from [::1]:36790 (total=2320)
2026/06/08 11:12:31 [BUSY] rejected from [::1]:36804 (total=2321)
2026/06/08 11:12:31 [BUSY] rejected from [::1]:36810 (total=2322)
2026/06/08 11:12:31 [BUSY] rejected from [::1]:36822 (total=2323)
2026/06/08 11:12:31 [BUSY] rejected from [::1]:36828 (total=2324)
2026/06/08 11:12:31 [BUSY] rejected from [::1]:36832 (total=2325)
2026/06/08 11:12:31 [BUSY] rejected from [::1]:36848 (total=2326)
2026/06/08 11:12:31 [BUSY] rejected from [::1]:36856 (total=2327)
2026/06/08 11:12:31 [BUSY] rejected from [::1]:36862 (total=2328)
2026/06/08 11:12:31 [BUSY] rejected from [::1]:36868 (total=2329)
2026/06/08 11:12:31 [BUSY] rejected from [::1]:36874 (total=2330)
2026/06/08 11:12:31 [BUSY] rejected from [::1]:36882 (total=2331)
2026/06/08 11:12:31 [BUSY] rejected from [::1]:36888 (total=2332)
2026/06/08 11:12:31 [BUSY] rejected from [::1]:36904 (total=2333)
2026/06/08 11:12:31 [BUSY] rejected from [::1]:36920 (total=2334)
2026/06/08 11:12:31 [BUSY] rejected from [::1]:36922 (total=2335)
2026/06/08 11:12:31 [BUSY] rejected from [::1]:36934 (total=2336)
2026/06/08 11:12:31 [BUSY] rejected from [::1]:36936 (total=2337)
2026/06/08 11:12:31 [BUSY] rejected from [::1]:36944 (total=2338)
2026/06/08 11:12:31 [BUSY] rejected from [::1]:36958 (total=2339)
2026/06/08 11:12:31 [BUSY] rejected from [::1]:36968 (total=2340)
2026/06/08 11:12:31 [BUSY] rejected from [::1]:36984 (total=2341)
2026/06/08 11:12:31 [BUSY] rejected from [::1]:36998 (total=2342)
2026/06/08 11:12:31 [BUSY] rejected from [::1]:37012 (total=2343)
2026/06/08 11:12:31 [BUSY] rejected from [::1]:37028 (total=2344)
2026/06/08 11:12:31 [BUSY] rejected from [::1]:37044 (total=2345)
2026/06/08 11:12:31 [BUSY] rejected from [::1]:37050 (total=2346)
2026/06/08 11:12:31 [BUSY] rejected from [::1]:37056 (total=2347)
2026/06/08 11:12:31 [BUSY] rejected from [::1]:37072 (total=2348)
2026/06/08 11:12:31 [BUSY] rejected from [::1]:37088 (total=2349)
2026/06/08 11:12:31 [BUSY] rejected from [::1]:37098 (total=2350)
2026/06/08 11:12:31 [BUSY] rejected from [::1]:37106 (total=2351)
2026/06/08 11:12:31 [BUSY] rejected from [::1]:37110 (total=2352)
2026/06/08 11:12:31 [BUSY] rejected from [::1]:37126 (total=2353)
2026/06/08 11:12:31 [BUSY] rejected from [::1]:37142 (total=2354)
2026/06/08 11:12:31 [BUSY] rejected from [::1]:37152 (total=2355)
2026/06/08 11:12:31 [BUSY] rejected from [::1]:37158 (total=2356)
2026/06/08 11:12:31 [BUSY] rejected from [::1]:37166 (total=2357)
2026/06/08 11:12:31 [BUSY] rejected from [::1]:37182 (total=2358)
2026/06/08 11:12:31 [BUSY] rejected from [::1]:37190 (total=2359)
2026/06/08 11:12:31 [BUSY] rejected from [::1]:37198 (total=2360)
2026/06/08 11:12:31 [BUSY] rejected from [::1]:37208 (total=2361)
2026/06/08 11:12:31 [BUSY] rejected from [::1]:37224 (total=2362)
2026/06/08 11:12:31 [BUSY] rejected from [::1]:37234 (total=2363)
2026/06/08 11:12:31 [BUSY] rejected from [::1]:37242 (total=2364)
2026/06/08 11:12:31 [BUSY] rejected from [::1]:37250 (total=2365)
2026/06/08 11:12:31 [BUSY] rejected from [::1]:37266 (total=2366)
2026/06/08 11:12:31 [BUSY] rejected from [::1]:37274 (total=2367)
2026/06/08 11:12:31 [BUSY] rejected from [::1]:37286 (total=2368)
2026/06/08 11:12:31 [BUSY] rejected from [::1]:37290 (total=2369)
2026/06/08 11:12:31 [BUSY] rejected from [::1]:37300 (total=2370)
2026/06/08 11:12:31 [BUSY] rejected from [::1]:37308 (total=2371)
2026/06/08 11:12:31 [BUSY] rejected from [::1]:37324 (total=2372)
2026/06/08 11:12:31 [BUSY] rejected from [::1]:37334 (total=2373)
2026/06/08 11:12:31 [BUSY] rejected from [::1]:37344 (total=2374)
2026/06/08 11:12:31 [BUSY] rejected from [::1]:37354 (total=2375)
2026/06/08 11:12:31 [BUSY] rejected from [::1]:37370 (total=2376)
2026/06/08 11:12:31 [BUSY] rejected from [::1]:37382 (total=2377)
2026/06/08 11:12:31 [BUSY] rejected from [::1]:37398 (total=2378)
2026/06/08 11:12:31 [BUSY] rejected from [::1]:37408 (total=2379)
2026/06/08 11:12:31 [BUSY] rejected from [::1]:37410 (total=2380)
2026/06/08 11:12:31 [BUSY] rejected from [::1]:37416 (total=2381)
2026/06/08 11:12:31 [BUSY] rejected from [::1]:37426 (total=2382)
2026/06/08 11:12:31 [BUSY] rejected from [::1]:37430 (total=2383)
2026/06/08 11:12:31 [BUSY] rejected from [::1]:37444 (total=2384)
2026/06/08 11:12:31 [BUSY] rejected from [::1]:37450 (total=2385)
2026/06/08 11:12:31 [BUSY] rejected from [::1]:37462 (total=2386)
2026/06/08 11:12:31 [BUSY] rejected from [::1]:37464 (total=2387)
2026/06/08 11:12:31 [BUSY] rejected from [::1]:37474 (total=2388)
2026/06/08 11:12:31 [BUSY] rejected from [::1]:37476 (total=2389)
2026/06/08 11:12:31 [BUSY] rejected from [::1]:37478 (total=2390)
2026/06/08 11:12:31 [BUSY] rejected from [::1]:37492 (total=2391)
2026/06/08 11:12:31 [BUSY] rejected from [::1]:37504 (total=2392)
2026/06/08 11:12:31 [BUSY] rejected from [::1]:37512 (total=2393)
2026/06/08 11:12:31 [BUSY] rejected from [::1]:37528 (total=2394)
2026/06/08 11:12:31 [BUSY] rejected from [::1]:37536 (total=2395)
2026/06/08 11:12:31 [BUSY] rejected from [::1]:37540 (total=2396)
2026/06/08 11:12:31 [BUSY] rejected from [::1]:37544 (total=2397)
2026/06/08 11:12:31 [BUSY] rejected from [::1]:37550 (total=2398)
2026/06/08 11:12:31 [BUSY] rejected from [::1]:37560 (total=2399)
2026/06/08 11:12:31 [BUSY] rejected from [::1]:37570 (total=2400)
2026/06/08 11:12:31 [BUSY] rejected from [::1]:37584 (total=2401)
2026/06/08 11:12:31 [BUSY] rejected from [::1]:37598 (total=2402)
2026/06/08 11:12:31 [BUSY] rejected from [::1]:37602 (total=2403)
2026/06/08 11:12:31 [BUSY] rejected from [::1]:37610 (total=2404)
2026/06/08 11:12:31 [BUSY] rejected from [::1]:37618 (total=2405)
2026/06/08 11:12:31 [BUSY] rejected from [::1]:37620 (total=2406)
2026/06/08 11:12:31 [BUSY] rejected from [::1]:37634 (total=2407)
2026/06/08 11:12:31 [BUSY] rejected from [::1]:37642 (total=2408)
2026/06/08 11:12:31 [BUSY] rejected from [::1]:37650 (total=2409)
2026/06/08 11:12:31 [BUSY] rejected from [::1]:37662 (total=2410)
2026/06/08 11:12:31 [BUSY] rejected from [::1]:37670 (total=2411)
2026/06/08 11:12:31 [BUSY] rejected from [::1]:37674 (total=2412)
2026/06/08 11:12:31 [BUSY] rejected from [::1]:37676 (total=2413)
2026/06/08 11:12:31 [BUSY] rejected from [::1]:37692 (total=2414)
2026/06/08 11:12:31 [BUSY] rejected from [::1]:37696 (total=2415)
2026/06/08 11:12:31 [BUSY] rejected from [::1]:37710 (total=2416)
2026/06/08 11:12:31 [BUSY] rejected from [::1]:37716 (total=2417)
2026/06/08 11:12:31 [BUSY] rejected from [::1]:37718 (total=2418)
2026/06/08 11:12:31 [BUSY] rejected from [::1]:37728 (total=2419)
2026/06/08 11:12:31 [BUSY] rejected from [::1]:37730 (total=2420)
2026/06/08 11:12:31 [BUSY] rejected from [::1]:37734 (total=2421)
2026/06/08 11:12:31 [BUSY] rejected from [::1]:37736 (total=2422)
2026/06/08 11:12:31 [BUSY] rejected from [::1]:37752 (total=2423)
2026/06/08 11:12:31 [BUSY] rejected from [::1]:37760 (total=2424)
2026/06/08 11:12:31 [BUSY] rejected from [::1]:37776 (total=2425)
2026/06/08 11:12:31 [BUSY] rejected from [::1]:37788 (total=2426)
2026/06/08 11:12:31 [BUSY] rejected from [::1]:37796 (total=2427)
2026/06/08 11:12:31 [BUSY] rejected from [::1]:37810 (total=2428)
2026/06/08 11:12:31 [BUSY] rejected from [::1]:37814 (total=2429)
2026/06/08 11:12:31 [BUSY] rejected from [::1]:37820 (total=2430)
2026/06/08 11:12:31 [BUSY] rejected from [::1]:37834 (total=2431)
2026/06/08 11:12:31 [BUSY] rejected from [::1]:37840 (total=2432)
2026/06/08 11:12:31 [BUSY] rejected from [::1]:37856 (total=2433)
2026/06/08 11:12:31 [BUSY] rejected from [::1]:37870 (total=2434)
2026/06/08 11:12:31 [BUSY] rejected from [::1]:37878 (total=2435)
2026/06/08 11:12:31 [BUSY] rejected from [::1]:37894 (total=2436)
2026/06/08 11:12:31 [BUSY] rejected from [::1]:37896 (total=2437)
2026/06/08 11:12:31 [BUSY] rejected from [::1]:37898 (total=2438)
2026/06/08 11:12:31 [BUSY] rejected from [::1]:37904 (total=2439)
2026/06/08 11:12:31 [BUSY] rejected from [::1]:37916 (total=2440)
2026/06/08 11:12:31 [BUSY] rejected from [::1]:37924 (total=2441)
2026/06/08 11:12:31 [BUSY] rejected from [::1]:37932 (total=2442)
2026/06/08 11:12:31 [BUSY] rejected from [::1]:37940 (total=2443)
2026/06/08 11:12:31 [BUSY] rejected from [::1]:37956 (total=2444)
2026/06/08 11:12:31 [BUSY] rejected from [::1]:37964 (total=2445)
2026/06/08 11:12:31 [BUSY] rejected from [::1]:37972 (total=2446)
2026/06/08 11:12:31 [BUSY] rejected from [::1]:37984 (total=2447)
2026/06/08 11:12:31 [BUSY] rejected from [::1]:37986 (total=2448)
2026/06/08 11:12:31 [BUSY] rejected from [::1]:37988 (total=2449)
2026/06/08 11:12:31 [BUSY] rejected from [::1]:38000 (total=2450)
2026/06/08 11:12:31 [BUSY] rejected from [::1]:38010 (total=2451)
2026/06/08 11:12:31 [BUSY] rejected from [::1]:38014 (total=2452)
2026/06/08 11:12:31 [BUSY] rejected from [::1]:38026 (total=2453)
2026/06/08 11:12:31 [BUSY] rejected from [::1]:38028 (total=2454)
2026/06/08 11:12:31 [BUSY] rejected from [::1]:38032 (total=2455)
2026/06/08 11:12:31 [BUSY] rejected from [::1]:38048 (total=2456)
2026/06/08 11:12:31 [BUSY] rejected from [::1]:38062 (total=2457)
2026/06/08 11:12:31 [BUSY] rejected from [::1]:38070 (total=2458)
2026/06/08 11:12:31 [BUSY] rejected from [::1]:38076 (total=2459)
2026/06/08 11:12:31 [BUSY] rejected from [::1]:38092 (total=2460)
2026/06/08 11:12:31 [BUSY] rejected from [::1]:38102 (total=2461)
2026/06/08 11:12:31 [BUSY] rejected from [::1]:38118 (total=2462)
2026/06/08 11:12:31 [BUSY] rejected from [::1]:38120 (total=2463)
2026/06/08 11:12:31 [BUSY] rejected from [::1]:38122 (total=2464)
2026/06/08 11:12:31 [BUSY] rejected from [::1]:38132 (total=2465)
2026/06/08 11:12:31 [BUSY] rejected from [::1]:38140 (total=2466)
2026/06/08 11:12:31 [BUSY] rejected from [::1]:38146 (total=2467)
2026/06/08 11:12:31 [BUSY] rejected from [::1]:38148 (total=2468)
2026/06/08 11:12:31 [BUSY] rejected from [::1]:38164 (total=2469)
2026/06/08 11:12:31 [BUSY] rejected from [::1]:38176 (total=2470)
2026/06/08 11:12:31 [BUSY] rejected from [::1]:38182 (total=2471)
2026/06/08 11:12:31 [BUSY] rejected from [::1]:38190 (total=2472)
2026/06/08 11:12:31 [BUSY] rejected from [::1]:38200 (total=2473)
2026/06/08 11:12:31 [BUSY] rejected from [::1]:38214 (total=2474)
2026/06/08 11:12:31 [BUSY] rejected from [::1]:38218 (total=2475)
2026/06/08 11:12:31 [BUSY] rejected from [::1]:38226 (total=2476)
2026/06/08 11:12:31 [BUSY] rejected from [::1]:38238 (total=2477)
2026/06/08 11:12:31 [BUSY] rejected from [::1]:38242 (total=2478)
2026/06/08 11:12:31 [BUSY] rejected from [::1]:38248 (total=2479)
2026/06/08 11:12:31 [BUSY] rejected from [::1]:38262 (total=2480)
2026/06/08 11:12:31 [BUSY] rejected from [::1]:38270 (total=2481)
2026/06/08 11:12:31 [BUSY] rejected from [::1]:38286 (total=2482)
2026/06/08 11:12:31 [BUSY] rejected from [::1]:38302 (total=2483)
2026/06/08 11:12:31 [BUSY] rejected from [::1]:38312 (total=2484)
2026/06/08 11:12:31 [BUSY] rejected from [::1]:38314 (total=2485)
2026/06/08 11:12:31 [BUSY] rejected from [::1]:38326 (total=2486)
2026/06/08 11:12:31 [BUSY] rejected from [::1]:38342 (total=2487)
2026/06/08 11:12:31 [BUSY] rejected from [::1]:38356 (total=2488)
2026/06/08 11:12:31 [BUSY] rejected from [::1]:38370 (total=2489)
2026/06/08 11:12:31 [BUSY] rejected from [::1]:38386 (total=2490)
2026/06/08 11:12:31 [BUSY] rejected from [::1]:38392 (total=2491)
2026/06/08 11:12:31 [BUSY] rejected from [::1]:38398 (total=2492)
2026/06/08 11:12:31 [BUSY] rejected from [::1]:38414 (total=2493)
2026/06/08 11:12:31 [BUSY] rejected from [::1]:38430 (total=2494)
2026/06/08 11:12:31 [BUSY] rejected from [::1]:38444 (total=2495)
2026/06/08 11:12:31 [BUSY] rejected from [::1]:38452 (total=2496)
2026/06/08 11:12:31 [BUSY] rejected from [::1]:38462 (total=2497)
2026/06/08 11:12:31 [BUSY] rejected from [::1]:38466 (total=2498)
2026/06/08 11:12:31 [BUSY] rejected from [::1]:38476 (total=2499)
2026/06/08 11:12:31 [BUSY] rejected from [::1]:38490 (total=2500)
2026/06/08 11:12:31 [BUSY] rejected from [::1]:38498 (total=2501)
2026/06/08 11:12:31 [BUSY] rejected from [::1]:38512 (total=2502)
2026/06/08 11:12:31 [BUSY] rejected from [::1]:38516 (total=2503)
2026/06/08 11:12:31 [BUSY] rejected from [::1]:38532 (total=2504)
2026/06/08 11:12:31 [BUSY] rejected from [::1]:38546 (total=2505)
2026/06/08 11:12:31 [BUSY] rejected from [::1]:38558 (total=2506)
2026/06/08 11:12:31 [BUSY] rejected from [::1]:38572 (total=2507)
2026/06/08 11:12:31 [BUSY] rejected from [::1]:38574 (total=2508)
2026/06/08 11:12:31 [BUSY] rejected from [::1]:38586 (total=2509)
2026/06/08 11:12:31 [BUSY] rejected from [::1]:38598 (total=2510)
2026/06/08 11:12:31 [BUSY] rejected from [::1]:38608 (total=2511)
2026/06/08 11:12:31 [BUSY] rejected from [::1]:38618 (total=2512)
2026/06/08 11:12:31 [BUSY] rejected from [::1]:38634 (total=2513)
2026/06/08 11:12:31 [BUSY] rejected from [::1]:38648 (total=2514)
2026/06/08 11:12:31 [BUSY] rejected from [::1]:38656 (total=2515)
2026/06/08 11:12:31 [BUSY] rejected from [::1]:38662 (total=2516)
2026/06/08 11:12:31 [BUSY] rejected from [::1]:38672 (total=2517)
2026/06/08 11:12:31 [BUSY] rejected from [::1]:38676 (total=2518)
2026/06/08 11:12:31 [BUSY] rejected from [::1]:38686 (total=2519)
2026/06/08 11:12:31 [BUSY] rejected from [::1]:38694 (total=2520)
2026/06/08 11:12:31 [BUSY] rejected from [::1]:38698 (total=2521)
2026/06/08 11:12:31 [BUSY] rejected from [::1]:38706 (total=2522)
2026/06/08 11:12:31 [BUSY] rejected from [::1]:38714 (total=2523)
2026/06/08 11:12:31 [BUSY] rejected from [::1]:38718 (total=2524)
2026/06/08 11:12:31 [BUSY] rejected from [::1]:38732 (total=2525)
2026/06/08 11:12:31 [BUSY] rejected from [::1]:38746 (total=2526)
2026/06/08 11:12:31 [BUSY] rejected from [::1]:38754 (total=2527)
2026/06/08 11:12:31 [BUSY] rejected from [::1]:38758 (total=2528)
2026/06/08 11:12:31 [BUSY] rejected from [::1]:38770 (total=2529)
2026/06/08 11:12:31 [BUSY] rejected from [::1]:38776 (total=2530)
2026/06/08 11:12:31 [BUSY] rejected from [::1]:38784 (total=2531)
2026/06/08 11:12:31 [BUSY] rejected from [::1]:38792 (total=2532)
2026/06/08 11:12:31 [BUSY] rejected from [::1]:38796 (total=2533)
2026/06/08 11:12:31 [BUSY] rejected from [::1]:38806 (total=2534)
2026/06/08 11:12:31 [BUSY] rejected from [::1]:38812 (total=2535)
2026/06/08 11:12:31 [BUSY] rejected from [::1]:38828 (total=2536)
2026/06/08 11:12:31 [BUSY] rejected from [::1]:38838 (total=2537)
2026/06/08 11:12:31 [BUSY] rejected from [::1]:38854 (total=2538)
2026/06/08 11:12:31 [BUSY] rejected from [::1]:38862 (total=2539)
2026/06/08 11:12:31 [BUSY] rejected from [::1]:38876 (total=2540)
2026/06/08 11:12:31 [BUSY] rejected from [::1]:38878 (total=2541)
2026/06/08 11:12:31 [BUSY] rejected from [::1]:38888 (total=2542)
2026/06/08 11:12:31 [BUSY] rejected from [::1]:38896 (total=2543)
2026/06/08 11:12:31 [BUSY] rejected from [::1]:38902 (total=2544)
2026/06/08 11:12:31 [BUSY] rejected from [::1]:38916 (total=2545)
2026/06/08 11:12:31 [BUSY] rejected from [::1]:38920 (total=2546)
2026/06/08 11:12:31 [BUSY] rejected from [::1]:38922 (total=2547)
2026/06/08 11:12:31 [BUSY] rejected from [::1]:38934 (total=2548)
2026/06/08 11:12:31 [BUSY] rejected from [::1]:38946 (total=2549)
2026/06/08 11:12:31 [conn 141] disconnected
2026/06/08 11:12:31 [conn 146] connected from [::1]:58464
2026/06/08 11:12:31 [conn 146] received: Hello from worker 0, package 10, time: 1780897351186810188
2026/06/08 11:12:31 [BUSY] rejected from [::1]:38964 (total=2550)
2026/06/08 11:12:31 [conn 142] disconnected
2026/06/08 11:12:31 [conn 147] connected from [::1]:58472
2026/06/08 11:12:31 [conn 147] received: Hello from worker 0, package 11, time: 1780897351187010283
2026/06/08 11:12:31 [conn 143] disconnected
2026/06/08 11:12:31 [conn 148] connected from [::1]:58474
2026/06/08 11:12:31 [conn 148] received: Hello from worker 0, package 12, time: 1780897351187178128
2026/06/08 11:12:31 [conn 144] disconnected
2026/06/08 11:12:31 [conn 149] connected from [::1]:58486
2026/06/08 11:12:31 [conn 149] received: Hello from worker 0, package 13, time: 1780897351187379275
2026/06/08 11:12:31 [conn 145] disconnected
2026/06/08 11:12:31 [conn 150] connected from [::1]:58502
2026/06/08 11:12:31 [conn 150] received: Hello from worker 0, package 14, time: 1780897351187547811
2026/06/08 11:12:31 [BUSY] rejected from [::1]:39026 (total=2551)
2026/06/08 11:12:31 [BUSY] rejected from [::1]:39040 (total=2552)
2026/06/08 11:12:31 [BUSY] rejected from [::1]:39048 (total=2553)
2026/06/08 11:12:31 [BUSY] rejected from [::1]:39058 (total=2554)
2026/06/08 11:12:31 [BUSY] rejected from [::1]:39068 (total=2555)
2026/06/08 11:12:31 [BUSY] rejected from [::1]:39080 (total=2556)
2026/06/08 11:12:31 [BUSY] rejected from [::1]:39090 (total=2557)
2026/06/08 11:12:31 [BUSY] rejected from [::1]:39092 (total=2558)
2026/06/08 11:12:31 [BUSY] rejected from [::1]:39098 (total=2559)
2026/06/08 11:12:31 [BUSY] rejected from [::1]:39110 (total=2560)
2026/06/08 11:12:31 [BUSY] rejected from [::1]:39124 (total=2561)
2026/06/08 11:12:31 [BUSY] rejected from [::1]:39136 (total=2562)
2026/06/08 11:12:31 [BUSY] rejected from [::1]:39144 (total=2563)
2026/06/08 11:12:31 [BUSY] rejected from [::1]:39160 (total=2564)
2026/06/08 11:12:31 [BUSY] rejected from [::1]:39174 (total=2565)
2026/06/08 11:12:31 [BUSY] rejected from [::1]:39178 (total=2566)
2026/06/08 11:12:31 [BUSY] rejected from [::1]:39180 (total=2567)
2026/06/08 11:12:31 [BUSY] rejected from [::1]:39188 (total=2568)
2026/06/08 11:12:31 [BUSY] rejected from [::1]:39204 (total=2569)
2026/06/08 11:12:31 [BUSY] rejected from [::1]:39210 (total=2570)
2026/06/08 11:12:31 [BUSY] rejected from [::1]:39212 (total=2571)
2026/06/08 11:12:31 [BUSY] rejected from [::1]:39224 (total=2572)
2026/06/08 11:12:31 [BUSY] rejected from [::1]:39238 (total=2573)
2026/06/08 11:12:31 [BUSY] rejected from [::1]:39250 (total=2574)
2026/06/08 11:12:31 [BUSY] rejected from [::1]:39260 (total=2575)
2026/06/08 11:12:31 [BUSY] rejected from [::1]:39272 (total=2576)
2026/06/08 11:12:31 [BUSY] rejected from [::1]:39278 (total=2577)
2026/06/08 11:12:31 [BUSY] rejected from [::1]:39286 (total=2578)
2026/06/08 11:12:31 [BUSY] rejected from [::1]:39300 (total=2579)
2026/06/08 11:12:31 [BUSY] rejected from [::1]:39306 (total=2580)
2026/06/08 11:12:31 [BUSY] rejected from [::1]:39322 (total=2581)
2026/06/08 11:12:31 [BUSY] rejected from [::1]:39334 (total=2582)
2026/06/08 11:12:31 [BUSY] rejected from [::1]:39342 (total=2583)
2026/06/08 11:12:31 [BUSY] rejected from [::1]:39354 (total=2584)
2026/06/08 11:12:31 [BUSY] rejected from [::1]:39360 (total=2585)
2026/06/08 11:12:31 [BUSY] rejected from [::1]:39362 (total=2586)
2026/06/08 11:12:31 [BUSY] rejected from [::1]:39378 (total=2587)
2026/06/08 11:12:31 [BUSY] rejected from [::1]:39390 (total=2588)
2026/06/08 11:12:31 [BUSY] rejected from [::1]:39402 (total=2589)
2026/06/08 11:12:31 [BUSY] rejected from [::1]:39418 (total=2590)
2026/06/08 11:12:31 [BUSY] rejected from [::1]:39430 (total=2591)
2026/06/08 11:12:31 [BUSY] rejected from [::1]:39436 (total=2592)
2026/06/08 11:12:31 [BUSY] rejected from [::1]:39442 (total=2593)
2026/06/08 11:12:31 [BUSY] rejected from [::1]:39456 (total=2594)
2026/06/08 11:12:31 [BUSY] rejected from [::1]:39472 (total=2595)
2026/06/08 11:12:31 [BUSY] rejected from [::1]:39488 (total=2596)
2026/06/08 11:12:31 [BUSY] rejected from [::1]:39502 (total=2597)
2026/06/08 11:12:31 [BUSY] rejected from [::1]:39516 (total=2598)
2026/06/08 11:12:31 [BUSY] rejected from [::1]:39520 (total=2599)
2026/06/08 11:12:31 [BUSY] rejected from [::1]:39534 (total=2600)
2026/06/08 11:12:31 [BUSY] rejected from [::1]:39548 (total=2601)
2026/06/08 11:12:31 [BUSY] rejected from [::1]:39560 (total=2602)
2026/06/08 11:12:31 [BUSY] rejected from [::1]:39576 (total=2603)
2026/06/08 11:12:31 [BUSY] rejected from [::1]:39586 (total=2604)
2026/06/08 11:12:31 [BUSY] rejected from [::1]:39594 (total=2605)
2026/06/08 11:12:31 [BUSY] rejected from [::1]:39608 (total=2606)
2026/06/08 11:12:31 [BUSY] rejected from [::1]:39620 (total=2607)
2026/06/08 11:12:31 [BUSY] rejected from [::1]:39626 (total=2608)
2026/06/08 11:12:31 [BUSY] rejected from [::1]:39634 (total=2609)
2026/06/08 11:12:31 [BUSY] rejected from [::1]:39638 (total=2610)
2026/06/08 11:12:31 [BUSY] rejected from [::1]:39646 (total=2611)
2026/06/08 11:12:31 [BUSY] rejected from [::1]:39652 (total=2612)
2026/06/08 11:12:31 [BUSY] rejected from [::1]:39658 (total=2613)
2026/06/08 11:12:31 [BUSY] rejected from [::1]:39666 (total=2614)
2026/06/08 11:12:31 [BUSY] rejected from [::1]:39668 (total=2615)
2026/06/08 11:12:31 [BUSY] rejected from [::1]:39674 (total=2616)
2026/06/08 11:12:31 [BUSY] rejected from [::1]:39686 (total=2617)
2026/06/08 11:12:31 [BUSY] rejected from [::1]:39700 (total=2618)
2026/06/08 11:12:31 [BUSY] rejected from [::1]:39714 (total=2619)
2026/06/08 11:12:31 [BUSY] rejected from [::1]:39718 (total=2620)
2026/06/08 11:12:31 [BUSY] rejected from [::1]:39720 (total=2621)
2026/06/08 11:12:31 [BUSY] rejected from [::1]:39730 (total=2622)
2026/06/08 11:12:31 [BUSY] rejected from [::1]:39740 (total=2623)
2026/06/08 11:12:31 [BUSY] rejected from [::1]:39756 (total=2624)
2026/06/08 11:12:31 [BUSY] rejected from [::1]:39762 (total=2625)
2026/06/08 11:12:31 [BUSY] rejected from [::1]:39772 (total=2626)
2026/06/08 11:12:31 [BUSY] rejected from [::1]:39782 (total=2627)
2026/06/08 11:12:31 [BUSY] rejected from [::1]:39784 (total=2628)
2026/06/08 11:12:31 [BUSY] rejected from [::1]:39790 (total=2629)
2026/06/08 11:12:31 [BUSY] rejected from [::1]:39802 (total=2630)
2026/06/08 11:12:31 [BUSY] rejected from [::1]:39814 (total=2631)
2026/06/08 11:12:31 [BUSY] rejected from [::1]:39820 (total=2632)
2026/06/08 11:12:31 [BUSY] rejected from [::1]:39832 (total=2633)
2026/06/08 11:12:31 [BUSY] rejected from [::1]:39848 (total=2634)
2026/06/08 11:12:31 [BUSY] rejected from [::1]:39862 (total=2635)
2026/06/08 11:12:31 [BUSY] rejected from [::1]:39878 (total=2636)
2026/06/08 11:12:31 [BUSY] rejected from [::1]:39894 (total=2637)
2026/06/08 11:12:31 [BUSY] rejected from [::1]:39910 (total=2638)
2026/06/08 11:12:31 [BUSY] rejected from [::1]:39914 (total=2639)
2026/06/08 11:12:31 [BUSY] rejected from [::1]:39926 (total=2640)
2026/06/08 11:12:31 [BUSY] rejected from [::1]:39934 (total=2641)
2026/06/08 11:12:31 [BUSY] rejected from [::1]:39940 (total=2642)
2026/06/08 11:12:31 [BUSY] rejected from [::1]:39942 (total=2643)
2026/06/08 11:12:31 [BUSY] rejected from [::1]:39952 (total=2644)
2026/06/08 11:12:31 [BUSY] rejected from [::1]:39966 (total=2645)
2026/06/08 11:12:31 [BUSY] rejected from [::1]:39968 (total=2646)
2026/06/08 11:12:31 [BUSY] rejected from [::1]:39970 (total=2647)
2026/06/08 11:12:31 [BUSY] rejected from [::1]:39974 (total=2648)
2026/06/08 11:12:31 [BUSY] rejected from [::1]:39976 (total=2649)
2026/06/08 11:12:31 [BUSY] rejected from [::1]:39990 (total=2650)
2026/06/08 11:12:31 [BUSY] rejected from [::1]:39992 (total=2651)
2026/06/08 11:12:31 [BUSY] rejected from [::1]:39994 (total=2652)
2026/06/08 11:12:31 [BUSY] rejected from [::1]:40004 (total=2653)
2026/06/08 11:12:31 [BUSY] rejected from [::1]:40006 (total=2654)
2026/06/08 11:12:31 [BUSY] rejected from [::1]:40010 (total=2655)
2026/06/08 11:12:31 [BUSY] rejected from [::1]:40024 (total=2656)
2026/06/08 11:12:31 [BUSY] rejected from [::1]:40034 (total=2657)
2026/06/08 11:12:31 [BUSY] rejected from [::1]:40050 (total=2658)
2026/06/08 11:12:31 [BUSY] rejected from [::1]:40060 (total=2659)
2026/06/08 11:12:31 [BUSY] rejected from [::1]:40068 (total=2660)
2026/06/08 11:12:31 [BUSY] rejected from [::1]:40082 (total=2661)
2026/06/08 11:12:31 [BUSY] rejected from [::1]:40094 (total=2662)
2026/06/08 11:12:31 [BUSY] rejected from [::1]:40108 (total=2663)
2026/06/08 11:12:31 [BUSY] rejected from [::1]:40118 (total=2664)
2026/06/08 11:12:31 [BUSY] rejected from [::1]:40126 (total=2665)
2026/06/08 11:12:31 [BUSY] rejected from [::1]:40142 (total=2666)
2026/06/08 11:12:31 [BUSY] rejected from [::1]:40152 (total=2667)
2026/06/08 11:12:31 [BUSY] rejected from [::1]:40154 (total=2668)
2026/06/08 11:12:31 [BUSY] rejected from [::1]:40166 (total=2669)
2026/06/08 11:12:31 [BUSY] rejected from [::1]:40176 (total=2670)
2026/06/08 11:12:31 [BUSY] rejected from [::1]:40180 (total=2671)
2026/06/08 11:12:31 [BUSY] rejected from [::1]:40184 (total=2672)
2026/06/08 11:12:31 [BUSY] rejected from [::1]:40188 (total=2673)
2026/06/08 11:12:31 [BUSY] rejected from [::1]:40202 (total=2674)
2026/06/08 11:12:31 [BUSY] rejected from [::1]:40204 (total=2675)
2026/06/08 11:12:31 [BUSY] rejected from [::1]:40208 (total=2676)
2026/06/08 11:12:31 [BUSY] rejected from [::1]:40222 (total=2677)
2026/06/08 11:12:31 [BUSY] rejected from [::1]:40224 (total=2678)
2026/06/08 11:12:31 [BUSY] rejected from [::1]:40232 (total=2679)
2026/06/08 11:12:31 [BUSY] rejected from [::1]:40240 (total=2680)
2026/06/08 11:12:31 [BUSY] rejected from [::1]:40244 (total=2681)
2026/06/08 11:12:31 [BUSY] rejected from [::1]:40250 (total=2682)
2026/06/08 11:12:31 [BUSY] rejected from [::1]:40262 (total=2683)
2026/06/08 11:12:31 [BUSY] rejected from [::1]:40274 (total=2684)
2026/06/08 11:12:31 [BUSY] rejected from [::1]:40288 (total=2685)
2026/06/08 11:12:31 [BUSY] rejected from [::1]:40296 (total=2686)
2026/06/08 11:12:31 [BUSY] rejected from [::1]:40302 (total=2687)
2026/06/08 11:12:31 [BUSY] rejected from [::1]:40314 (total=2688)
2026/06/08 11:12:31 [BUSY] rejected from [::1]:40324 (total=2689)
2026/06/08 11:12:31 [BUSY] rejected from [::1]:40326 (total=2690)
2026/06/08 11:12:31 [BUSY] rejected from [::1]:40330 (total=2691)
2026/06/08 11:12:31 [BUSY] rejected from [::1]:40332 (total=2692)
2026/06/08 11:12:31 [BUSY] rejected from [::1]:40348 (total=2693)
2026/06/08 11:12:31 [BUSY] rejected from [::1]:40358 (total=2694)
2026/06/08 11:12:31 [BUSY] rejected from [::1]:40370 (total=2695)
2026/06/08 11:12:31 [BUSY] rejected from [::1]:40384 (total=2696)
2026/06/08 11:12:31 [BUSY] rejected from [::1]:40386 (total=2697)
2026/06/08 11:12:31 [BUSY] rejected from [::1]:40392 (total=2698)
2026/06/08 11:12:31 [BUSY] rejected from [::1]:40398 (total=2699)
2026/06/08 11:12:31 [BUSY] rejected from [::1]:40406 (total=2700)
2026/06/08 11:12:31 [BUSY] rejected from [::1]:40414 (total=2701)
2026/06/08 11:12:31 [BUSY] rejected from [::1]:40430 (total=2702)
2026/06/08 11:12:31 [BUSY] rejected from [::1]:40440 (total=2703)
2026/06/08 11:12:31 [BUSY] rejected from [::1]:40444 (total=2704)
2026/06/08 11:12:31 [BUSY] rejected from [::1]:40454 (total=2705)
2026/06/08 11:12:31 [BUSY] rejected from [::1]:40456 (total=2706)
2026/06/08 11:12:31 [BUSY] rejected from [::1]:40462 (total=2707)
2026/06/08 11:12:31 [BUSY] rejected from [::1]:40472 (total=2708)
2026/06/08 11:12:31 [BUSY] rejected from [::1]:40474 (total=2709)
2026/06/08 11:12:31 [BUSY] rejected from [::1]:40488 (total=2710)
2026/06/08 11:12:31 [BUSY] rejected from [::1]:40502 (total=2711)
2026/06/08 11:12:31 [BUSY] rejected from [::1]:40510 (total=2712)
2026/06/08 11:12:31 [BUSY] rejected from [::1]:40516 (total=2713)
2026/06/08 11:12:31 [BUSY] rejected from [::1]:40518 (total=2714)
2026/06/08 11:12:31 [BUSY] rejected from [::1]:40526 (total=2715)
2026/06/08 11:12:31 [BUSY] rejected from [::1]:40540 (total=2716)
2026/06/08 11:12:31 [BUSY] rejected from [::1]:40546 (total=2717)
2026/06/08 11:12:31 [BUSY] rejected from [::1]:40558 (total=2718)
2026/06/08 11:12:31 [BUSY] rejected from [::1]:40572 (total=2719)
2026/06/08 11:12:31 [BUSY] rejected from [::1]:40582 (total=2720)
2026/06/08 11:12:31 [BUSY] rejected from [::1]:40590 (total=2721)
2026/06/08 11:12:31 [BUSY] rejected from [::1]:40602 (total=2722)
2026/06/08 11:12:31 [BUSY] rejected from [::1]:40614 (total=2723)
2026/06/08 11:12:31 [BUSY] rejected from [::1]:40620 (total=2724)
2026/06/08 11:12:31 [BUSY] rejected from [::1]:40622 (total=2725)
2026/06/08 11:12:31 [BUSY] rejected from [::1]:40634 (total=2726)
2026/06/08 11:12:31 [BUSY] rejected from [::1]:40644 (total=2727)
2026/06/08 11:12:31 [BUSY] rejected from [::1]:40646 (total=2728)
2026/06/08 11:12:31 [BUSY] rejected from [::1]:40652 (total=2729)
2026/06/08 11:12:31 [BUSY] rejected from [::1]:40668 (total=2730)
2026/06/08 11:12:31 [BUSY] rejected from [::1]:40672 (total=2731)
2026/06/08 11:12:31 [BUSY] rejected from [::1]:40684 (total=2732)
2026/06/08 11:12:31 [BUSY] rejected from [::1]:40694 (total=2733)
2026/06/08 11:12:31 [BUSY] rejected from [::1]:40706 (total=2734)
2026/06/08 11:12:31 [BUSY] rejected from [::1]:40712 (total=2735)
2026/06/08 11:12:31 [BUSY] rejected from [::1]:40728 (total=2736)
2026/06/08 11:12:31 [BUSY] rejected from [::1]:40740 (total=2737)
2026/06/08 11:12:31 [BUSY] rejected from [::1]:40746 (total=2738)
2026/06/08 11:12:31 [BUSY] rejected from [::1]:40752 (total=2739)
2026/06/08 11:12:31 [BUSY] rejected from [::1]:40760 (total=2740)
2026/06/08 11:12:31 [BUSY] rejected from [::1]:40768 (total=2741)
2026/06/08 11:12:31 [BUSY] rejected from [::1]:40784 (total=2742)
2026/06/08 11:12:31 [BUSY] rejected from [::1]:40800 (total=2743)
2026/06/08 11:12:31 [BUSY] rejected from [::1]:40804 (total=2744)
2026/06/08 11:12:31 [BUSY] rejected from [::1]:40808 (total=2745)
2026/06/08 11:12:31 [BUSY] rejected from [::1]:40816 (total=2746)
2026/06/08 11:12:31 [BUSY] rejected from [::1]:40830 (total=2747)
2026/06/08 11:12:31 [BUSY] rejected from [::1]:40846 (total=2748)
2026/06/08 11:12:31 [BUSY] rejected from [::1]:40862 (total=2749)
2026/06/08 11:12:31 [BUSY] rejected from [::1]:40868 (total=2750)
2026/06/08 11:12:31 [BUSY] rejected from [::1]:40884 (total=2751)
2026/06/08 11:12:31 [BUSY] rejected from [::1]:40890 (total=2752)
2026/06/08 11:12:31 [BUSY] rejected from [::1]:40892 (total=2753)
2026/06/08 11:12:31 [BUSY] rejected from [::1]:40906 (total=2754)
2026/06/08 11:12:31 [BUSY] rejected from [::1]:40916 (total=2755)
2026/06/08 11:12:31 [BUSY] rejected from [::1]:40932 (total=2756)
2026/06/08 11:12:31 [BUSY] rejected from [::1]:40938 (total=2757)
2026/06/08 11:12:31 [BUSY] rejected from [::1]:40940 (total=2758)
2026/06/08 11:12:31 [BUSY] rejected from [::1]:40944 (total=2759)
2026/06/08 11:12:31 [BUSY] rejected from [::1]:40950 (total=2760)
2026/06/08 11:12:31 [BUSY] rejected from [::1]:40952 (total=2761)
2026/06/08 11:12:31 [BUSY] rejected from [::1]:40964 (total=2762)
2026/06/08 11:12:31 [BUSY] rejected from [::1]:40972 (total=2763)
2026/06/08 11:12:31 [BUSY] rejected from [::1]:40982 (total=2764)
2026/06/08 11:12:31 [BUSY] rejected from [::1]:40994 (total=2765)
2026/06/08 11:12:31 [BUSY] rejected from [::1]:41008 (total=2766)
2026/06/08 11:12:31 [BUSY] rejected from [::1]:41014 (total=2767)
2026/06/08 11:12:31 [BUSY] rejected from [::1]:41028 (total=2768)
2026/06/08 11:12:31 [BUSY] rejected from [::1]:41038 (total=2769)
2026/06/08 11:12:31 [BUSY] rejected from [::1]:41044 (total=2770)
2026/06/08 11:12:31 [BUSY] rejected from [::1]:41054 (total=2771)
2026/06/08 11:12:31 [BUSY] rejected from [::1]:41058 (total=2772)
2026/06/08 11:12:31 [BUSY] rejected from [::1]:41060 (total=2773)
2026/06/08 11:12:31 [BUSY] rejected from [::1]:41068 (total=2774)
2026/06/08 11:12:31 [BUSY] rejected from [::1]:41070 (total=2775)
2026/06/08 11:12:31 [BUSY] rejected from [::1]:41078 (total=2776)
2026/06/08 11:12:31 [BUSY] rejected from [::1]:41092 (total=2777)
2026/06/08 11:12:31 [BUSY] rejected from [::1]:41094 (total=2778)
2026/06/08 11:12:31 [BUSY] rejected from [::1]:41098 (total=2779)
2026/06/08 11:12:31 [BUSY] rejected from [::1]:41112 (total=2780)
2026/06/08 11:12:31 [BUSY] rejected from [::1]:41118 (total=2781)
2026/06/08 11:12:31 [BUSY] rejected from [::1]:41134 (total=2782)
2026/06/08 11:12:31 [BUSY] rejected from [::1]:41136 (total=2783)
2026/06/08 11:12:31 [BUSY] rejected from [::1]:41140 (total=2784)
2026/06/08 11:12:31 [BUSY] rejected from [::1]:41142 (total=2785)
2026/06/08 11:12:31 [BUSY] rejected from [::1]:41150 (total=2786)
2026/06/08 11:12:31 [BUSY] rejected from [::1]:41156 (total=2787)
2026/06/08 11:12:31 [BUSY] rejected from [::1]:41166 (total=2788)
2026/06/08 11:12:31 [BUSY] rejected from [::1]:41170 (total=2789)
2026/06/08 11:12:31 [BUSY] rejected from [::1]:41186 (total=2790)
2026/06/08 11:12:31 [BUSY] rejected from [::1]:41196 (total=2791)
2026/06/08 11:12:31 [BUSY] rejected from [::1]:41202 (total=2792)
2026/06/08 11:12:31 [BUSY] rejected from [::1]:41210 (total=2793)
2026/06/08 11:12:31 [BUSY] rejected from [::1]:41226 (total=2794)
2026/06/08 11:12:31 [BUSY] rejected from [::1]:41240 (total=2795)
2026/06/08 11:12:31 [BUSY] rejected from [::1]:41246 (total=2796)
2026/06/08 11:12:31 [BUSY] rejected from [::1]:41254 (total=2797)
2026/06/08 11:12:31 [BUSY] rejected from [::1]:41268 (total=2798)
2026/06/08 11:12:31 [BUSY] rejected from [::1]:41278 (total=2799)
2026/06/08 11:12:31 [BUSY] rejected from [::1]:41292 (total=2800)
2026/06/08 11:12:31 [BUSY] rejected from [::1]:41308 (total=2801)
2026/06/08 11:12:31 [BUSY] rejected from [::1]:41310 (total=2802)
2026/06/08 11:12:31 [BUSY] rejected from [::1]:41320 (total=2803)
2026/06/08 11:12:31 [BUSY] rejected from [::1]:41326 (total=2804)
2026/06/08 11:12:31 [BUSY] rejected from [::1]:41338 (total=2805)
2026/06/08 11:12:31 [BUSY] rejected from [::1]:41342 (total=2806)
2026/06/08 11:12:31 [BUSY] rejected from [::1]:41346 (total=2807)
2026/06/08 11:12:31 [BUSY] rejected from [::1]:41354 (total=2808)
2026/06/08 11:12:31 [BUSY] rejected from [::1]:41366 (total=2809)
2026/06/08 11:12:31 [BUSY] rejected from [::1]:41372 (total=2810)
2026/06/08 11:12:31 [BUSY] rejected from [::1]:41380 (total=2811)
2026/06/08 11:12:31 [BUSY] rejected from [::1]:41386 (total=2812)
2026/06/08 11:12:31 [BUSY] rejected from [::1]:41400 (total=2813)
2026/06/08 11:12:31 [BUSY] rejected from [::1]:41408 (total=2814)
2026/06/08 11:12:31 [BUSY] rejected from [::1]:41422 (total=2815)
2026/06/08 11:12:31 [BUSY] rejected from [::1]:41434 (total=2816)
2026/06/08 11:12:31 [BUSY] rejected from [::1]:41436 (total=2817)
2026/06/08 11:12:31 [BUSY] rejected from [::1]:41440 (total=2818)
2026/06/08 11:12:31 [BUSY] rejected from [::1]:41450 (total=2819)
2026/06/08 11:12:31 [BUSY] rejected from [::1]:41462 (total=2820)
2026/06/08 11:12:31 [BUSY] rejected from [::1]:41470 (total=2821)
2026/06/08 11:12:31 [BUSY] rejected from [::1]:41486 (total=2822)
2026/06/08 11:12:31 [BUSY] rejected from [::1]:41500 (total=2823)
2026/06/08 11:12:31 [BUSY] rejected from [::1]:41510 (total=2824)
2026/06/08 11:12:31 [BUSY] rejected from [::1]:41512 (total=2825)
2026/06/08 11:12:31 [BUSY] rejected from [::1]:41520 (total=2826)
2026/06/08 11:12:31 [BUSY] rejected from [::1]:41526 (total=2827)
2026/06/08 11:12:31 [BUSY] rejected from [::1]:41530 (total=2828)
2026/06/08 11:12:31 [BUSY] rejected from [::1]:41540 (total=2829)
2026/06/08 11:12:31 [BUSY] rejected from [::1]:41554 (total=2830)
2026/06/08 11:12:31 [BUSY] rejected from [::1]:41556 (total=2831)
2026/06/08 11:12:31 [BUSY] rejected from [::1]:41564 (total=2832)
2026/06/08 11:12:31 [BUSY] rejected from [::1]:41570 (total=2833)
2026/06/08 11:12:31 [BUSY] rejected from [::1]:41580 (total=2834)
2026/06/08 11:12:31 [BUSY] rejected from [::1]:41582 (total=2835)
2026/06/08 11:12:31 [BUSY] rejected from [::1]:41592 (total=2836)
2026/06/08 11:12:31 [BUSY] rejected from [::1]:41606 (total=2837)
2026/06/08 11:12:31 [BUSY] rejected from [::1]:41610 (total=2838)
2026/06/08 11:12:31 [BUSY] rejected from [::1]:41612 (total=2839)
2026/06/08 11:12:31 [BUSY] rejected from [::1]:41614 (total=2840)
2026/06/08 11:12:31 [BUSY] rejected from [::1]:41628 (total=2841)
2026/06/08 11:12:31 [BUSY] rejected from [::1]:41632 (total=2842)
2026/06/08 11:12:31 [BUSY] rejected from [::1]:41646 (total=2843)
2026/06/08 11:12:31 [BUSY] rejected from [::1]:41650 (total=2844)
2026/06/08 11:12:31 [BUSY] rejected from [::1]:41666 (total=2845)
2026/06/08 11:12:31 [BUSY] rejected from [::1]:41678 (total=2846)
2026/06/08 11:12:31 [BUSY] rejected from [::1]:41682 (total=2847)
2026/06/08 11:12:31 [BUSY] rejected from [::1]:41690 (total=2848)
2026/06/08 11:12:31 [BUSY] rejected from [::1]:41692 (total=2849)
2026/06/08 11:12:31 [BUSY] rejected from [::1]:41702 (total=2850)
2026/06/08 11:12:31 [BUSY] rejected from [::1]:41710 (total=2851)
2026/06/08 11:12:31 [BUSY] rejected from [::1]:41720 (total=2852)
2026/06/08 11:12:31 [BUSY] rejected from [::1]:41736 (total=2853)
2026/06/08 11:12:31 [BUSY] rejected from [::1]:41744 (total=2854)
2026/06/08 11:12:31 [BUSY] rejected from [::1]:41752 (total=2855)
2026/06/08 11:12:31 [BUSY] rejected from [::1]:41756 (total=2856)
2026/06/08 11:12:31 [BUSY] rejected from [::1]:41766 (total=2857)
2026/06/08 11:12:31 [BUSY] rejected from [::1]:41782 (total=2858)
2026/06/08 11:12:31 [BUSY] rejected from [::1]:41784 (total=2859)
2026/06/08 11:12:31 [BUSY] rejected from [::1]:41800 (total=2860)
2026/06/08 11:12:31 [BUSY] rejected from [::1]:41806 (total=2861)
2026/06/08 11:12:31 [BUSY] rejected from [::1]:41810 (total=2862)
2026/06/08 11:12:31 [BUSY] rejected from [::1]:41812 (total=2863)
2026/06/08 11:12:31 [BUSY] rejected from [::1]:41826 (total=2864)
2026/06/08 11:12:31 [BUSY] rejected from [::1]:41828 (total=2865)
2026/06/08 11:12:31 [BUSY] rejected from [::1]:41832 (total=2866)
2026/06/08 11:12:31 [BUSY] rejected from [::1]:41834 (total=2867)
2026/06/08 11:12:31 [BUSY] rejected from [::1]:41850 (total=2868)
2026/06/08 11:12:31 [BUSY] rejected from [::1]:41854 (total=2869)
2026/06/08 11:12:31 [BUSY] rejected from [::1]:41856 (total=2870)
2026/06/08 11:12:31 [BUSY] rejected from [::1]:41862 (total=2871)
2026/06/08 11:12:31 [BUSY] rejected from [::1]:41870 (total=2872)
2026/06/08 11:12:31 [BUSY] rejected from [::1]:41872 (total=2873)
2026/06/08 11:12:31 [BUSY] rejected from [::1]:41888 (total=2874)
2026/06/08 11:12:31 [BUSY] rejected from [::1]:41902 (total=2875)
2026/06/08 11:12:31 [BUSY] rejected from [::1]:41908 (total=2876)
2026/06/08 11:12:31 [BUSY] rejected from [::1]:41920 (total=2877)
2026/06/08 11:12:31 [BUSY] rejected from [::1]:41930 (total=2878)
2026/06/08 11:12:31 [BUSY] rejected from [::1]:41934 (total=2879)
2026/06/08 11:12:31 [BUSY] rejected from [::1]:41940 (total=2880)
2026/06/08 11:12:31 [BUSY] rejected from [::1]:41956 (total=2881)
2026/06/08 11:12:31 [BUSY] rejected from [::1]:41960 (total=2882)
2026/06/08 11:12:31 [BUSY] rejected from [::1]:41966 (total=2883)
2026/06/08 11:12:31 [BUSY] rejected from [::1]:41978 (total=2884)
2026/06/08 11:12:31 [BUSY] rejected from [::1]:41986 (total=2885)
2026/06/08 11:12:31 [BUSY] rejected from [::1]:41994 (total=2886)
2026/06/08 11:12:31 [BUSY] rejected from [::1]:42002 (total=2887)
2026/06/08 11:12:31 [BUSY] rejected from [::1]:42018 (total=2888)
2026/06/08 11:12:31 [BUSY] rejected from [::1]:42028 (total=2889)
2026/06/08 11:12:31 [BUSY] rejected from [::1]:42032 (total=2890)
2026/06/08 11:12:31 [BUSY] rejected from [::1]:42036 (total=2891)
2026/06/08 11:12:31 [BUSY] rejected from [::1]:42050 (total=2892)
2026/06/08 11:12:31 [BUSY] rejected from [::1]:42056 (total=2893)
2026/06/08 11:12:31 [BUSY] rejected from [::1]:42060 (total=2894)
2026/06/08 11:12:31 [BUSY] rejected from [::1]:42074 (total=2895)
2026/06/08 11:12:31 [BUSY] rejected from [::1]:42084 (total=2896)
2026/06/08 11:12:31 [BUSY] rejected from [::1]:42090 (total=2897)
2026/06/08 11:12:31 [BUSY] rejected from [::1]:42106 (total=2898)
2026/06/08 11:12:31 [BUSY] rejected from [::1]:42120 (total=2899)
2026/06/08 11:12:31 [BUSY] rejected from [::1]:42130 (total=2900)
2026/06/08 11:12:31 [BUSY] rejected from [::1]:42134 (total=2901)
2026/06/08 11:12:31 [BUSY] rejected from [::1]:42146 (total=2902)
2026/06/08 11:12:31 [BUSY] rejected from [::1]:42156 (total=2903)
2026/06/08 11:12:31 [BUSY] rejected from [::1]:42162 (total=2904)
2026/06/08 11:12:31 [BUSY] rejected from [::1]:42168 (total=2905)
2026/06/08 11:12:31 [BUSY] rejected from [::1]:42184 (total=2906)
2026/06/08 11:12:31 [BUSY] rejected from [::1]:42198 (total=2907)
2026/06/08 11:12:31 [BUSY] rejected from [::1]:42210 (total=2908)
2026/06/08 11:12:31 [BUSY] rejected from [::1]:42214 (total=2909)
2026/06/08 11:12:31 [BUSY] rejected from [::1]:42222 (total=2910)
2026/06/08 11:12:31 [BUSY] rejected from [::1]:42238 (total=2911)
2026/06/08 11:12:31 [BUSY] rejected from [::1]:42250 (total=2912)
2026/06/08 11:12:31 [BUSY] rejected from [::1]:42260 (total=2913)
2026/06/08 11:12:31 [BUSY] rejected from [::1]:42276 (total=2914)
2026/06/08 11:12:31 [BUSY] rejected from [::1]:42284 (total=2915)
2026/06/08 11:12:31 [BUSY] rejected from [::1]:42298 (total=2916)
2026/06/08 11:12:31 [BUSY] rejected from [::1]:42310 (total=2917)
2026/06/08 11:12:31 [BUSY] rejected from [::1]:42316 (total=2918)
2026/06/08 11:12:31 [BUSY] rejected from [::1]:42322 (total=2919)
2026/06/08 11:12:31 [BUSY] rejected from [::1]:42338 (total=2920)
2026/06/08 11:12:31 [BUSY] rejected from [::1]:42340 (total=2921)
2026/06/08 11:12:31 [BUSY] rejected from [::1]:42342 (total=2922)
2026/06/08 11:12:31 [BUSY] rejected from [::1]:42346 (total=2923)
2026/06/08 11:12:31 [BUSY] rejected from [::1]:42350 (total=2924)
2026/06/08 11:12:31 [BUSY] rejected from [::1]:42356 (total=2925)
2026/06/08 11:12:31 [BUSY] rejected from [::1]:42358 (total=2926)
2026/06/08 11:12:31 [BUSY] rejected from [::1]:42372 (total=2927)
2026/06/08 11:12:31 [BUSY] rejected from [::1]:42376 (total=2928)
2026/06/08 11:12:31 [BUSY] rejected from [::1]:42386 (total=2929)
2026/06/08 11:12:31 [BUSY] rejected from [::1]:42400 (total=2930)
2026/06/08 11:12:31 [BUSY] rejected from [::1]:42410 (total=2931)
2026/06/08 11:12:31 [BUSY] rejected from [::1]:42422 (total=2932)
2026/06/08 11:12:31 [BUSY] rejected from [::1]:42436 (total=2933)
2026/06/08 11:12:31 [BUSY] rejected from [::1]:42446 (total=2934)
2026/06/08 11:12:31 [BUSY] rejected from [::1]:42452 (total=2935)
2026/06/08 11:12:31 [BUSY] rejected from [::1]:42458 (total=2936)
2026/06/08 11:12:31 [BUSY] rejected from [::1]:42466 (total=2937)
2026/06/08 11:12:31 [BUSY] rejected from [::1]:42478 (total=2938)
2026/06/08 11:12:31 [BUSY] rejected from [::1]:42488 (total=2939)
2026/06/08 11:12:31 [BUSY] rejected from [::1]:42494 (total=2940)
2026/06/08 11:12:31 [BUSY] rejected from [::1]:42496 (total=2941)
2026/06/08 11:12:31 [BUSY] rejected from [::1]:42508 (total=2942)
2026/06/08 11:12:31 [BUSY] rejected from [::1]:42516 (total=2943)
2026/06/08 11:12:31 [BUSY] rejected from [::1]:42522 (total=2944)
2026/06/08 11:12:31 [BUSY] rejected from [::1]:42532 (total=2945)
2026/06/08 11:12:31 [BUSY] rejected from [::1]:42536 (total=2946)
2026/06/08 11:12:31 [BUSY] rejected from [::1]:42550 (total=2947)
2026/06/08 11:12:31 [BUSY] rejected from [::1]:42558 (total=2948)
2026/06/08 11:12:31 [BUSY] rejected from [::1]:42560 (total=2949)
2026/06/08 11:12:31 [BUSY] rejected from [::1]:42574 (total=2950)
2026/06/08 11:12:31 [BUSY] rejected from [::1]:42590 (total=2951)
2026/06/08 11:12:31 [BUSY] rejected from [::1]:42598 (total=2952)
2026/06/08 11:12:31 [BUSY] rejected from [::1]:42602 (total=2953)
2026/06/08 11:12:31 [BUSY] rejected from [::1]:42612 (total=2954)
2026/06/08 11:12:31 [BUSY] rejected from [::1]:42614 (total=2955)
2026/06/08 11:12:31 [BUSY] rejected from [::1]:42616 (total=2956)
2026/06/08 11:12:31 [BUSY] rejected from [::1]:42622 (total=2957)
2026/06/08 11:12:31 [BUSY] rejected from [::1]:42628 (total=2958)
2026/06/08 11:12:31 [BUSY] rejected from [::1]:42642 (total=2959)
2026/06/08 11:12:31 [BUSY] rejected from [::1]:42644 (total=2960)
2026/06/08 11:12:31 [BUSY] rejected from [::1]:42660 (total=2961)
2026/06/08 11:12:31 [BUSY] rejected from [::1]:42676 (total=2962)
2026/06/08 11:12:31 [BUSY] rejected from [::1]:42680 (total=2963)
2026/06/08 11:12:31 [BUSY] rejected from [::1]:42684 (total=2964)
2026/06/08 11:12:31 [BUSY] rejected from [::1]:42698 (total=2965)
2026/06/08 11:12:31 [BUSY] rejected from [::1]:42700 (total=2966)
2026/06/08 11:12:31 [BUSY] rejected from [::1]:42710 (total=2967)
2026/06/08 11:12:31 [BUSY] rejected from [::1]:42716 (total=2968)
2026/06/08 11:12:31 [BUSY] rejected from [::1]:42726 (total=2969)
2026/06/08 11:12:31 [BUSY] rejected from [::1]:42734 (total=2970)
2026/06/08 11:12:31 [BUSY] rejected from [::1]:42738 (total=2971)
2026/06/08 11:12:31 [BUSY] rejected from [::1]:42744 (total=2972)
2026/06/08 11:12:31 [BUSY] rejected from [::1]:42758 (total=2973)
2026/06/08 11:12:31 [BUSY] rejected from [::1]:42764 (total=2974)
2026/06/08 11:12:31 [BUSY] rejected from [::1]:42768 (total=2975)
2026/06/08 11:12:31 [BUSY] rejected from [::1]:42784 (total=2976)
2026/06/08 11:12:31 [BUSY] rejected from [::1]:42790 (total=2977)
2026/06/08 11:12:31 [BUSY] rejected from [::1]:42800 (total=2978)
2026/06/08 11:12:31 [BUSY] rejected from [::1]:42810 (total=2979)
2026/06/08 11:12:31 [BUSY] rejected from [::1]:42824 (total=2980)
2026/06/08 11:12:31 [BUSY] rejected from [::1]:42834 (total=2981)
2026/06/08 11:12:31 [BUSY] rejected from [::1]:42836 (total=2982)
2026/06/08 11:12:31 [BUSY] rejected from [::1]:42842 (total=2983)
2026/06/08 11:12:31 [BUSY] rejected from [::1]:42844 (total=2984)
2026/06/08 11:12:31 [BUSY] rejected from [::1]:42846 (total=2985)
2026/06/08 11:12:31 [BUSY] rejected from [::1]:42850 (total=2986)
2026/06/08 11:12:31 [BUSY] rejected from [::1]:42856 (total=2987)
2026/06/08 11:12:31 [BUSY] rejected from [::1]:42860 (total=2988)
2026/06/08 11:12:31 [BUSY] rejected from [::1]:42868 (total=2989)
2026/06/08 11:12:31 [BUSY] rejected from [::1]:42878 (total=2990)
2026/06/08 11:12:31 [BUSY] rejected from [::1]:42892 (total=2991)
2026/06/08 11:12:31 [BUSY] rejected from [::1]:42898 (total=2992)
2026/06/08 11:12:31 [BUSY] rejected from [::1]:42900 (total=2993)
2026/06/08 11:12:31 [BUSY] rejected from [::1]:42910 (total=2994)
2026/06/08 11:12:31 [BUSY] rejected from [::1]:42914 (total=2995)
2026/06/08 11:12:31 [BUSY] rejected from [::1]:42916 (total=2996)
2026/06/08 11:12:31 [BUSY] rejected from [::1]:42922 (total=2997)
2026/06/08 11:12:31 [BUSY] rejected from [::1]:42926 (total=2998)
2026/06/08 11:12:31 [BUSY] rejected from [::1]:42934 (total=2999)
2026/06/08 11:12:31 [BUSY] rejected from [::1]:42936 (total=3000)
2026/06/08 11:12:31 [BUSY] rejected from [::1]:42950 (total=3001)
2026/06/08 11:12:31 [BUSY] rejected from [::1]:42962 (total=3002)
2026/06/08 11:12:31 [BUSY] rejected from [::1]:42974 (total=3003)
2026/06/08 11:12:31 [BUSY] rejected from [::1]:42978 (total=3004)
2026/06/08 11:12:31 [BUSY] rejected from [::1]:42992 (total=3005)
2026/06/08 11:12:31 [BUSY] rejected from [::1]:43002 (total=3006)
2026/06/08 11:12:31 [BUSY] rejected from [::1]:43012 (total=3007)
2026/06/08 11:12:31 [BUSY] rejected from [::1]:43024 (total=3008)
2026/06/08 11:12:31 [BUSY] rejected from [::1]:43036 (total=3009)
2026/06/08 11:12:31 [BUSY] rejected from [::1]:43038 (total=3010)
2026/06/08 11:12:31 [BUSY] rejected from [::1]:43050 (total=3011)
2026/06/08 11:12:31 [BUSY] rejected from [::1]:43066 (total=3012)
2026/06/08 11:12:31 [BUSY] rejected from [::1]:43080 (total=3013)
2026/06/08 11:12:31 [BUSY] rejected from [::1]:43090 (total=3014)
2026/06/08 11:12:31 [BUSY] rejected from [::1]:43106 (total=3015)
2026/06/08 11:12:31 [BUSY] rejected from [::1]:43110 (total=3016)
2026/06/08 11:12:31 [BUSY] rejected from [::1]:43118 (total=3017)
2026/06/08 11:12:31 [BUSY] rejected from [::1]:43122 (total=3018)
2026/06/08 11:12:31 [BUSY] rejected from [::1]:43128 (total=3019)
2026/06/08 11:12:31 [BUSY] rejected from [::1]:43132 (total=3020)
2026/06/08 11:12:31 [BUSY] rejected from [::1]:43142 (total=3021)
2026/06/08 11:12:31 [BUSY] rejected from [::1]:43144 (total=3022)
2026/06/08 11:12:31 [BUSY] rejected from [::1]:43156 (total=3023)
2026/06/08 11:12:31 [BUSY] rejected from [::1]:43172 (total=3024)
2026/06/08 11:12:31 [BUSY] rejected from [::1]:43174 (total=3025)
2026/06/08 11:12:31 [BUSY] rejected from [::1]:43180 (total=3026)
2026/06/08 11:12:31 [BUSY] rejected from [::1]:43182 (total=3027)
2026/06/08 11:12:31 [BUSY] rejected from [::1]:43184 (total=3028)
2026/06/08 11:12:31 [BUSY] rejected from [::1]:43186 (total=3029)
2026/06/08 11:12:31 [BUSY] rejected from [::1]:43202 (total=3030)
2026/06/08 11:12:31 [BUSY] rejected from [::1]:43208 (total=3031)
2026/06/08 11:12:31 [BUSY] rejected from [::1]:43218 (total=3032)
2026/06/08 11:12:31 [conn 146] disconnected
2026/06/08 11:12:31 [conn 151] connected from [::1]:34342
2026/06/08 11:12:31 [conn 151] received: Hello from worker 0, package 473, time: 1780897351284515523
2026/06/08 11:12:31 [BUSY] rejected from [::1]:43244 (total=3033)
2026/06/08 11:12:31 [conn 147] disconnected
2026/06/08 11:12:31 [conn 152] connected from [::1]:34356
2026/06/08 11:12:31 [conn 152] received: Hello from worker 0, package 475, time: 1780897351284892190
2026/06/08 11:12:31 [conn 148] disconnected
2026/06/08 11:12:31 [conn 153] connected from [::1]:34378
2026/06/08 11:12:31 [conn 153] received: Hello from worker 0, package 477, time: 1780897351285280688
2026/06/08 11:12:31 [BUSY] rejected from [::1]:43268 (total=3034)
2026/06/08 11:12:31 [conn 149] disconnected
2026/06/08 11:12:31 [conn 154] connected from [::1]:34394
2026/06/08 11:12:31 [conn 154] received: Hello from worker 0, package 478, time: 1780897351285572575
2026/06/08 11:12:31 [conn 150] disconnected
2026/06/08 11:12:31 [conn 155] connected from [::1]:34402
2026/06/08 11:12:31 [conn 155] received: Hello from worker 0, package 479, time: 1780897351285808718
2026/06/08 11:12:31 [BUSY] rejected from [::1]:43298 (total=3035)
2026/06/08 11:12:31 [BUSY] rejected from [::1]:43302 (total=3036)
2026/06/08 11:12:31 [BUSY] rejected from [::1]:43316 (total=3037)
2026/06/08 11:12:31 [BUSY] rejected from [::1]:43326 (total=3038)
2026/06/08 11:12:31 [BUSY] rejected from [::1]:43332 (total=3039)
2026/06/08 11:12:31 [BUSY] rejected from [::1]:43348 (total=3040)
2026/06/08 11:12:31 [BUSY] rejected from [::1]:43352 (total=3041)
2026/06/08 11:12:31 [BUSY] rejected from [::1]:43368 (total=3042)
2026/06/08 11:12:31 [BUSY] rejected from [::1]:43370 (total=3043)
2026/06/08 11:12:31 [BUSY] rejected from [::1]:43380 (total=3044)
2026/06/08 11:12:31 [BUSY] rejected from [::1]:43388 (total=3045)
2026/06/08 11:12:31 [BUSY] rejected from [::1]:43402 (total=3046)
2026/06/08 11:12:31 [BUSY] rejected from [::1]:43408 (total=3047)
2026/06/08 11:12:31 [BUSY] rejected from [::1]:43424 (total=3048)
2026/06/08 11:12:31 [BUSY] rejected from [::1]:43434 (total=3049)
2026/06/08 11:12:31 [BUSY] rejected from [::1]:43436 (total=3050)
2026/06/08 11:12:31 [BUSY] rejected from [::1]:43450 (total=3051)
2026/06/08 11:12:31 [BUSY] rejected from [::1]:43454 (total=3052)
2026/06/08 11:12:31 [BUSY] rejected from [::1]:43458 (total=3053)
2026/06/08 11:12:31 [BUSY] rejected from [::1]:43464 (total=3054)
2026/06/08 11:12:31 [BUSY] rejected from [::1]:43468 (total=3055)
2026/06/08 11:12:31 [BUSY] rejected from [::1]:43470 (total=3056)
2026/06/08 11:12:31 [BUSY] rejected from [::1]:43474 (total=3057)
2026/06/08 11:12:31 [BUSY] rejected from [::1]:43476 (total=3058)
2026/06/08 11:12:31 [BUSY] rejected from [::1]:43480 (total=3059)
2026/06/08 11:12:31 [BUSY] rejected from [::1]:43484 (total=3060)
2026/06/08 11:12:31 [BUSY] rejected from [::1]:43494 (total=3061)
2026/06/08 11:12:31 [BUSY] rejected from [::1]:43502 (total=3062)
2026/06/08 11:12:31 [BUSY] rejected from [::1]:43518 (total=3063)
2026/06/08 11:12:31 [BUSY] rejected from [::1]:43534 (total=3064)
2026/06/08 11:12:31 [BUSY] rejected from [::1]:43538 (total=3065)
2026/06/08 11:12:31 [BUSY] rejected from [::1]:43544 (total=3066)
2026/06/08 11:12:31 [BUSY] rejected from [::1]:43556 (total=3067)
2026/06/08 11:12:31 [BUSY] rejected from [::1]:43570 (total=3068)
2026/06/08 11:12:31 [BUSY] rejected from [::1]:43582 (total=3069)
2026/06/08 11:12:31 [BUSY] rejected from [::1]:43588 (total=3070)
2026/06/08 11:12:31 [BUSY] rejected from [::1]:43596 (total=3071)
2026/06/08 11:12:31 [BUSY] rejected from [::1]:43612 (total=3072)
2026/06/08 11:12:31 [BUSY] rejected from [::1]:43624 (total=3073)
2026/06/08 11:12:31 [BUSY] rejected from [::1]:43634 (total=3074)
2026/06/08 11:12:31 [BUSY] rejected from [::1]:43650 (total=3075)
2026/06/08 11:12:31 [BUSY] rejected from [::1]:43662 (total=3076)
2026/06/08 11:12:31 [BUSY] rejected from [::1]:43678 (total=3077)
2026/06/08 11:12:31 [BUSY] rejected from [::1]:43692 (total=3078)
2026/06/08 11:12:31 [BUSY] rejected from [::1]:43696 (total=3079)
2026/06/08 11:12:31 [BUSY] rejected from [::1]:43702 (total=3080)
2026/06/08 11:12:31 [BUSY] rejected from [::1]:43716 (total=3081)
2026/06/08 11:12:31 [BUSY] rejected from [::1]:43726 (total=3082)
2026/06/08 11:12:31 [BUSY] rejected from [::1]:43734 (total=3083)
2026/06/08 11:12:31 [BUSY] rejected from [::1]:43740 (total=3084)
2026/06/08 11:12:31 [BUSY] rejected from [::1]:43744 (total=3085)
2026/06/08 11:12:31 [BUSY] rejected from [::1]:43760 (total=3086)
2026/06/08 11:12:31 [BUSY] rejected from [::1]:43776 (total=3087)
2026/06/08 11:12:31 [BUSY] rejected from [::1]:43788 (total=3088)
2026/06/08 11:12:31 [BUSY] rejected from [::1]:43800 (total=3089)
2026/06/08 11:12:31 [BUSY] rejected from [::1]:43808 (total=3090)
2026/06/08 11:12:31 [BUSY] rejected from [::1]:43812 (total=3091)
2026/06/08 11:12:31 [BUSY] rejected from [::1]:43826 (total=3092)
2026/06/08 11:12:31 [BUSY] rejected from [::1]:43834 (total=3093)
2026/06/08 11:12:31 [BUSY] rejected from [::1]:43836 (total=3094)
2026/06/08 11:12:31 [BUSY] rejected from [::1]:43846 (total=3095)
2026/06/08 11:12:31 [BUSY] rejected from [::1]:43860 (total=3096)
2026/06/08 11:12:31 [BUSY] rejected from [::1]:43866 (total=3097)
2026/06/08 11:12:31 [BUSY] rejected from [::1]:43868 (total=3098)
2026/06/08 11:12:31 [BUSY] rejected from [::1]:43872 (total=3099)
2026/06/08 11:12:31 [BUSY] rejected from [::1]:43886 (total=3100)
2026/06/08 11:12:31 [BUSY] rejected from [::1]:43890 (total=3101)
2026/06/08 11:12:31 [BUSY] rejected from [::1]:43902 (total=3102)
2026/06/08 11:12:31 [BUSY] rejected from [::1]:43912 (total=3103)
2026/06/08 11:12:31 [BUSY] rejected from [::1]:43926 (total=3104)
2026/06/08 11:12:31 [BUSY] rejected from [::1]:43938 (total=3105)
2026/06/08 11:12:31 [BUSY] rejected from [::1]:43942 (total=3106)
2026/06/08 11:12:31 [BUSY] rejected from [::1]:43946 (total=3107)
2026/06/08 11:12:31 [BUSY] rejected from [::1]:43958 (total=3108)
2026/06/08 11:12:31 [BUSY] rejected from [::1]:43972 (total=3109)
2026/06/08 11:12:31 [BUSY] rejected from [::1]:43976 (total=3110)
2026/06/08 11:12:31 [BUSY] rejected from [::1]:43988 (total=3111)
2026/06/08 11:12:31 [BUSY] rejected from [::1]:44002 (total=3112)
2026/06/08 11:12:31 [BUSY] rejected from [::1]:44012 (total=3113)
2026/06/08 11:12:31 [BUSY] rejected from [::1]:44014 (total=3114)
2026/06/08 11:12:31 [BUSY] rejected from [::1]:44030 (total=3115)
2026/06/08 11:12:31 [BUSY] rejected from [::1]:44046 (total=3116)
2026/06/08 11:12:31 [BUSY] rejected from [::1]:44048 (total=3117)
2026/06/08 11:12:31 [BUSY] rejected from [::1]:44062 (total=3118)
2026/06/08 11:12:31 [BUSY] rejected from [::1]:44066 (total=3119)
2026/06/08 11:12:31 [BUSY] rejected from [::1]:44080 (total=3120)
2026/06/08 11:12:31 [BUSY] rejected from [::1]:44092 (total=3121)
2026/06/08 11:12:31 [BUSY] rejected from [::1]:44094 (total=3122)
2026/06/08 11:12:31 [BUSY] rejected from [::1]:44104 (total=3123)
2026/06/08 11:12:31 [BUSY] rejected from [::1]:44116 (total=3124)
2026/06/08 11:12:31 [BUSY] rejected from [::1]:44132 (total=3125)
2026/06/08 11:12:31 [BUSY] rejected from [::1]:44146 (total=3126)
2026/06/08 11:12:31 [BUSY] rejected from [::1]:44154 (total=3127)
2026/06/08 11:12:31 [BUSY] rejected from [::1]:44164 (total=3128)
2026/06/08 11:12:31 [BUSY] rejected from [::1]:44166 (total=3129)
2026/06/08 11:12:31 [BUSY] rejected from [::1]:44172 (total=3130)
2026/06/08 11:12:31 [BUSY] rejected from [::1]:44174 (total=3131)
2026/06/08 11:12:31 [BUSY] rejected from [::1]:44176 (total=3132)
2026/06/08 11:12:31 [BUSY] rejected from [::1]:44180 (total=3133)
2026/06/08 11:12:31 [BUSY] rejected from [::1]:44196 (total=3134)
2026/06/08 11:12:31 [BUSY] rejected from [::1]:44198 (total=3135)
2026/06/08 11:12:31 [BUSY] rejected from [::1]:44212 (total=3136)
2026/06/08 11:12:31 [BUSY] rejected from [::1]:44220 (total=3137)
2026/06/08 11:12:31 [BUSY] rejected from [::1]:44236 (total=3138)
2026/06/08 11:12:31 [BUSY] rejected from [::1]:44250 (total=3139)
2026/06/08 11:12:31 [BUSY] rejected from [::1]:44258 (total=3140)
2026/06/08 11:12:31 [BUSY] rejected from [::1]:44268 (total=3141)
2026/06/08 11:12:31 [BUSY] rejected from [::1]:44278 (total=3142)
2026/06/08 11:12:31 [BUSY] rejected from [::1]:44294 (total=3143)
2026/06/08 11:12:31 [BUSY] rejected from [::1]:44306 (total=3144)
2026/06/08 11:12:31 [BUSY] rejected from [::1]:44322 (total=3145)
2026/06/08 11:12:31 [BUSY] rejected from [::1]:44338 (total=3146)
2026/06/08 11:12:31 [BUSY] rejected from [::1]:44350 (total=3147)
2026/06/08 11:12:31 [BUSY] rejected from [::1]:44356 (total=3148)
2026/06/08 11:12:31 [BUSY] rejected from [::1]:44372 (total=3149)
2026/06/08 11:12:31 [BUSY] rejected from [::1]:44382 (total=3150)
2026/06/08 11:12:31 [BUSY] rejected from [::1]:44396 (total=3151)
2026/06/08 11:12:31 [BUSY] rejected from [::1]:44408 (total=3152)
2026/06/08 11:12:31 [BUSY] rejected from [::1]:44418 (total=3153)
2026/06/08 11:12:31 [BUSY] rejected from [::1]:44420 (total=3154)
2026/06/08 11:12:31 [BUSY] rejected from [::1]:44424 (total=3155)
2026/06/08 11:12:31 [BUSY] rejected from [::1]:44430 (total=3156)
2026/06/08 11:12:31 [BUSY] rejected from [::1]:44442 (total=3157)
2026/06/08 11:12:31 [BUSY] rejected from [::1]:44452 (total=3158)
2026/06/08 11:12:31 [BUSY] rejected from [::1]:44466 (total=3159)
2026/06/08 11:12:31 [BUSY] rejected from [::1]:44472 (total=3160)
2026/06/08 11:12:31 [BUSY] rejected from [::1]:44474 (total=3161)
2026/06/08 11:12:31 [BUSY] rejected from [::1]:44486 (total=3162)
2026/06/08 11:12:31 [BUSY] rejected from [::1]:44494 (total=3163)
2026/06/08 11:12:31 [BUSY] rejected from [::1]:44504 (total=3164)
2026/06/08 11:12:31 [BUSY] rejected from [::1]:44516 (total=3165)
2026/06/08 11:12:31 [BUSY] rejected from [::1]:44524 (total=3166)
2026/06/08 11:12:31 [BUSY] rejected from [::1]:44536 (total=3167)
2026/06/08 11:12:31 [BUSY] rejected from [::1]:44550 (total=3168)
2026/06/08 11:12:31 [BUSY] rejected from [::1]:44562 (total=3169)
2026/06/08 11:12:31 [BUSY] rejected from [::1]:44574 (total=3170)
2026/06/08 11:12:31 [BUSY] rejected from [::1]:44586 (total=3171)
2026/06/08 11:12:31 [BUSY] rejected from [::1]:44600 (total=3172)
2026/06/08 11:12:31 [BUSY] rejected from [::1]:44608 (total=3173)
2026/06/08 11:12:31 [BUSY] rejected from [::1]:44616 (total=3174)
2026/06/08 11:12:31 [BUSY] rejected from [::1]:44622 (total=3175)
2026/06/08 11:12:31 [BUSY] rejected from [::1]:44628 (total=3176)
2026/06/08 11:12:31 [BUSY] rejected from [::1]:44644 (total=3177)
2026/06/08 11:12:31 [BUSY] rejected from [::1]:44646 (total=3178)
2026/06/08 11:12:31 [BUSY] rejected from [::1]:44660 (total=3179)
2026/06/08 11:12:31 [BUSY] rejected from [::1]:44664 (total=3180)
2026/06/08 11:12:31 [BUSY] rejected from [::1]:44678 (total=3181)
2026/06/08 11:12:31 [BUSY] rejected from [::1]:44694 (total=3182)
2026/06/08 11:12:31 [BUSY] rejected from [::1]:44702 (total=3183)
2026/06/08 11:12:31 [BUSY] rejected from [::1]:44704 (total=3184)
2026/06/08 11:12:31 [BUSY] rejected from [::1]:44706 (total=3185)
2026/06/08 11:12:31 [BUSY] rejected from [::1]:44710 (total=3186)
2026/06/08 11:12:31 [BUSY] rejected from [::1]:44718 (total=3187)
2026/06/08 11:12:31 [BUSY] rejected from [::1]:44724 (total=3188)
2026/06/08 11:12:31 [BUSY] rejected from [::1]:44738 (total=3189)
2026/06/08 11:12:31 [BUSY] rejected from [::1]:44746 (total=3190)
2026/06/08 11:12:31 [BUSY] rejected from [::1]:44750 (total=3191)
2026/06/08 11:12:31 [BUSY] rejected from [::1]:44764 (total=3192)
2026/06/08 11:12:31 [BUSY] rejected from [::1]:44772 (total=3193)
2026/06/08 11:12:31 [BUSY] rejected from [::1]:44784 (total=3194)
2026/06/08 11:12:31 [BUSY] rejected from [::1]:44790 (total=3195)
2026/06/08 11:12:31 [BUSY] rejected from [::1]:44796 (total=3196)
2026/06/08 11:12:31 [BUSY] rejected from [::1]:44806 (total=3197)
2026/06/08 11:12:31 [BUSY] rejected from [::1]:44822 (total=3198)
2026/06/08 11:12:31 [BUSY] rejected from [::1]:44826 (total=3199)
2026/06/08 11:12:31 [BUSY] rejected from [::1]:44836 (total=3200)
2026/06/08 11:12:31 [BUSY] rejected from [::1]:44850 (total=3201)
2026/06/08 11:12:31 [BUSY] rejected from [::1]:44856 (total=3202)
2026/06/08 11:12:31 [BUSY] rejected from [::1]:44872 (total=3203)
2026/06/08 11:12:31 [BUSY] rejected from [::1]:44886 (total=3204)
2026/06/08 11:12:31 [BUSY] rejected from [::1]:44894 (total=3205)
2026/06/08 11:12:31 [BUSY] rejected from [::1]:44900 (total=3206)
2026/06/08 11:12:31 [BUSY] rejected from [::1]:44916 (total=3207)
2026/06/08 11:12:31 [BUSY] rejected from [::1]:44930 (total=3208)
2026/06/08 11:12:31 [BUSY] rejected from [::1]:44932 (total=3209)
2026/06/08 11:12:31 [BUSY] rejected from [::1]:44942 (total=3210)
2026/06/08 11:12:31 [BUSY] rejected from [::1]:44958 (total=3211)
2026/06/08 11:12:31 [BUSY] rejected from [::1]:44970 (total=3212)
2026/06/08 11:12:31 [BUSY] rejected from [::1]:44972 (total=3213)
2026/06/08 11:12:31 [BUSY] rejected from [::1]:44988 (total=3214)
2026/06/08 11:12:31 [BUSY] rejected from [::1]:44998 (total=3215)
2026/06/08 11:12:31 [BUSY] rejected from [::1]:45004 (total=3216)
2026/06/08 11:12:31 [BUSY] rejected from [::1]:45010 (total=3217)
2026/06/08 11:12:31 [BUSY] rejected from [::1]:45026 (total=3218)
2026/06/08 11:12:31 [BUSY] rejected from [::1]:45030 (total=3219)
2026/06/08 11:12:31 [BUSY] rejected from [::1]:45036 (total=3220)
2026/06/08 11:12:31 [BUSY] rejected from [::1]:45042 (total=3221)
2026/06/08 11:12:31 [BUSY] rejected from [::1]:45054 (total=3222)
2026/06/08 11:12:31 [BUSY] rejected from [::1]:45058 (total=3223)
2026/06/08 11:12:31 [BUSY] rejected from [::1]:45068 (total=3224)
2026/06/08 11:12:31 [BUSY] rejected from [::1]:45076 (total=3225)
2026/06/08 11:12:31 [BUSY] rejected from [::1]:45090 (total=3226)
2026/06/08 11:12:31 [BUSY] rejected from [::1]:45102 (total=3227)
2026/06/08 11:12:31 [BUSY] rejected from [::1]:45118 (total=3228)
2026/06/08 11:12:31 [BUSY] rejected from [::1]:45122 (total=3229)
2026/06/08 11:12:31 [BUSY] rejected from [::1]:45138 (total=3230)
2026/06/08 11:12:31 [BUSY] rejected from [::1]:45146 (total=3231)
2026/06/08 11:12:31 [BUSY] rejected from [::1]:45162 (total=3232)
2026/06/08 11:12:31 [BUSY] rejected from [::1]:45168 (total=3233)
2026/06/08 11:12:31 [BUSY] rejected from [::1]:45174 (total=3234)
2026/06/08 11:12:31 [BUSY] rejected from [::1]:45182 (total=3235)
2026/06/08 11:12:31 [BUSY] rejected from [::1]:45196 (total=3236)
2026/06/08 11:12:31 [BUSY] rejected from [::1]:45200 (total=3237)
2026/06/08 11:12:31 [BUSY] rejected from [::1]:45214 (total=3238)
2026/06/08 11:12:31 [BUSY] rejected from [::1]:45226 (total=3239)
2026/06/08 11:12:31 [BUSY] rejected from [::1]:45228 (total=3240)
2026/06/08 11:12:31 [BUSY] rejected from [::1]:45232 (total=3241)
2026/06/08 11:12:31 [BUSY] rejected from [::1]:45242 (total=3242)
2026/06/08 11:12:31 [BUSY] rejected from [::1]:45250 (total=3243)
2026/06/08 11:12:31 [BUSY] rejected from [::1]:45266 (total=3244)
2026/06/08 11:12:31 [BUSY] rejected from [::1]:45282 (total=3245)
2026/06/08 11:12:31 [BUSY] rejected from [::1]:45290 (total=3246)
2026/06/08 11:12:31 [BUSY] rejected from [::1]:45300 (total=3247)
2026/06/08 11:12:31 [BUSY] rejected from [::1]:45306 (total=3248)
2026/06/08 11:12:31 [BUSY] rejected from [::1]:45310 (total=3249)
2026/06/08 11:12:31 [BUSY] rejected from [::1]:45322 (total=3250)
2026/06/08 11:12:31 [BUSY] rejected from [::1]:45326 (total=3251)
2026/06/08 11:12:31 [BUSY] rejected from [::1]:45334 (total=3252)
2026/06/08 11:12:31 [BUSY] rejected from [::1]:45346 (total=3253)
2026/06/08 11:12:31 [BUSY] rejected from [::1]:45352 (total=3254)
2026/06/08 11:12:31 [BUSY] rejected from [::1]:45368 (total=3255)
2026/06/08 11:12:31 [BUSY] rejected from [::1]:45384 (total=3256)
2026/06/08 11:12:31 [BUSY] rejected from [::1]:45392 (total=3257)
2026/06/08 11:12:31 [BUSY] rejected from [::1]:45394 (total=3258)
2026/06/08 11:12:31 [BUSY] rejected from [::1]:45402 (total=3259)
2026/06/08 11:12:31 [BUSY] rejected from [::1]:45410 (total=3260)
2026/06/08 11:12:31 [BUSY] rejected from [::1]:45422 (total=3261)
2026/06/08 11:12:31 [BUSY] rejected from [::1]:45426 (total=3262)
2026/06/08 11:12:31 [BUSY] rejected from [::1]:45442 (total=3263)
2026/06/08 11:12:31 [BUSY] rejected from [::1]:45448 (total=3264)
2026/06/08 11:12:31 [BUSY] rejected from [::1]:45454 (total=3265)
2026/06/08 11:12:31 [BUSY] rejected from [::1]:45460 (total=3266)
2026/06/08 11:12:31 [BUSY] rejected from [::1]:45462 (total=3267)
2026/06/08 11:12:31 [BUSY] rejected from [::1]:45466 (total=3268)
2026/06/08 11:12:31 [BUSY] rejected from [::1]:45470 (total=3269)
2026/06/08 11:12:31 [BUSY] rejected from [::1]:45482 (total=3270)
2026/06/08 11:12:31 [BUSY] rejected from [::1]:45494 (total=3271)
2026/06/08 11:12:31 [BUSY] rejected from [::1]:45506 (total=3272)
2026/06/08 11:12:31 [BUSY] rejected from [::1]:45518 (total=3273)
2026/06/08 11:12:31 [BUSY] rejected from [::1]:45530 (total=3274)
2026/06/08 11:12:31 [BUSY] rejected from [::1]:45538 (total=3275)
2026/06/08 11:12:31 [BUSY] rejected from [::1]:45540 (total=3276)
2026/06/08 11:12:31 [BUSY] rejected from [::1]:45550 (total=3277)
2026/06/08 11:12:31 [BUSY] rejected from [::1]:45552 (total=3278)
2026/06/08 11:12:31 [BUSY] rejected from [::1]:45556 (total=3279)
2026/06/08 11:12:31 [BUSY] rejected from [::1]:45562 (total=3280)
2026/06/08 11:12:31 [BUSY] rejected from [::1]:45568 (total=3281)
2026/06/08 11:12:31 [BUSY] rejected from [::1]:45580 (total=3282)
2026/06/08 11:12:31 [BUSY] rejected from [::1]:45592 (total=3283)
2026/06/08 11:12:31 [BUSY] rejected from [::1]:45604 (total=3284)
2026/06/08 11:12:31 [BUSY] rejected from [::1]:45620 (total=3285)
2026/06/08 11:12:31 [BUSY] rejected from [::1]:45634 (total=3286)
2026/06/08 11:12:31 [BUSY] rejected from [::1]:45642 (total=3287)
2026/06/08 11:12:31 [BUSY] rejected from [::1]:45652 (total=3288)
2026/06/08 11:12:31 [BUSY] rejected from [::1]:45666 (total=3289)
2026/06/08 11:12:31 [BUSY] rejected from [::1]:45678 (total=3290)
2026/06/08 11:12:31 [BUSY] rejected from [::1]:45692 (total=3291)
2026/06/08 11:12:31 [BUSY] rejected from [::1]:45702 (total=3292)
2026/06/08 11:12:31 [BUSY] rejected from [::1]:45712 (total=3293)
2026/06/08 11:12:31 [BUSY] rejected from [::1]:45714 (total=3294)
2026/06/08 11:12:31 [BUSY] rejected from [::1]:45720 (total=3295)
2026/06/08 11:12:31 [BUSY] rejected from [::1]:45724 (total=3296)
2026/06/08 11:12:31 [BUSY] rejected from [::1]:45728 (total=3297)
2026/06/08 11:12:31 [BUSY] rejected from [::1]:45740 (total=3298)
2026/06/08 11:12:31 [BUSY] rejected from [::1]:45744 (total=3299)
2026/06/08 11:12:31 [BUSY] rejected from [::1]:45756 (total=3300)
2026/06/08 11:12:31 [BUSY] rejected from [::1]:45760 (total=3301)
2026/06/08 11:12:31 [BUSY] rejected from [::1]:45766 (total=3302)
2026/06/08 11:12:31 [BUSY] rejected from [::1]:45776 (total=3303)
2026/06/08 11:12:31 [BUSY] rejected from [::1]:45788 (total=3304)
2026/06/08 11:12:31 [BUSY] rejected from [::1]:45802 (total=3305)
2026/06/08 11:12:31 [BUSY] rejected from [::1]:45818 (total=3306)
2026/06/08 11:12:31 [BUSY] rejected from [::1]:45822 (total=3307)
2026/06/08 11:12:31 [BUSY] rejected from [::1]:45824 (total=3308)
2026/06/08 11:12:31 [BUSY] rejected from [::1]:45826 (total=3309)
2026/06/08 11:12:31 [BUSY] rejected from [::1]:45836 (total=3310)
2026/06/08 11:12:31 [BUSY] rejected from [::1]:45840 (total=3311)
2026/06/08 11:12:31 [BUSY] rejected from [::1]:45854 (total=3312)
2026/06/08 11:12:31 [BUSY] rejected from [::1]:45858 (total=3313)
2026/06/08 11:12:31 [BUSY] rejected from [::1]:45862 (total=3314)
2026/06/08 11:12:31 [BUSY] rejected from [::1]:45872 (total=3315)
2026/06/08 11:12:31 [BUSY] rejected from [::1]:45888 (total=3316)
2026/06/08 11:12:31 [BUSY] rejected from [::1]:45896 (total=3317)
2026/06/08 11:12:31 [BUSY] rejected from [::1]:45906 (total=3318)
2026/06/08 11:12:31 [BUSY] rejected from [::1]:45916 (total=3319)
2026/06/08 11:12:31 [BUSY] rejected from [::1]:45928 (total=3320)
2026/06/08 11:12:31 [BUSY] rejected from [::1]:45932 (total=3321)
2026/06/08 11:12:31 [BUSY] rejected from [::1]:45934 (total=3322)
2026/06/08 11:12:31 [BUSY] rejected from [::1]:45936 (total=3323)
2026/06/08 11:12:31 [BUSY] rejected from [::1]:45946 (total=3324)
2026/06/08 11:12:31 [BUSY] rejected from [::1]:45948 (total=3325)
2026/06/08 11:12:31 [BUSY] rejected from [::1]:45950 (total=3326)
2026/06/08 11:12:31 [BUSY] rejected from [::1]:45954 (total=3327)
2026/06/08 11:12:31 [BUSY] rejected from [::1]:45966 (total=3328)
2026/06/08 11:12:31 [BUSY] rejected from [::1]:45974 (total=3329)
2026/06/08 11:12:31 [BUSY] rejected from [::1]:45976 (total=3330)
2026/06/08 11:12:31 [BUSY] rejected from [::1]:45988 (total=3331)
2026/06/08 11:12:31 [BUSY] rejected from [::1]:46000 (total=3332)
2026/06/08 11:12:31 [BUSY] rejected from [::1]:46006 (total=3333)
2026/06/08 11:12:31 [BUSY] rejected from [::1]:46018 (total=3334)
2026/06/08 11:12:31 [BUSY] rejected from [::1]:46028 (total=3335)
2026/06/08 11:12:31 [BUSY] rejected from [::1]:46030 (total=3336)
2026/06/08 11:12:31 [BUSY] rejected from [::1]:46044 (total=3337)
2026/06/08 11:12:31 [BUSY] rejected from [::1]:46054 (total=3338)
2026/06/08 11:12:31 [BUSY] rejected from [::1]:46064 (total=3339)
2026/06/08 11:12:31 [BUSY] rejected from [::1]:46072 (total=3340)
2026/06/08 11:12:31 [BUSY] rejected from [::1]:46084 (total=3341)
2026/06/08 11:12:31 [BUSY] rejected from [::1]:46098 (total=3342)
2026/06/08 11:12:31 [BUSY] rejected from [::1]:46114 (total=3343)
2026/06/08 11:12:31 [BUSY] rejected from [::1]:46116 (total=3344)
2026/06/08 11:12:31 [BUSY] rejected from [::1]:46128 (total=3345)
2026/06/08 11:12:31 [BUSY] rejected from [::1]:46142 (total=3346)
2026/06/08 11:12:31 [BUSY] rejected from [::1]:46150 (total=3347)
2026/06/08 11:12:31 [BUSY] rejected from [::1]:46164 (total=3348)
2026/06/08 11:12:31 [BUSY] rejected from [::1]:46170 (total=3349)
2026/06/08 11:12:31 [BUSY] rejected from [::1]:46184 (total=3350)
2026/06/08 11:12:31 [BUSY] rejected from [::1]:46198 (total=3351)
2026/06/08 11:12:31 [BUSY] rejected from [::1]:46212 (total=3352)
2026/06/08 11:12:31 [BUSY] rejected from [::1]:46226 (total=3353)
2026/06/08 11:12:31 [BUSY] rejected from [::1]:46242 (total=3354)
2026/06/08 11:12:31 [BUSY] rejected from [::1]:46250 (total=3355)
2026/06/08 11:12:31 [BUSY] rejected from [::1]:46266 (total=3356)
2026/06/08 11:12:31 [BUSY] rejected from [::1]:46274 (total=3357)
2026/06/08 11:12:31 [BUSY] rejected from [::1]:46278 (total=3358)
2026/06/08 11:12:31 [BUSY] rejected from [::1]:46286 (total=3359)
2026/06/08 11:12:31 [BUSY] rejected from [::1]:46294 (total=3360)
2026/06/08 11:12:31 [BUSY] rejected from [::1]:46304 (total=3361)
2026/06/08 11:12:31 [BUSY] rejected from [::1]:46308 (total=3362)
2026/06/08 11:12:31 [BUSY] rejected from [::1]:46314 (total=3363)
2026/06/08 11:12:31 [BUSY] rejected from [::1]:46320 (total=3364)
2026/06/08 11:12:31 [BUSY] rejected from [::1]:46328 (total=3365)
2026/06/08 11:12:31 [BUSY] rejected from [::1]:46342 (total=3366)
2026/06/08 11:12:31 [BUSY] rejected from [::1]:46358 (total=3367)
2026/06/08 11:12:31 [BUSY] rejected from [::1]:46364 (total=3368)
2026/06/08 11:12:31 [BUSY] rejected from [::1]:46372 (total=3369)
2026/06/08 11:12:31 [BUSY] rejected from [::1]:46386 (total=3370)
2026/06/08 11:12:31 [BUSY] rejected from [::1]:46394 (total=3371)
2026/06/08 11:12:31 [BUSY] rejected from [::1]:46402 (total=3372)
2026/06/08 11:12:31 [BUSY] rejected from [::1]:46414 (total=3373)
2026/06/08 11:12:31 [BUSY] rejected from [::1]:46430 (total=3374)
2026/06/08 11:12:31 [BUSY] rejected from [::1]:46442 (total=3375)
2026/06/08 11:12:31 [BUSY] rejected from [::1]:46450 (total=3376)
2026/06/08 11:12:31 [BUSY] rejected from [::1]:46466 (total=3377)
2026/06/08 11:12:31 [BUSY] rejected from [::1]:46474 (total=3378)
2026/06/08 11:12:31 [BUSY] rejected from [::1]:46482 (total=3379)
2026/06/08 11:12:31 [BUSY] rejected from [::1]:46490 (total=3380)
2026/06/08 11:12:31 [BUSY] rejected from [::1]:46506 (total=3381)
2026/06/08 11:12:31 [BUSY] rejected from [::1]:46518 (total=3382)
2026/06/08 11:12:31 [BUSY] rejected from [::1]:46534 (total=3383)
2026/06/08 11:12:31 [BUSY] rejected from [::1]:46546 (total=3384)
2026/06/08 11:12:31 [BUSY] rejected from [::1]:46554 (total=3385)
2026/06/08 11:12:31 [BUSY] rejected from [::1]:46562 (total=3386)
2026/06/08 11:12:31 [BUSY] rejected from [::1]:46564 (total=3387)
2026/06/08 11:12:31 [BUSY] rejected from [::1]:46574 (total=3388)
2026/06/08 11:12:31 [BUSY] rejected from [::1]:46586 (total=3389)
2026/06/08 11:12:31 [BUSY] rejected from [::1]:46598 (total=3390)
2026/06/08 11:12:31 [BUSY] rejected from [::1]:46602 (total=3391)
2026/06/08 11:12:31 [BUSY] rejected from [::1]:46604 (total=3392)
2026/06/08 11:12:31 [BUSY] rejected from [::1]:46608 (total=3393)
2026/06/08 11:12:31 [BUSY] rejected from [::1]:46616 (total=3394)
2026/06/08 11:12:31 [BUSY] rejected from [::1]:46630 (total=3395)
2026/06/08 11:12:31 [BUSY] rejected from [::1]:46638 (total=3396)
2026/06/08 11:12:31 [BUSY] rejected from [::1]:46648 (total=3397)
2026/06/08 11:12:31 [BUSY] rejected from [::1]:46656 (total=3398)
2026/06/08 11:12:31 [BUSY] rejected from [::1]:46670 (total=3399)
2026/06/08 11:12:31 [BUSY] rejected from [::1]:46680 (total=3400)
2026/06/08 11:12:31 [BUSY] rejected from [::1]:46690 (total=3401)
2026/06/08 11:12:31 [BUSY] rejected from [::1]:46706 (total=3402)
2026/06/08 11:12:31 [BUSY] rejected from [::1]:46714 (total=3403)
2026/06/08 11:12:31 [BUSY] rejected from [::1]:46716 (total=3404)
2026/06/08 11:12:31 [BUSY] rejected from [::1]:46724 (total=3405)
2026/06/08 11:12:31 [BUSY] rejected from [::1]:46730 (total=3406)
2026/06/08 11:12:31 [BUSY] rejected from [::1]:46738 (total=3407)
2026/06/08 11:12:31 [BUSY] rejected from [::1]:46750 (total=3408)
2026/06/08 11:12:31 [BUSY] rejected from [::1]:46758 (total=3409)
2026/06/08 11:12:31 [BUSY] rejected from [::1]:46762 (total=3410)
2026/06/08 11:12:31 [BUSY] rejected from [::1]:46772 (total=3411)
2026/06/08 11:12:31 [BUSY] rejected from [::1]:46784 (total=3412)
2026/06/08 11:12:31 [BUSY] rejected from [::1]:46788 (total=3413)
2026/06/08 11:12:31 [BUSY] rejected from [::1]:46792 (total=3414)
2026/06/08 11:12:31 [BUSY] rejected from [::1]:46806 (total=3415)
2026/06/08 11:12:31 [BUSY] rejected from [::1]:46810 (total=3416)
2026/06/08 11:12:31 [BUSY] rejected from [::1]:46820 (total=3417)
2026/06/08 11:12:31 [BUSY] rejected from [::1]:46824 (total=3418)
2026/06/08 11:12:31 [BUSY] rejected from [::1]:46840 (total=3419)
2026/06/08 11:12:31 [BUSY] rejected from [::1]:46850 (total=3420)
2026/06/08 11:12:31 [BUSY] rejected from [::1]:46852 (total=3421)
2026/06/08 11:12:31 [BUSY] rejected from [::1]:46864 (total=3422)
2026/06/08 11:12:31 [BUSY] rejected from [::1]:46872 (total=3423)
2026/06/08 11:12:31 [BUSY] rejected from [::1]:46884 (total=3424)
2026/06/08 11:12:31 [BUSY] rejected from [::1]:46896 (total=3425)
2026/06/08 11:12:31 [BUSY] rejected from [::1]:46910 (total=3426)
2026/06/08 11:12:31 [BUSY] rejected from [::1]:46924 (total=3427)
2026/06/08 11:12:31 [BUSY] rejected from [::1]:46936 (total=3428)
2026/06/08 11:12:31 [BUSY] rejected from [::1]:46942 (total=3429)
2026/06/08 11:12:31 [BUSY] rejected from [::1]:46956 (total=3430)
2026/06/08 11:12:31 [BUSY] rejected from [::1]:46970 (total=3431)
2026/06/08 11:12:31 [BUSY] rejected from [::1]:46982 (total=3432)
2026/06/08 11:12:31 [BUSY] rejected from [::1]:46994 (total=3433)
2026/06/08 11:12:31 [BUSY] rejected from [::1]:47000 (total=3434)
2026/06/08 11:12:31 [BUSY] rejected from [::1]:47008 (total=3435)
2026/06/08 11:12:31 [BUSY] rejected from [::1]:47022 (total=3436)
2026/06/08 11:12:31 [BUSY] rejected from [::1]:47024 (total=3437)
2026/06/08 11:12:31 [BUSY] rejected from [::1]:47026 (total=3438)
2026/06/08 11:12:31 [BUSY] rejected from [::1]:47042 (total=3439)
2026/06/08 11:12:31 [BUSY] rejected from [::1]:47050 (total=3440)
2026/06/08 11:12:31 [BUSY] rejected from [::1]:47062 (total=3441)
2026/06/08 11:12:31 [BUSY] rejected from [::1]:47074 (total=3442)
2026/06/08 11:12:31 [BUSY] rejected from [::1]:47084 (total=3443)
2026/06/08 11:12:31 [BUSY] rejected from [::1]:47100 (total=3444)
2026/06/08 11:12:31 [BUSY] rejected from [::1]:47110 (total=3445)
2026/06/08 11:12:31 [BUSY] rejected from [::1]:47114 (total=3446)
2026/06/08 11:12:31 [BUSY] rejected from [::1]:47126 (total=3447)
2026/06/08 11:12:31 [BUSY] rejected from [::1]:47140 (total=3448)
2026/06/08 11:12:31 [BUSY] rejected from [::1]:47146 (total=3449)
2026/06/08 11:12:31 [BUSY] rejected from [::1]:47156 (total=3450)
2026/06/08 11:12:31 [BUSY] rejected from [::1]:47164 (total=3451)
2026/06/08 11:12:31 [BUSY] rejected from [::1]:47178 (total=3452)
2026/06/08 11:12:31 [BUSY] rejected from [::1]:47180 (total=3453)
2026/06/08 11:12:31 [BUSY] rejected from [::1]:47190 (total=3454)
2026/06/08 11:12:31 [BUSY] rejected from [::1]:47204 (total=3455)
2026/06/08 11:12:31 [BUSY] rejected from [::1]:47210 (total=3456)
2026/06/08 11:12:31 [BUSY] rejected from [::1]:47224 (total=3457)
2026/06/08 11:12:31 [BUSY] rejected from [::1]:47226 (total=3458)
2026/06/08 11:12:31 [BUSY] rejected from [::1]:47228 (total=3459)
2026/06/08 11:12:31 [BUSY] rejected from [::1]:47234 (total=3460)
2026/06/08 11:12:31 [BUSY] rejected from [::1]:47236 (total=3461)
2026/06/08 11:12:31 [BUSY] rejected from [::1]:47252 (total=3462)
2026/06/08 11:12:31 [BUSY] rejected from [::1]:47268 (total=3463)
2026/06/08 11:12:31 [BUSY] rejected from [::1]:47274 (total=3464)
2026/06/08 11:12:31 [BUSY] rejected from [::1]:47278 (total=3465)
2026/06/08 11:12:31 [BUSY] rejected from [::1]:47280 (total=3466)
2026/06/08 11:12:31 [BUSY] rejected from [::1]:47290 (total=3467)
2026/06/08 11:12:31 [BUSY] rejected from [::1]:47292 (total=3468)
2026/06/08 11:12:31 [BUSY] rejected from [::1]:47308 (total=3469)
2026/06/08 11:12:31 [BUSY] rejected from [::1]:47314 (total=3470)
2026/06/08 11:12:31 [BUSY] rejected from [::1]:47316 (total=3471)
2026/06/08 11:12:31 [BUSY] rejected from [::1]:47318 (total=3472)
2026/06/08 11:12:31 [BUSY] rejected from [::1]:47324 (total=3473)
2026/06/08 11:12:31 [BUSY] rejected from [::1]:47332 (total=3474)
2026/06/08 11:12:31 [BUSY] rejected from [::1]:47342 (total=3475)
2026/06/08 11:12:31 [BUSY] rejected from [::1]:47352 (total=3476)
2026/06/08 11:12:31 [BUSY] rejected from [::1]:47360 (total=3477)
2026/06/08 11:12:31 [BUSY] rejected from [::1]:47362 (total=3478)
2026/06/08 11:12:31 [BUSY] rejected from [::1]:47372 (total=3479)
2026/06/08 11:12:31 [BUSY] rejected from [::1]:47382 (total=3480)
2026/06/08 11:12:31 [BUSY] rejected from [::1]:47392 (total=3481)
2026/06/08 11:12:31 [BUSY] rejected from [::1]:47394 (total=3482)
2026/06/08 11:12:31 [BUSY] rejected from [::1]:47410 (total=3483)
2026/06/08 11:12:31 [BUSY] rejected from [::1]:47420 (total=3484)
2026/06/08 11:12:31 [BUSY] rejected from [::1]:47426 (total=3485)
2026/06/08 11:12:31 [BUSY] rejected from [::1]:47440 (total=3486)
2026/06/08 11:12:31 [BUSY] rejected from [::1]:47450 (total=3487)
2026/06/08 11:12:31 [BUSY] rejected from [::1]:47462 (total=3488)
2026/06/08 11:12:31 [BUSY] rejected from [::1]:47476 (total=3489)
2026/06/08 11:12:31 [BUSY] rejected from [::1]:47478 (total=3490)
2026/06/08 11:12:31 [BUSY] rejected from [::1]:47482 (total=3491)
2026/06/08 11:12:31 [BUSY] rejected from [::1]:47490 (total=3492)
2026/06/08 11:12:31 [BUSY] rejected from [::1]:47494 (total=3493)
2026/06/08 11:12:31 [BUSY] rejected from [::1]:47496 (total=3494)
2026/06/08 11:12:31 [BUSY] rejected from [::1]:47510 (total=3495)
2026/06/08 11:12:31 [BUSY] rejected from [::1]:47518 (total=3496)
2026/06/08 11:12:31 [BUSY] rejected from [::1]:47520 (total=3497)
2026/06/08 11:12:31 [BUSY] rejected from [::1]:47530 (total=3498)
2026/06/08 11:12:31 [BUSY] rejected from [::1]:47538 (total=3499)
2026/06/08 11:12:31 [BUSY] rejected from [::1]:47542 (total=3500)
2026/06/08 11:12:31 [BUSY] rejected from [::1]:47550 (total=3501)
2026/06/08 11:12:31 [BUSY] rejected from [::1]:47562 (total=3502)
2026/06/08 11:12:31 [BUSY] rejected from [::1]:47574 (total=3503)
2026/06/08 11:12:31 [BUSY] rejected from [::1]:47580 (total=3504)
2026/06/08 11:12:31 [BUSY] rejected from [::1]:47594 (total=3505)
2026/06/08 11:12:31 [BUSY] rejected from [::1]:47598 (total=3506)
2026/06/08 11:12:31 [BUSY] rejected from [::1]:47602 (total=3507)
2026/06/08 11:12:31 [BUSY] rejected from [::1]:47612 (total=3508)
2026/06/08 11:12:31 [BUSY] rejected from [::1]:47614 (total=3509)
2026/06/08 11:12:31 [BUSY] rejected from [::1]:47616 (total=3510)
2026/06/08 11:12:31 [BUSY] rejected from [::1]:47626 (total=3511)
2026/06/08 11:12:31 [BUSY] rejected from [::1]:47642 (total=3512)
2026/06/08 11:12:31 [BUSY] rejected from [::1]:47654 (total=3513)
2026/06/08 11:12:31 [BUSY] rejected from [::1]:47662 (total=3514)
2026/06/08 11:12:31 [BUSY] rejected from [::1]:47672 (total=3515)
2026/06/08 11:12:31 [BUSY] rejected from [::1]:47686 (total=3516)
2026/06/08 11:12:31 [BUSY] rejected from [::1]:47688 (total=3517)
2026/06/08 11:12:31 [BUSY] rejected from [::1]:47696 (total=3518)
2026/06/08 11:12:31 [BUSY] rejected from [::1]:47698 (total=3519)
2026/06/08 11:12:31 [BUSY] rejected from [::1]:47708 (total=3520)
2026/06/08 11:12:31 [BUSY] rejected from [::1]:47714 (total=3521)
2026/06/08 11:12:31 [BUSY] rejected from [::1]:47720 (total=3522)
2026/06/08 11:12:31 [BUSY] rejected from [::1]:47732 (total=3523)
2026/06/08 11:12:31 [BUSY] rejected from [::1]:47742 (total=3524)
2026/06/08 11:12:31 [BUSY] rejected from [::1]:47754 (total=3525)
2026/06/08 11:12:31 [BUSY] rejected from [::1]:47756 (total=3526)
2026/06/08 11:12:31 [BUSY] rejected from [::1]:47766 (total=3527)
2026/06/08 11:12:31 [BUSY] rejected from [::1]:47782 (total=3528)
2026/06/08 11:12:31 [BUSY] rejected from [::1]:47790 (total=3529)
2026/06/08 11:12:31 [BUSY] rejected from [::1]:47804 (total=3530)
2026/06/08 11:12:31 [BUSY] rejected from [::1]:47814 (total=3531)
2026/06/08 11:12:31 [conn 151] disconnected
2026/06/08 11:12:31 [conn 156] connected from [::1]:38954
2026/06/08 11:12:31 [conn 156] received: Hello from worker 0, package 974, time: 1780897351384766843
2026/06/08 11:12:31 [BUSY] rejected from [::1]:47836 (total=3532)
2026/06/08 11:12:31 [conn 152] disconnected
2026/06/08 11:12:31 [conn 157] connected from [::1]:38980
2026/06/08 11:12:31 [conn 157] received: Hello from worker 0, package 976, time: 1780897351385265929
2026/06/08 11:12:31 [conn 153] disconnected
2026/06/08 11:12:31 [conn 158] connected from [::1]:38994
2026/06/08 11:12:31 [conn 158] received: Hello from worker 0, package 977, time: 1780897351385559239
2026/06/08 11:12:31 [BUSY] rejected from [::1]:47872 (total=3533)
2026/06/08 11:12:31 [conn 154] disconnected
2026/06/08 11:12:31 [conn 159] connected from [::1]:38998
2026/06/08 11:12:31 [conn 159] received: Hello from worker 0, package 978, time: 1780897351385758042
2026/06/08 11:12:31 [conn 155] disconnected
2026/06/08 11:12:31 [conn 160] connected from [::1]:39014
2026/06/08 11:12:31 [conn 160] received: Hello from worker 0, package 979, time: 1780897351385957055
2026/06/08 11:12:31 [BUSY] rejected from [::1]:47890 (total=3534)
2026/06/08 11:12:31 [BUSY] rejected from [::1]:47902 (total=3535)
2026/06/08 11:12:31 [BUSY] rejected from [::1]:47910 (total=3536)
2026/06/08 11:12:31 [BUSY] rejected from [::1]:47922 (total=3537)
2026/06/08 11:12:31 [BUSY] rejected from [::1]:47930 (total=3538)
2026/06/08 11:12:31 [BUSY] rejected from [::1]:47942 (total=3539)
2026/06/08 11:12:31 [BUSY] rejected from [::1]:47956 (total=3540)
2026/06/08 11:12:31 [BUSY] rejected from [::1]:47958 (total=3541)
2026/06/08 11:12:31 [BUSY] rejected from [::1]:47964 (total=3542)
2026/06/08 11:12:31 [BUSY] rejected from [::1]:47978 (total=3543)
2026/06/08 11:12:31 [BUSY] rejected from [::1]:47982 (total=3544)
2026/06/08 11:12:31 [BUSY] rejected from [::1]:47996 (total=3545)
2026/06/08 11:12:31 [BUSY] rejected from [::1]:48012 (total=3546)
2026/06/08 11:12:31 [BUSY] rejected from [::1]:48018 (total=3547)
2026/06/08 11:12:31 [BUSY] rejected from [::1]:48020 (total=3548)
2026/06/08 11:12:31 [BUSY] rejected from [::1]:48028 (total=3549)
2026/06/08 11:12:31 [BUSY] rejected from [::1]:48030 (total=3550)
2026/06/08 11:12:31 [BUSY] rejected from [::1]:48032 (total=3551)
2026/06/08 11:12:31 [BUSY] rejected from [::1]:48048 (total=3552)
2026/06/08 11:12:31 [BUSY] rejected from [::1]:48062 (total=3553)
2026/06/08 11:12:31 [BUSY] rejected from [::1]:48066 (total=3554)
2026/06/08 11:12:31 [BUSY] rejected from [::1]:48072 (total=3555)
2026/06/08 11:12:31 [BUSY] rejected from [::1]:48086 (total=3556)
2026/06/08 11:12:31 [BUSY] rejected from [::1]:48102 (total=3557)
2026/06/08 11:12:31 [BUSY] rejected from [::1]:48110 (total=3558)
2026/06/08 11:12:31 [BUSY] rejected from [::1]:48118 (total=3559)
2026/06/08 11:12:31 [BUSY] rejected from [::1]:48128 (total=3560)
2026/06/08 11:12:31 [BUSY] rejected from [::1]:48144 (total=3561)
2026/06/08 11:12:31 [BUSY] rejected from [::1]:48156 (total=3562)
2026/06/08 11:12:31 [BUSY] rejected from [::1]:48168 (total=3563)
2026/06/08 11:12:31 [BUSY] rejected from [::1]:48170 (total=3564)
2026/06/08 11:12:31 [BUSY] rejected from [::1]:48178 (total=3565)
2026/06/08 11:12:31 [BUSY] rejected from [::1]:48188 (total=3566)
2026/06/08 11:12:31 [BUSY] rejected from [::1]:48198 (total=3567)
2026/06/08 11:12:31 [BUSY] rejected from [::1]:48206 (total=3568)
2026/06/08 11:12:31 [BUSY] rejected from [::1]:48214 (total=3569)
2026/06/08 11:12:31 [BUSY] rejected from [::1]:48228 (total=3570)
2026/06/08 11:12:31 [BUSY] rejected from [::1]:48244 (total=3571)
2026/06/08 11:12:31 [BUSY] rejected from [::1]:48258 (total=3572)
2026/06/08 11:12:31 [BUSY] rejected from [::1]:48270 (total=3573)
2026/06/08 11:12:31 [BUSY] rejected from [::1]:48272 (total=3574)
2026/06/08 11:12:31 [BUSY] rejected from [::1]:48286 (total=3575)
2026/06/08 11:12:31 [BUSY] rejected from [::1]:48302 (total=3576)
2026/06/08 11:12:31 [BUSY] rejected from [::1]:48310 (total=3577)
2026/06/08 11:12:31 [BUSY] rejected from [::1]:48318 (total=3578)
2026/06/08 11:12:31 [BUSY] rejected from [::1]:48332 (total=3579)
2026/06/08 11:12:31 [BUSY] rejected from [::1]:48340 (total=3580)
2026/06/08 11:12:31 [BUSY] rejected from [::1]:48344 (total=3581)
2026/06/08 11:12:31 [BUSY] rejected from [::1]:48356 (total=3582)
2026/06/08 11:12:31 [BUSY] rejected from [::1]:48358 (total=3583)
2026/06/08 11:12:31 [BUSY] rejected from [::1]:48366 (total=3584)
2026/06/08 11:12:31 [BUSY] rejected from [::1]:48372 (total=3585)
2026/06/08 11:12:31 [BUSY] rejected from [::1]:48376 (total=3586)
2026/06/08 11:12:31 [BUSY] rejected from [::1]:48390 (total=3587)
2026/06/08 11:12:31 [BUSY] rejected from [::1]:48394 (total=3588)
2026/06/08 11:12:31 [BUSY] rejected from [::1]:48406 (total=3589)
2026/06/08 11:12:31 [BUSY] rejected from [::1]:48420 (total=3590)
2026/06/08 11:12:31 [BUSY] rejected from [::1]:48426 (total=3591)
2026/06/08 11:12:31 [BUSY] rejected from [::1]:48432 (total=3592)
2026/06/08 11:12:31 [BUSY] rejected from [::1]:48446 (total=3593)
2026/06/08 11:12:31 [BUSY] rejected from [::1]:48450 (total=3594)
2026/06/08 11:12:31 [BUSY] rejected from [::1]:48452 (total=3595)
2026/06/08 11:12:31 [BUSY] rejected from [::1]:48460 (total=3596)
2026/06/08 11:12:31 [BUSY] rejected from [::1]:48462 (total=3597)
2026/06/08 11:12:31 [BUSY] rejected from [::1]:48466 (total=3598)
2026/06/08 11:12:31 [BUSY] rejected from [::1]:48480 (total=3599)
2026/06/08 11:12:31 [BUSY] rejected from [::1]:48496 (total=3600)
2026/06/08 11:12:31 [BUSY] rejected from [::1]:48498 (total=3601)
2026/06/08 11:12:31 [BUSY] rejected from [::1]:48504 (total=3602)
2026/06/08 11:12:31 [BUSY] rejected from [::1]:48510 (total=3603)
2026/06/08 11:12:31 [BUSY] rejected from [::1]:48526 (total=3604)
2026/06/08 11:12:31 [BUSY] rejected from [::1]:48538 (total=3605)
2026/06/08 11:12:31 [BUSY] rejected from [::1]:48548 (total=3606)
2026/06/08 11:12:31 [BUSY] rejected from [::1]:48558 (total=3607)
2026/06/08 11:12:31 [BUSY] rejected from [::1]:48570 (total=3608)
2026/06/08 11:12:31 [BUSY] rejected from [::1]:48586 (total=3609)
2026/06/08 11:12:31 [BUSY] rejected from [::1]:48590 (total=3610)
2026/06/08 11:12:31 [BUSY] rejected from [::1]:48602 (total=3611)
2026/06/08 11:12:31 [BUSY] rejected from [::1]:48614 (total=3612)
2026/06/08 11:12:31 [BUSY] rejected from [::1]:48616 (total=3613)
2026/06/08 11:12:31 [BUSY] rejected from [::1]:48630 (total=3614)
2026/06/08 11:12:31 [BUSY] rejected from [::1]:48642 (total=3615)
2026/06/08 11:12:31 [BUSY] rejected from [::1]:48658 (total=3616)
2026/06/08 11:12:31 [BUSY] rejected from [::1]:48674 (total=3617)
2026/06/08 11:12:31 [BUSY] rejected from [::1]:48686 (total=3618)
2026/06/08 11:12:31 [BUSY] rejected from [::1]:48700 (total=3619)
2026/06/08 11:12:31 [BUSY] rejected from [::1]:48710 (total=3620)
2026/06/08 11:12:31 [BUSY] rejected from [::1]:48722 (total=3621)
2026/06/08 11:12:31 [BUSY] rejected from [::1]:48726 (total=3622)
2026/06/08 11:12:31 [BUSY] rejected from [::1]:48738 (total=3623)
2026/06/08 11:12:31 [BUSY] rejected from [::1]:48750 (total=3624)
2026/06/08 11:12:31 [BUSY] rejected from [::1]:48754 (total=3625)
2026/06/08 11:12:31 [BUSY] rejected from [::1]:48756 (total=3626)
2026/06/08 11:12:31 [BUSY] rejected from [::1]:48772 (total=3627)
2026/06/08 11:12:31 [BUSY] rejected from [::1]:48780 (total=3628)
2026/06/08 11:12:31 [BUSY] rejected from [::1]:48794 (total=3629)
2026/06/08 11:12:31 [BUSY] rejected from [::1]:48804 (total=3630)
2026/06/08 11:12:31 [BUSY] rejected from [::1]:48818 (total=3631)
2026/06/08 11:12:31 [BUSY] rejected from [::1]:48830 (total=3632)
2026/06/08 11:12:31 [BUSY] rejected from [::1]:48834 (total=3633)
2026/06/08 11:12:31 [BUSY] rejected from [::1]:48840 (total=3634)
2026/06/08 11:12:31 [BUSY] rejected from [::1]:48844 (total=3635)
2026/06/08 11:12:31 [BUSY] rejected from [::1]:48846 (total=3636)
2026/06/08 11:12:31 [BUSY] rejected from [::1]:48858 (total=3637)
2026/06/08 11:12:31 [BUSY] rejected from [::1]:48864 (total=3638)
2026/06/08 11:12:31 [BUSY] rejected from [::1]:48868 (total=3639)
2026/06/08 11:12:31 [BUSY] rejected from [::1]:48878 (total=3640)
2026/06/08 11:12:31 [BUSY] rejected from [::1]:48882 (total=3641)
2026/06/08 11:12:31 [BUSY] rejected from [::1]:48884 (total=3642)
2026/06/08 11:12:31 [BUSY] rejected from [::1]:48898 (total=3643)
2026/06/08 11:12:31 [BUSY] rejected from [::1]:48912 (total=3644)
2026/06/08 11:12:31 [BUSY] rejected from [::1]:48922 (total=3645)
2026/06/08 11:12:31 [BUSY] rejected from [::1]:48938 (total=3646)
2026/06/08 11:12:31 [BUSY] rejected from [::1]:48950 (total=3647)
2026/06/08 11:12:31 [BUSY] rejected from [::1]:48960 (total=3648)
2026/06/08 11:12:31 [BUSY] rejected from [::1]:48970 (total=3649)
2026/06/08 11:12:31 [BUSY] rejected from [::1]:48978 (total=3650)
2026/06/08 11:12:31 [BUSY] rejected from [::1]:48992 (total=3651)
2026/06/08 11:12:31 [BUSY] rejected from [::1]:48998 (total=3652)
2026/06/08 11:12:31 [BUSY] rejected from [::1]:49010 (total=3653)
2026/06/08 11:12:31 [BUSY] rejected from [::1]:49024 (total=3654)
2026/06/08 11:12:31 [BUSY] rejected from [::1]:49026 (total=3655)
2026/06/08 11:12:31 [BUSY] rejected from [::1]:49030 (total=3656)
2026/06/08 11:12:31 [BUSY] rejected from [::1]:49034 (total=3657)
2026/06/08 11:12:31 [BUSY] rejected from [::1]:49040 (total=3658)
2026/06/08 11:12:31 [BUSY] rejected from [::1]:49052 (total=3659)
2026/06/08 11:12:31 [BUSY] rejected from [::1]:49056 (total=3660)
2026/06/08 11:12:31 [BUSY] rejected from [::1]:49070 (total=3661)
2026/06/08 11:12:31 [BUSY] rejected from [::1]:49082 (total=3662)
2026/06/08 11:12:31 [BUSY] rejected from [::1]:49094 (total=3663)
2026/06/08 11:12:31 [BUSY] rejected from [::1]:49102 (total=3664)
2026/06/08 11:12:31 [BUSY] rejected from [::1]:49116 (total=3665)
2026/06/08 11:12:31 [BUSY] rejected from [::1]:49122 (total=3666)
2026/06/08 11:12:31 [BUSY] rejected from [::1]:49124 (total=3667)
2026/06/08 11:12:31 [BUSY] rejected from [::1]:49132 (total=3668)
2026/06/08 11:12:31 [BUSY] rejected from [::1]:49142 (total=3669)
2026/06/08 11:12:31 [BUSY] rejected from [::1]:49146 (total=3670)
2026/06/08 11:12:31 [BUSY] rejected from [::1]:49148 (total=3671)
2026/06/08 11:12:31 [BUSY] rejected from [::1]:49156 (total=3672)
2026/06/08 11:12:31 [BUSY] rejected from [::1]:49168 (total=3673)
2026/06/08 11:12:31 [BUSY] rejected from [::1]:49172 (total=3674)
2026/06/08 11:12:31 [BUSY] rejected from [::1]:49180 (total=3675)
2026/06/08 11:12:31 [BUSY] rejected from [::1]:49188 (total=3676)
2026/06/08 11:12:31 [BUSY] rejected from [::1]:49198 (total=3677)
2026/06/08 11:12:31 [BUSY] rejected from [::1]:49200 (total=3678)
2026/06/08 11:12:31 [BUSY] rejected from [::1]:49206 (total=3679)
2026/06/08 11:12:31 [BUSY] rejected from [::1]:49222 (total=3680)
2026/06/08 11:12:31 [BUSY] rejected from [::1]:49234 (total=3681)
2026/06/08 11:12:31 [BUSY] rejected from [::1]:49238 (total=3682)
2026/06/08 11:12:31 [BUSY] rejected from [::1]:49244 (total=3683)
2026/06/08 11:12:31 [BUSY] rejected from [::1]:49256 (total=3684)
2026/06/08 11:12:31 [BUSY] rejected from [::1]:49258 (total=3685)
2026/06/08 11:12:31 [BUSY] rejected from [::1]:49260 (total=3686)
2026/06/08 11:12:31 [BUSY] rejected from [::1]:49270 (total=3687)
2026/06/08 11:12:31 [BUSY] rejected from [::1]:49274 (total=3688)
2026/06/08 11:12:31 [BUSY] rejected from [::1]:49282 (total=3689)
2026/06/08 11:12:31 [BUSY] rejected from [::1]:49284 (total=3690)
2026/06/08 11:12:31 [BUSY] rejected from [::1]:49296 (total=3691)
2026/06/08 11:12:31 [BUSY] rejected from [::1]:49304 (total=3692)
2026/06/08 11:12:31 [BUSY] rejected from [::1]:49314 (total=3693)
2026/06/08 11:12:31 [BUSY] rejected from [::1]:49328 (total=3694)
2026/06/08 11:12:31 [BUSY] rejected from [::1]:49338 (total=3695)
2026/06/08 11:12:31 [BUSY] rejected from [::1]:49354 (total=3696)
2026/06/08 11:12:31 [BUSY] rejected from [::1]:49360 (total=3697)
2026/06/08 11:12:31 [BUSY] rejected from [::1]:49364 (total=3698)
2026/06/08 11:12:31 [BUSY] rejected from [::1]:49370 (total=3699)
2026/06/08 11:12:31 [BUSY] rejected from [::1]:49372 (total=3700)
2026/06/08 11:12:31 [BUSY] rejected from [::1]:49384 (total=3701)
2026/06/08 11:12:31 [BUSY] rejected from [::1]:49386 (total=3702)
2026/06/08 11:12:31 [BUSY] rejected from [::1]:49400 (total=3703)
2026/06/08 11:12:31 [BUSY] rejected from [::1]:49410 (total=3704)
2026/06/08 11:12:31 [BUSY] rejected from [::1]:49424 (total=3705)
2026/06/08 11:12:31 [BUSY] rejected from [::1]:49430 (total=3706)
2026/06/08 11:12:31 [BUSY] rejected from [::1]:49440 (total=3707)
2026/06/08 11:12:31 [BUSY] rejected from [::1]:49454 (total=3708)
2026/06/08 11:12:31 [BUSY] rejected from [::1]:49466 (total=3709)
2026/06/08 11:12:31 [BUSY] rejected from [::1]:49474 (total=3710)
2026/06/08 11:12:31 [BUSY] rejected from [::1]:49484 (total=3711)
2026/06/08 11:12:31 [BUSY] rejected from [::1]:49492 (total=3712)
2026/06/08 11:12:31 [BUSY] rejected from [::1]:49508 (total=3713)
2026/06/08 11:12:31 [BUSY] rejected from [::1]:49516 (total=3714)
2026/06/08 11:12:31 [BUSY] rejected from [::1]:49532 (total=3715)
2026/06/08 11:12:31 [BUSY] rejected from [::1]:49536 (total=3716)
2026/06/08 11:12:31 [BUSY] rejected from [::1]:49552 (total=3717)
2026/06/08 11:12:31 [BUSY] rejected from [::1]:49556 (total=3718)
2026/06/08 11:12:31 [BUSY] rejected from [::1]:49558 (total=3719)
2026/06/08 11:12:31 [BUSY] rejected from [::1]:49574 (total=3720)
2026/06/08 11:12:31 [BUSY] rejected from [::1]:49576 (total=3721)
2026/06/08 11:12:31 [BUSY] rejected from [::1]:49586 (total=3722)
2026/06/08 11:12:31 [BUSY] rejected from [::1]:49600 (total=3723)
2026/06/08 11:12:31 [BUSY] rejected from [::1]:49606 (total=3724)
2026/06/08 11:12:31 [BUSY] rejected from [::1]:49620 (total=3725)
2026/06/08 11:12:31 [BUSY] rejected from [::1]:49632 (total=3726)
2026/06/08 11:12:31 [BUSY] rejected from [::1]:49644 (total=3727)
2026/06/08 11:12:31 [BUSY] rejected from [::1]:49658 (total=3728)
2026/06/08 11:12:31 [BUSY] rejected from [::1]:49666 (total=3729)
2026/06/08 11:12:31 [BUSY] rejected from [::1]:49672 (total=3730)
2026/06/08 11:12:31 [BUSY] rejected from [::1]:49676 (total=3731)
2026/06/08 11:12:31 [BUSY] rejected from [::1]:49692 (total=3732)
2026/06/08 11:12:31 [BUSY] rejected from [::1]:49696 (total=3733)
2026/06/08 11:12:31 [BUSY] rejected from [::1]:49712 (total=3734)
2026/06/08 11:12:31 [BUSY] rejected from [::1]:49728 (total=3735)
2026/06/08 11:12:31 [BUSY] rejected from [::1]:49732 (total=3736)
2026/06/08 11:12:31 [BUSY] rejected from [::1]:49736 (total=3737)
2026/06/08 11:12:31 [BUSY] rejected from [::1]:49746 (total=3738)
2026/06/08 11:12:31 [BUSY] rejected from [::1]:49752 (total=3739)
2026/06/08 11:12:31 [BUSY] rejected from [::1]:49768 (total=3740)
2026/06/08 11:12:31 [BUSY] rejected from [::1]:49776 (total=3741)
2026/06/08 11:12:31 [BUSY] rejected from [::1]:49780 (total=3742)
2026/06/08 11:12:31 [BUSY] rejected from [::1]:49782 (total=3743)
2026/06/08 11:12:31 [BUSY] rejected from [::1]:49790 (total=3744)
2026/06/08 11:12:31 [BUSY] rejected from [::1]:49792 (total=3745)
2026/06/08 11:12:31 [BUSY] rejected from [::1]:49806 (total=3746)
2026/06/08 11:12:31 [BUSY] rejected from [::1]:49818 (total=3747)
2026/06/08 11:12:31 [BUSY] rejected from [::1]:49820 (total=3748)
2026/06/08 11:12:31 [BUSY] rejected from [::1]:49826 (total=3749)
2026/06/08 11:12:31 [BUSY] rejected from [::1]:49832 (total=3750)
2026/06/08 11:12:31 [BUSY] rejected from [::1]:49846 (total=3751)
2026/06/08 11:12:31 [BUSY] rejected from [::1]:49860 (total=3752)
2026/06/08 11:12:31 [BUSY] rejected from [::1]:49870 (total=3753)
2026/06/08 11:12:31 [BUSY] rejected from [::1]:49872 (total=3754)
2026/06/08 11:12:31 [BUSY] rejected from [::1]:49880 (total=3755)
2026/06/08 11:12:31 [BUSY] rejected from [::1]:49894 (total=3756)
2026/06/08 11:12:31 [BUSY] rejected from [::1]:49896 (total=3757)
2026/06/08 11:12:31 [BUSY] rejected from [::1]:49908 (total=3758)
2026/06/08 11:12:31 [BUSY] rejected from [::1]:49920 (total=3759)
2026/06/08 11:12:31 [BUSY] rejected from [::1]:49932 (total=3760)
2026/06/08 11:12:31 [BUSY] rejected from [::1]:49940 (total=3761)
2026/06/08 11:12:31 [BUSY] rejected from [::1]:49950 (total=3762)
2026/06/08 11:12:31 [BUSY] rejected from [::1]:49960 (total=3763)
2026/06/08 11:12:31 [BUSY] rejected from [::1]:49966 (total=3764)
2026/06/08 11:12:31 [BUSY] rejected from [::1]:49976 (total=3765)
2026/06/08 11:12:31 [BUSY] rejected from [::1]:49984 (total=3766)
2026/06/08 11:12:31 [BUSY] rejected from [::1]:49998 (total=3767)
2026/06/08 11:12:31 [BUSY] rejected from [::1]:50006 (total=3768)
2026/06/08 11:12:31 [BUSY] rejected from [::1]:50012 (total=3769)
2026/06/08 11:12:31 [BUSY] rejected from [::1]:50022 (total=3770)
2026/06/08 11:12:31 [BUSY] rejected from [::1]:50034 (total=3771)
2026/06/08 11:12:31 [BUSY] rejected from [::1]:50050 (total=3772)
2026/06/08 11:12:31 [BUSY] rejected from [::1]:50052 (total=3773)
2026/06/08 11:12:31 [BUSY] rejected from [::1]:50056 (total=3774)
2026/06/08 11:12:31 [BUSY] rejected from [::1]:50068 (total=3775)
2026/06/08 11:12:31 [BUSY] rejected from [::1]:50074 (total=3776)
2026/06/08 11:12:31 [BUSY] rejected from [::1]:50090 (total=3777)
2026/06/08 11:12:31 [BUSY] rejected from [::1]:50096 (total=3778)
2026/06/08 11:12:31 [BUSY] rejected from [::1]:50112 (total=3779)
2026/06/08 11:12:31 [BUSY] rejected from [::1]:50124 (total=3780)
2026/06/08 11:12:31 [BUSY] rejected from [::1]:50130 (total=3781)
2026/06/08 11:12:31 [BUSY] rejected from [::1]:50132 (total=3782)
2026/06/08 11:12:31 [BUSY] rejected from [::1]:50148 (total=3783)
2026/06/08 11:12:31 [BUSY] rejected from [::1]:50162 (total=3784)
2026/06/08 11:12:31 [BUSY] rejected from [::1]:50178 (total=3785)
2026/06/08 11:12:31 [BUSY] rejected from [::1]:50194 (total=3786)
2026/06/08 11:12:31 [BUSY] rejected from [::1]:50210 (total=3787)
2026/06/08 11:12:31 [BUSY] rejected from [::1]:50220 (total=3788)
2026/06/08 11:12:31 [BUSY] rejected from [::1]:50222 (total=3789)
2026/06/08 11:12:31 [BUSY] rejected from [::1]:50236 (total=3790)
2026/06/08 11:12:31 [BUSY] rejected from [::1]:50238 (total=3791)
2026/06/08 11:12:31 [BUSY] rejected from [::1]:50244 (total=3792)
2026/06/08 11:12:31 [BUSY] rejected from [::1]:50256 (total=3793)
2026/06/08 11:12:31 [BUSY] rejected from [::1]:50268 (total=3794)
2026/06/08 11:12:31 [BUSY] rejected from [::1]:50272 (total=3795)
2026/06/08 11:12:31 [BUSY] rejected from [::1]:50278 (total=3796)
2026/06/08 11:12:31 [BUSY] rejected from [::1]:50290 (total=3797)
2026/06/08 11:12:31 [BUSY] rejected from [::1]:50298 (total=3798)
2026/06/08 11:12:31 [BUSY] rejected from [::1]:50300 (total=3799)
2026/06/08 11:12:31 [BUSY] rejected from [::1]:50304 (total=3800)
2026/06/08 11:12:31 [BUSY] rejected from [::1]:50316 (total=3801)
2026/06/08 11:12:31 [BUSY] rejected from [::1]:50332 (total=3802)
2026/06/08 11:12:31 [BUSY] rejected from [::1]:50342 (total=3803)
2026/06/08 11:12:31 [BUSY] rejected from [::1]:50354 (total=3804)
2026/06/08 11:12:31 [BUSY] rejected from [::1]:50356 (total=3805)
2026/06/08 11:12:31 [BUSY] rejected from [::1]:50370 (total=3806)
2026/06/08 11:12:31 [BUSY] rejected from [::1]:50380 (total=3807)
2026/06/08 11:12:31 [BUSY] rejected from [::1]:50396 (total=3808)
2026/06/08 11:12:31 [BUSY] rejected from [::1]:50410 (total=3809)
2026/06/08 11:12:31 [BUSY] rejected from [::1]:50422 (total=3810)
2026/06/08 11:12:31 [BUSY] rejected from [::1]:50436 (total=3811)
2026/06/08 11:12:31 [BUSY] rejected from [::1]:50438 (total=3812)
2026/06/08 11:12:31 [BUSY] rejected from [::1]:50450 (total=3813)
2026/06/08 11:12:31 [BUSY] rejected from [::1]:50456 (total=3814)
2026/06/08 11:12:31 [BUSY] rejected from [::1]:50460 (total=3815)
2026/06/08 11:12:31 [BUSY] rejected from [::1]:50470 (total=3816)
2026/06/08 11:12:31 [BUSY] rejected from [::1]:50480 (total=3817)
2026/06/08 11:12:31 [BUSY] rejected from [::1]:50492 (total=3818)
2026/06/08 11:12:31 [BUSY] rejected from [::1]:50496 (total=3819)
2026/06/08 11:12:31 [BUSY] rejected from [::1]:50512 (total=3820)
2026/06/08 11:12:31 [BUSY] rejected from [::1]:50526 (total=3821)
2026/06/08 11:12:31 [BUSY] rejected from [::1]:50534 (total=3822)
2026/06/08 11:12:31 [BUSY] rejected from [::1]:50550 (total=3823)
2026/06/08 11:12:31 [BUSY] rejected from [::1]:50560 (total=3824)
2026/06/08 11:12:31 [BUSY] rejected from [::1]:50566 (total=3825)
2026/06/08 11:12:31 [BUSY] rejected from [::1]:50574 (total=3826)
2026/06/08 11:12:31 [BUSY] rejected from [::1]:50584 (total=3827)
2026/06/08 11:12:31 [BUSY] rejected from [::1]:50600 (total=3828)
2026/06/08 11:12:31 [BUSY] rejected from [::1]:50614 (total=3829)
2026/06/08 11:12:31 [BUSY] rejected from [::1]:50620 (total=3830)
2026/06/08 11:12:31 [BUSY] rejected from [::1]:50630 (total=3831)
2026/06/08 11:12:31 [BUSY] rejected from [::1]:50644 (total=3832)
2026/06/08 11:12:31 [BUSY] rejected from [::1]:50660 (total=3833)
2026/06/08 11:12:31 [BUSY] rejected from [::1]:50666 (total=3834)
2026/06/08 11:12:31 [BUSY] rejected from [::1]:50682 (total=3835)
2026/06/08 11:12:31 [BUSY] rejected from [::1]:50698 (total=3836)
2026/06/08 11:12:31 [BUSY] rejected from [::1]:50702 (total=3837)
2026/06/08 11:12:31 [BUSY] rejected from [::1]:50714 (total=3838)
2026/06/08 11:12:31 [BUSY] rejected from [::1]:50728 (total=3839)
2026/06/08 11:12:31 [BUSY] rejected from [::1]:50730 (total=3840)
2026/06/08 11:12:31 [BUSY] rejected from [::1]:50732 (total=3841)
2026/06/08 11:12:31 [BUSY] rejected from [::1]:50744 (total=3842)
2026/06/08 11:12:31 [BUSY] rejected from [::1]:50752 (total=3843)
2026/06/08 11:12:31 [BUSY] rejected from [::1]:50756 (total=3844)
2026/06/08 11:12:31 [BUSY] rejected from [::1]:50768 (total=3845)
2026/06/08 11:12:31 [BUSY] rejected from [::1]:50782 (total=3846)
2026/06/08 11:12:31 [BUSY] rejected from [::1]:50790 (total=3847)
2026/06/08 11:12:31 [BUSY] rejected from [::1]:50796 (total=3848)
2026/06/08 11:12:31 [BUSY] rejected from [::1]:50810 (total=3849)
2026/06/08 11:12:31 [BUSY] rejected from [::1]:50820 (total=3850)
2026/06/08 11:12:31 [BUSY] rejected from [::1]:50832 (total=3851)
2026/06/08 11:12:31 [BUSY] rejected from [::1]:50848 (total=3852)
2026/06/08 11:12:31 [BUSY] rejected from [::1]:50864 (total=3853)
2026/06/08 11:12:31 [BUSY] rejected from [::1]:50870 (total=3854)
2026/06/08 11:12:31 [BUSY] rejected from [::1]:50880 (total=3855)
2026/06/08 11:12:31 [BUSY] rejected from [::1]:50896 (total=3856)
2026/06/08 11:12:31 [BUSY] rejected from [::1]:50904 (total=3857)
2026/06/08 11:12:31 [BUSY] rejected from [::1]:50914 (total=3858)
2026/06/08 11:12:31 [BUSY] rejected from [::1]:50918 (total=3859)
2026/06/08 11:12:31 [BUSY] rejected from [::1]:50934 (total=3860)
2026/06/08 11:12:31 [BUSY] rejected from [::1]:50948 (total=3861)
2026/06/08 11:12:31 [BUSY] rejected from [::1]:50958 (total=3862)
2026/06/08 11:12:31 [BUSY] rejected from [::1]:50960 (total=3863)
2026/06/08 11:12:31 [BUSY] rejected from [::1]:50962 (total=3864)
2026/06/08 11:12:31 [BUSY] rejected from [::1]:50966 (total=3865)
2026/06/08 11:12:31 [BUSY] rejected from [::1]:50980 (total=3866)
2026/06/08 11:12:31 [BUSY] rejected from [::1]:50990 (total=3867)
2026/06/08 11:12:31 [BUSY] rejected from [::1]:51004 (total=3868)
2026/06/08 11:12:31 [BUSY] rejected from [::1]:51018 (total=3869)
2026/06/08 11:12:31 [BUSY] rejected from [::1]:51034 (total=3870)
2026/06/08 11:12:31 [BUSY] rejected from [::1]:51044 (total=3871)
2026/06/08 11:12:31 [BUSY] rejected from [::1]:51054 (total=3872)
2026/06/08 11:12:31 [BUSY] rejected from [::1]:51056 (total=3873)
2026/06/08 11:12:31 [BUSY] rejected from [::1]:51070 (total=3874)
2026/06/08 11:12:31 [BUSY] rejected from [::1]:51076 (total=3875)
2026/06/08 11:12:31 [BUSY] rejected from [::1]:51080 (total=3876)
2026/06/08 11:12:31 [BUSY] rejected from [::1]:51094 (total=3877)
2026/06/08 11:12:31 [BUSY] rejected from [::1]:51104 (total=3878)
2026/06/08 11:12:31 [BUSY] rejected from [::1]:51112 (total=3879)
2026/06/08 11:12:31 [BUSY] rejected from [::1]:51120 (total=3880)
2026/06/08 11:12:31 [BUSY] rejected from [::1]:51136 (total=3881)
2026/06/08 11:12:31 [BUSY] rejected from [::1]:51138 (total=3882)
2026/06/08 11:12:31 [BUSY] rejected from [::1]:51150 (total=3883)
2026/06/08 11:12:31 [BUSY] rejected from [::1]:51158 (total=3884)
2026/06/08 11:12:31 [BUSY] rejected from [::1]:51172 (total=3885)
2026/06/08 11:12:31 [BUSY] rejected from [::1]:51176 (total=3886)
2026/06/08 11:12:31 [BUSY] rejected from [::1]:51178 (total=3887)
2026/06/08 11:12:31 [BUSY] rejected from [::1]:51190 (total=3888)
2026/06/08 11:12:31 [BUSY] rejected from [::1]:51206 (total=3889)
2026/06/08 11:12:31 [BUSY] rejected from [::1]:51220 (total=3890)
2026/06/08 11:12:31 [BUSY] rejected from [::1]:51228 (total=3891)
2026/06/08 11:12:31 [BUSY] rejected from [::1]:51236 (total=3892)
2026/06/08 11:12:31 [BUSY] rejected from [::1]:51246 (total=3893)
2026/06/08 11:12:31 [BUSY] rejected from [::1]:51250 (total=3894)
2026/06/08 11:12:31 [BUSY] rejected from [::1]:51266 (total=3895)
2026/06/08 11:12:31 [BUSY] rejected from [::1]:51282 (total=3896)
2026/06/08 11:12:31 [BUSY] rejected from [::1]:51288 (total=3897)
2026/06/08 11:12:31 [BUSY] rejected from [::1]:51294 (total=3898)
2026/06/08 11:12:31 [BUSY] rejected from [::1]:51302 (total=3899)
2026/06/08 11:12:31 [BUSY] rejected from [::1]:51310 (total=3900)
2026/06/08 11:12:31 [BUSY] rejected from [::1]:51312 (total=3901)
2026/06/08 11:12:31 [BUSY] rejected from [::1]:51314 (total=3902)
2026/06/08 11:12:31 [BUSY] rejected from [::1]:51322 (total=3903)
2026/06/08 11:12:31 [BUSY] rejected from [::1]:51332 (total=3904)
2026/06/08 11:12:31 [BUSY] rejected from [::1]:51336 (total=3905)
2026/06/08 11:12:31 [BUSY] rejected from [::1]:51342 (total=3906)
2026/06/08 11:12:31 [BUSY] rejected from [::1]:51344 (total=3907)
2026/06/08 11:12:31 [BUSY] rejected from [::1]:51358 (total=3908)
2026/06/08 11:12:31 [BUSY] rejected from [::1]:51372 (total=3909)
2026/06/08 11:12:31 [BUSY] rejected from [::1]:51376 (total=3910)
2026/06/08 11:12:31 [BUSY] rejected from [::1]:51378 (total=3911)
2026/06/08 11:12:31 [BUSY] rejected from [::1]:51394 (total=3912)
2026/06/08 11:12:31 [BUSY] rejected from [::1]:51398 (total=3913)
2026/06/08 11:12:31 [BUSY] rejected from [::1]:51406 (total=3914)
2026/06/08 11:12:31 [BUSY] rejected from [::1]:51408 (total=3915)
2026/06/08 11:12:31 [BUSY] rejected from [::1]:51414 (total=3916)
2026/06/08 11:12:31 [BUSY] rejected from [::1]:51418 (total=3917)
2026/06/08 11:12:31 [BUSY] rejected from [::1]:51428 (total=3918)
2026/06/08 11:12:31 [BUSY] rejected from [::1]:51434 (total=3919)
2026/06/08 11:12:31 [BUSY] rejected from [::1]:51436 (total=3920)
2026/06/08 11:12:31 [BUSY] rejected from [::1]:51438 (total=3921)
2026/06/08 11:12:31 [BUSY] rejected from [::1]:51452 (total=3922)
2026/06/08 11:12:31 [BUSY] rejected from [::1]:51462 (total=3923)
2026/06/08 11:12:31 [BUSY] rejected from [::1]:51478 (total=3924)
2026/06/08 11:12:31 [BUSY] rejected from [::1]:51486 (total=3925)
2026/06/08 11:12:31 [BUSY] rejected from [::1]:51496 (total=3926)
2026/06/08 11:12:31 [BUSY] rejected from [::1]:51500 (total=3927)
2026/06/08 11:12:31 [BUSY] rejected from [::1]:51508 (total=3928)
2026/06/08 11:12:31 [BUSY] rejected from [::1]:51520 (total=3929)
2026/06/08 11:12:31 [BUSY] rejected from [::1]:51534 (total=3930)
2026/06/08 11:12:31 [BUSY] rejected from [::1]:51544 (total=3931)
2026/06/08 11:12:31 [BUSY] rejected from [::1]:51552 (total=3932)
2026/06/08 11:12:31 [BUSY] rejected from [::1]:51560 (total=3933)
2026/06/08 11:12:31 [BUSY] rejected from [::1]:51576 (total=3934)
2026/06/08 11:12:31 [BUSY] rejected from [::1]:51586 (total=3935)
2026/06/08 11:12:31 [BUSY] rejected from [::1]:51598 (total=3936)
2026/06/08 11:12:31 [BUSY] rejected from [::1]:51608 (total=3937)
2026/06/08 11:12:31 [BUSY] rejected from [::1]:51614 (total=3938)
2026/06/08 11:12:31 [BUSY] rejected from [::1]:51616 (total=3939)
2026/06/08 11:12:31 [BUSY] rejected from [::1]:51618 (total=3940)
2026/06/08 11:12:31 [BUSY] rejected from [::1]:51632 (total=3941)
2026/06/08 11:12:31 [BUSY] rejected from [::1]:51634 (total=3942)
2026/06/08 11:12:31 [BUSY] rejected from [::1]:51644 (total=3943)
2026/06/08 11:12:31 [BUSY] rejected from [::1]:51654 (total=3944)
2026/06/08 11:12:31 [BUSY] rejected from [::1]:51666 (total=3945)
2026/06/08 11:12:31 [BUSY] rejected from [::1]:51676 (total=3946)
2026/06/08 11:12:31 [BUSY] rejected from [::1]:51678 (total=3947)
2026/06/08 11:12:31 [BUSY] rejected from [::1]:51686 (total=3948)
2026/06/08 11:12:31 [BUSY] rejected from [::1]:51696 (total=3949)
2026/06/08 11:12:31 [BUSY] rejected from [::1]:51704 (total=3950)
2026/06/08 11:12:31 [BUSY] rejected from [::1]:51720 (total=3951)
2026/06/08 11:12:31 [BUSY] rejected from [::1]:51728 (total=3952)
2026/06/08 11:12:31 [BUSY] rejected from [::1]:51740 (total=3953)
2026/06/08 11:12:31 [BUSY] rejected from [::1]:51756 (total=3954)
2026/06/08 11:12:31 [BUSY] rejected from [::1]:51762 (total=3955)
2026/06/08 11:12:31 [BUSY] rejected from [::1]:51764 (total=3956)
2026/06/08 11:12:31 [BUSY] rejected from [::1]:51772 (total=3957)
2026/06/08 11:12:31 [BUSY] rejected from [::1]:51780 (total=3958)
2026/06/08 11:12:31 [BUSY] rejected from [::1]:51786 (total=3959)
2026/06/08 11:12:31 [BUSY] rejected from [::1]:51802 (total=3960)
2026/06/08 11:12:31 [BUSY] rejected from [::1]:51806 (total=3961)
2026/06/08 11:12:31 [BUSY] rejected from [::1]:51816 (total=3962)
2026/06/08 11:12:31 [BUSY] rejected from [::1]:51818 (total=3963)
2026/06/08 11:12:31 [BUSY] rejected from [::1]:51820 (total=3964)
2026/06/08 11:12:31 [BUSY] rejected from [::1]:51822 (total=3965)
2026/06/08 11:12:31 [BUSY] rejected from [::1]:51828 (total=3966)
2026/06/08 11:12:31 [BUSY] rejected from [::1]:51840 (total=3967)
2026/06/08 11:12:31 [BUSY] rejected from [::1]:51848 (total=3968)
2026/06/08 11:12:31 [BUSY] rejected from [::1]:51858 (total=3969)
2026/06/08 11:12:31 [BUSY] rejected from [::1]:51874 (total=3970)
2026/06/08 11:12:31 [BUSY] rejected from [::1]:51882 (total=3971)
2026/06/08 11:12:31 [BUSY] rejected from [::1]:51896 (total=3972)
2026/06/08 11:12:31 [BUSY] rejected from [::1]:51898 (total=3973)
2026/06/08 11:12:31 [BUSY] rejected from [::1]:51914 (total=3974)
2026/06/08 11:12:31 [BUSY] rejected from [::1]:51924 (total=3975)
2026/06/08 11:12:31 [BUSY] rejected from [::1]:51932 (total=3976)
2026/06/08 11:12:31 [BUSY] rejected from [::1]:51938 (total=3977)
2026/06/08 11:12:31 [BUSY] rejected from [::1]:51940 (total=3978)
2026/06/08 11:12:31 [BUSY] rejected from [::1]:51946 (total=3979)
2026/06/08 11:12:31 [BUSY] rejected from [::1]:51962 (total=3980)
2026/06/08 11:12:31 [BUSY] rejected from [::1]:51966 (total=3981)
2026/06/08 11:12:31 [BUSY] rejected from [::1]:51978 (total=3982)
2026/06/08 11:12:31 [BUSY] rejected from [::1]:51984 (total=3983)
2026/06/08 11:12:31 [BUSY] rejected from [::1]:51992 (total=3984)
2026/06/08 11:12:31 [BUSY] rejected from [::1]:52006 (total=3985)
2026/06/08 11:12:31 [BUSY] rejected from [::1]:52022 (total=3986)
2026/06/08 11:12:31 [BUSY] rejected from [::1]:52034 (total=3987)
2026/06/08 11:12:31 [BUSY] rejected from [::1]:52036 (total=3988)
2026/06/08 11:12:31 [BUSY] rejected from [::1]:52042 (total=3989)
2026/06/08 11:12:31 [BUSY] rejected from [::1]:52046 (total=3990)
2026/06/08 11:12:31 [BUSY] rejected from [::1]:52056 (total=3991)
2026/06/08 11:12:31 [BUSY] rejected from [::1]:52070 (total=3992)
2026/06/08 11:12:31 [BUSY] rejected from [::1]:52078 (total=3993)
2026/06/08 11:12:31 [BUSY] rejected from [::1]:52082 (total=3994)
2026/06/08 11:12:31 [BUSY] rejected from [::1]:52090 (total=3995)
2026/06/08 11:12:31 [BUSY] rejected from [::1]:52106 (total=3996)
2026/06/08 11:12:31 [BUSY] rejected from [::1]:52120 (total=3997)
2026/06/08 11:12:31 [BUSY] rejected from [::1]:52132 (total=3998)
2026/06/08 11:12:31 [BUSY] rejected from [::1]:52144 (total=3999)
2026/06/08 11:12:31 [BUSY] rejected from [::1]:52154 (total=4000)
2026/06/08 11:12:31 [BUSY] rejected from [::1]:52168 (total=4001)
2026/06/08 11:12:31 [BUSY] rejected from [::1]:52172 (total=4002)
2026/06/08 11:12:31 [BUSY] rejected from [::1]:52180 (total=4003)
2026/06/08 11:12:31 [BUSY] rejected from [::1]:52188 (total=4004)
2026/06/08 11:12:31 [BUSY] rejected from [::1]:52204 (total=4005)
2026/06/08 11:12:31 [BUSY] rejected from [::1]:52220 (total=4006)
2026/06/08 11:12:31 [BUSY] rejected from [::1]:52226 (total=4007)
2026/06/08 11:12:31 [BUSY] rejected from [::1]:52242 (total=4008)
2026/06/08 11:12:31 [BUSY] rejected from [::1]:52256 (total=4009)
2026/06/08 11:12:31 [BUSY] rejected from [::1]:52268 (total=4010)
2026/06/08 11:12:31 [BUSY] rejected from [::1]:52284 (total=4011)
2026/06/08 11:12:31 [BUSY] rejected from [::1]:52300 (total=4012)
2026/06/08 11:12:31 [BUSY] rejected from [::1]:52310 (total=4013)
2026/06/08 11:12:31 [BUSY] rejected from [::1]:52314 (total=4014)
2026/06/08 11:12:31 [BUSY] rejected from [::1]:52322 (total=4015)
2026/06/08 11:12:31 [BUSY] rejected from [::1]:52330 (total=4016)
2026/06/08 11:12:31 [BUSY] rejected from [::1]:52334 (total=4017)
2026/06/08 11:12:31 [BUSY] rejected from [::1]:52342 (total=4018)
2026/06/08 11:12:31 [BUSY] rejected from [::1]:52346 (total=4019)
2026/06/08 11:12:31 [BUSY] rejected from [::1]:52360 (total=4020)
2026/06/08 11:12:31 [BUSY] rejected from [::1]:52376 (total=4021)
2026/06/08 11:12:31 [BUSY] rejected from [::1]:52382 (total=4022)
2026/06/08 11:12:31 [BUSY] rejected from [::1]:52386 (total=4023)
2026/06/08 11:12:31 [BUSY] rejected from [::1]:52388 (total=4024)
2026/06/08 11:12:31 [BUSY] rejected from [::1]:52396 (total=4025)
2026/06/08 11:12:31 [BUSY] rejected from [::1]:52408 (total=4026)
2026/06/08 11:12:31 [BUSY] rejected from [::1]:52422 (total=4027)
2026/06/08 11:12:31 [conn 156] disconnected
2026/06/08 11:12:31 [conn 161] connected from [::1]:43234
2026/06/08 11:12:31 [conn 161] received: Hello from worker 0, package 1462, time: 1780897351484988316
2026/06/08 11:12:31 [BUSY] rejected from [::1]:52432 (total=4028)
2026/06/08 11:12:31 [conn 158] disconnected
2026/06/08 11:12:31 [conn 162] connected from [::1]:43246
2026/06/08 11:12:31 [conn 162] received: Hello from worker 0, package 1464, time: 1780897351485384099
2026/06/08 11:12:31 [conn 157] disconnected
2026/06/08 11:12:31 [conn 163] connected from [::1]:43260
2026/06/08 11:12:31 [conn 163] received: Hello from worker 0, package 1465, time: 1780897351485569647
2026/06/08 11:12:31 [conn 160] disconnected
2026/06/08 11:12:31 [conn 164] connected from [::1]:43282
2026/06/08 11:12:31 [conn 164] received: Hello from worker 0, package 1467, time: 1780897351485941314
2026/06/08 11:12:31 [conn 159] disconnected
2026/06/08 11:12:31 [conn 165] connected from [::1]:43284
2026/06/08 11:12:31 [conn 165] received: Hello from worker 0, package 1468, time: 1780897351486129857
2026/06/08 11:12:31 [BUSY] rejected from [::1]:52470 (total=4029)
2026/06/08 11:12:31 [BUSY] rejected from [::1]:52474 (total=4030)
2026/06/08 11:12:31 [BUSY] rejected from [::1]:52488 (total=4031)
2026/06/08 11:12:31 [BUSY] rejected from [::1]:52492 (total=4032)
2026/06/08 11:12:31 [BUSY] rejected from [::1]:52508 (total=4033)
2026/06/08 11:12:31 [BUSY] rejected from [::1]:52518 (total=4034)
2026/06/08 11:12:31 [BUSY] rejected from [::1]:52534 (total=4035)
2026/06/08 11:12:31 [BUSY] rejected from [::1]:52544 (total=4036)
2026/06/08 11:12:31 [BUSY] rejected from [::1]:52560 (total=4037)
2026/06/08 11:12:31 [BUSY] rejected from [::1]:52564 (total=4038)
2026/06/08 11:12:31 [BUSY] rejected from [::1]:52572 (total=4039)
2026/06/08 11:12:31 [BUSY] rejected from [::1]:52576 (total=4040)
2026/06/08 11:12:31 [BUSY] rejected from [::1]:52592 (total=4041)
2026/06/08 11:12:31 [BUSY] rejected from [::1]:52606 (total=4042)
2026/06/08 11:12:31 [BUSY] rejected from [::1]:52618 (total=4043)
2026/06/08 11:12:31 [BUSY] rejected from [::1]:52624 (total=4044)
2026/06/08 11:12:31 [BUSY] rejected from [::1]:52628 (total=4045)
2026/06/08 11:12:31 [BUSY] rejected from [::1]:52644 (total=4046)
2026/06/08 11:12:31 [BUSY] rejected from [::1]:52650 (total=4047)
2026/06/08 11:12:31 [BUSY] rejected from [::1]:52660 (total=4048)
2026/06/08 11:12:31 [BUSY] rejected from [::1]:52664 (total=4049)
2026/06/08 11:12:31 [BUSY] rejected from [::1]:52680 (total=4050)
2026/06/08 11:12:31 [BUSY] rejected from [::1]:52682 (total=4051)
2026/06/08 11:12:31 [BUSY] rejected from [::1]:52698 (total=4052)
2026/06/08 11:12:31 [BUSY] rejected from [::1]:52708 (total=4053)
2026/06/08 11:12:31 [BUSY] rejected from [::1]:52710 (total=4054)
2026/06/08 11:12:31 [BUSY] rejected from [::1]:52722 (total=4055)
2026/06/08 11:12:31 [BUSY] rejected from [::1]:52738 (total=4056)
2026/06/08 11:12:31 [BUSY] rejected from [::1]:52744 (total=4057)
2026/06/08 11:12:31 [BUSY] rejected from [::1]:52760 (total=4058)
2026/06/08 11:12:31 [BUSY] rejected from [::1]:52776 (total=4059)
2026/06/08 11:12:31 [BUSY] rejected from [::1]:52792 (total=4060)
2026/06/08 11:12:31 [BUSY] rejected from [::1]:52798 (total=4061)
2026/06/08 11:12:31 [BUSY] rejected from [::1]:52806 (total=4062)
2026/06/08 11:12:31 [BUSY] rejected from [::1]:52822 (total=4063)
2026/06/08 11:12:31 [BUSY] rejected from [::1]:52834 (total=4064)
2026/06/08 11:12:31 [BUSY] rejected from [::1]:52842 (total=4065)
2026/06/08 11:12:31 [BUSY] rejected from [::1]:52858 (total=4066)
2026/06/08 11:12:31 [BUSY] rejected from [::1]:52872 (total=4067)
2026/06/08 11:12:31 [BUSY] rejected from [::1]:52886 (total=4068)
2026/06/08 11:12:31 [BUSY] rejected from [::1]:52896 (total=4069)
2026/06/08 11:12:31 [BUSY] rejected from [::1]:52904 (total=4070)
2026/06/08 11:12:31 [BUSY] rejected from [::1]:52916 (total=4071)
2026/06/08 11:12:31 [BUSY] rejected from [::1]:52926 (total=4072)
2026/06/08 11:12:31 [BUSY] rejected from [::1]:52932 (total=4073)
2026/06/08 11:12:31 [BUSY] rejected from [::1]:52938 (total=4074)
2026/06/08 11:12:31 [BUSY] rejected from [::1]:52954 (total=4075)
2026/06/08 11:12:31 [BUSY] rejected from [::1]:52970 (total=4076)
2026/06/08 11:12:31 [BUSY] rejected from [::1]:52980 (total=4077)
2026/06/08 11:12:31 [BUSY] rejected from [::1]:52990 (total=4078)
2026/06/08 11:12:31 [BUSY] rejected from [::1]:53000 (total=4079)
2026/06/08 11:12:31 [BUSY] rejected from [::1]:53008 (total=4080)
2026/06/08 11:12:31 [BUSY] rejected from [::1]:53010 (total=4081)
2026/06/08 11:12:31 [BUSY] rejected from [::1]:53012 (total=4082)
2026/06/08 11:12:31 [BUSY] rejected from [::1]:53016 (total=4083)
2026/06/08 11:12:31 [BUSY] rejected from [::1]:53020 (total=4084)
2026/06/08 11:12:31 [BUSY] rejected from [::1]:53032 (total=4085)
2026/06/08 11:12:31 [BUSY] rejected from [::1]:53046 (total=4086)
2026/06/08 11:12:31 [BUSY] rejected from [::1]:53058 (total=4087)
2026/06/08 11:12:31 [BUSY] rejected from [::1]:53064 (total=4088)
2026/06/08 11:12:31 [BUSY] rejected from [::1]:53074 (total=4089)
2026/06/08 11:12:31 [BUSY] rejected from [::1]:53086 (total=4090)
2026/06/08 11:12:31 [BUSY] rejected from [::1]:53090 (total=4091)
2026/06/08 11:12:31 [BUSY] rejected from [::1]:53096 (total=4092)
2026/06/08 11:12:31 [BUSY] rejected from [::1]:53110 (total=4093)
2026/06/08 11:12:31 [BUSY] rejected from [::1]:53124 (total=4094)
2026/06/08 11:12:31 [BUSY] rejected from [::1]:53128 (total=4095)
2026/06/08 11:12:31 [BUSY] rejected from [::1]:53138 (total=4096)
2026/06/08 11:12:31 [BUSY] rejected from [::1]:53140 (total=4097)
2026/06/08 11:12:31 [BUSY] rejected from [::1]:53144 (total=4098)
2026/06/08 11:12:31 [BUSY] rejected from [::1]:53154 (total=4099)
2026/06/08 11:12:31 [BUSY] rejected from [::1]:53156 (total=4100)
2026/06/08 11:12:31 [BUSY] rejected from [::1]:53164 (total=4101)
2026/06/08 11:12:31 [BUSY] rejected from [::1]:53180 (total=4102)
2026/06/08 11:12:31 [BUSY] rejected from [::1]:53194 (total=4103)
2026/06/08 11:12:31 [BUSY] rejected from [::1]:53204 (total=4104)
2026/06/08 11:12:31 [BUSY] rejected from [::1]:53208 (total=4105)
2026/06/08 11:12:31 [BUSY] rejected from [::1]:53220 (total=4106)
2026/06/08 11:12:31 [BUSY] rejected from [::1]:53224 (total=4107)
2026/06/08 11:12:31 [BUSY] rejected from [::1]:53226 (total=4108)
2026/06/08 11:12:31 [BUSY] rejected from [::1]:53234 (total=4109)
2026/06/08 11:12:31 [BUSY] rejected from [::1]:53242 (total=4110)
2026/06/08 11:12:31 [BUSY] rejected from [::1]:53246 (total=4111)
2026/06/08 11:12:31 [BUSY] rejected from [::1]:53254 (total=4112)
2026/06/08 11:12:31 [BUSY] rejected from [::1]:53268 (total=4113)
2026/06/08 11:12:31 [BUSY] rejected from [::1]:53274 (total=4114)
2026/06/08 11:12:31 [BUSY] rejected from [::1]:53284 (total=4115)
2026/06/08 11:12:31 [BUSY] rejected from [::1]:53288 (total=4116)
2026/06/08 11:12:31 [BUSY] rejected from [::1]:53302 (total=4117)
2026/06/08 11:12:31 [BUSY] rejected from [::1]:53312 (total=4118)
2026/06/08 11:12:31 [BUSY] rejected from [::1]:53316 (total=4119)
2026/06/08 11:12:31 [BUSY] rejected from [::1]:53326 (total=4120)
2026/06/08 11:12:31 [BUSY] rejected from [::1]:53342 (total=4121)
2026/06/08 11:12:31 [BUSY] rejected from [::1]:53354 (total=4122)
2026/06/08 11:12:31 [BUSY] rejected from [::1]:53360 (total=4123)
2026/06/08 11:12:31 [BUSY] rejected from [::1]:53362 (total=4124)
2026/06/08 11:12:31 [BUSY] rejected from [::1]:53376 (total=4125)
2026/06/08 11:12:31 [BUSY] rejected from [::1]:53390 (total=4126)
2026/06/08 11:12:31 [BUSY] rejected from [::1]:53404 (total=4127)
2026/06/08 11:12:31 [BUSY] rejected from [::1]:53410 (total=4128)
2026/06/08 11:12:31 [BUSY] rejected from [::1]:53412 (total=4129)
2026/06/08 11:12:31 [BUSY] rejected from [::1]:53424 (total=4130)
2026/06/08 11:12:31 [BUSY] rejected from [::1]:53428 (total=4131)
2026/06/08 11:12:31 [BUSY] rejected from [::1]:53430 (total=4132)
2026/06/08 11:12:31 [BUSY] rejected from [::1]:53444 (total=4133)
2026/06/08 11:12:31 [BUSY] rejected from [::1]:53446 (total=4134)
2026/06/08 11:12:31 [BUSY] rejected from [::1]:53454 (total=4135)
2026/06/08 11:12:31 [BUSY] rejected from [::1]:53458 (total=4136)
2026/06/08 11:12:31 [BUSY] rejected from [::1]:53462 (total=4137)
2026/06/08 11:12:31 [BUSY] rejected from [::1]:53464 (total=4138)
2026/06/08 11:12:31 [BUSY] rejected from [::1]:53466 (total=4139)
2026/06/08 11:12:31 [BUSY] rejected from [::1]:53470 (total=4140)
2026/06/08 11:12:31 [BUSY] rejected from [::1]:53478 (total=4141)
2026/06/08 11:12:31 [BUSY] rejected from [::1]:53486 (total=4142)
2026/06/08 11:12:31 [BUSY] rejected from [::1]:53502 (total=4143)
2026/06/08 11:12:31 [BUSY] rejected from [::1]:53508 (total=4144)
2026/06/08 11:12:31 [BUSY] rejected from [::1]:53518 (total=4145)
2026/06/08 11:12:31 [BUSY] rejected from [::1]:53522 (total=4146)
2026/06/08 11:12:31 [BUSY] rejected from [::1]:53530 (total=4147)
2026/06/08 11:12:31 [BUSY] rejected from [::1]:53540 (total=4148)
2026/06/08 11:12:31 [BUSY] rejected from [::1]:53554 (total=4149)
2026/06/08 11:12:31 [BUSY] rejected from [::1]:53568 (total=4150)
2026/06/08 11:12:31 [BUSY] rejected from [::1]:53580 (total=4151)
2026/06/08 11:12:31 [BUSY] rejected from [::1]:53594 (total=4152)
2026/06/08 11:12:31 [BUSY] rejected from [::1]:53610 (total=4153)
2026/06/08 11:12:31 [BUSY] rejected from [::1]:53622 (total=4154)
2026/06/08 11:12:31 [BUSY] rejected from [::1]:53632 (total=4155)
2026/06/08 11:12:31 [BUSY] rejected from [::1]:53636 (total=4156)
2026/06/08 11:12:31 [BUSY] rejected from [::1]:53638 (total=4157)
2026/06/08 11:12:31 [BUSY] rejected from [::1]:53644 (total=4158)
2026/06/08 11:12:31 [BUSY] rejected from [::1]:53648 (total=4159)
2026/06/08 11:12:31 [BUSY] rejected from [::1]:53652 (total=4160)
2026/06/08 11:12:31 [BUSY] rejected from [::1]:53656 (total=4161)
2026/06/08 11:12:31 [BUSY] rejected from [::1]:53670 (total=4162)
2026/06/08 11:12:31 [BUSY] rejected from [::1]:53680 (total=4163)
2026/06/08 11:12:31 [BUSY] rejected from [::1]:53692 (total=4164)
2026/06/08 11:12:31 [BUSY] rejected from [::1]:53700 (total=4165)
2026/06/08 11:12:31 [BUSY] rejected from [::1]:53716 (total=4166)
2026/06/08 11:12:31 [BUSY] rejected from [::1]:53726 (total=4167)
2026/06/08 11:12:31 [BUSY] rejected from [::1]:53736 (total=4168)
2026/06/08 11:12:31 [BUSY] rejected from [::1]:53748 (total=4169)
2026/06/08 11:12:31 [BUSY] rejected from [::1]:53758 (total=4170)
2026/06/08 11:12:31 [BUSY] rejected from [::1]:53772 (total=4171)
2026/06/08 11:12:31 [BUSY] rejected from [::1]:53782 (total=4172)
2026/06/08 11:12:31 [BUSY] rejected from [::1]:53792 (total=4173)
2026/06/08 11:12:31 [BUSY] rejected from [::1]:53806 (total=4174)
2026/06/08 11:12:31 [BUSY] rejected from [::1]:53808 (total=4175)
2026/06/08 11:12:31 [BUSY] rejected from [::1]:53818 (total=4176)
2026/06/08 11:12:31 [BUSY] rejected from [::1]:53826 (total=4177)
2026/06/08 11:12:31 [BUSY] rejected from [::1]:53830 (total=4178)
2026/06/08 11:12:31 [BUSY] rejected from [::1]:53842 (total=4179)
2026/06/08 11:12:31 [BUSY] rejected from [::1]:53844 (total=4180)
2026/06/08 11:12:31 [BUSY] rejected from [::1]:53860 (total=4181)
2026/06/08 11:12:31 [BUSY] rejected from [::1]:53864 (total=4182)
2026/06/08 11:12:31 [BUSY] rejected from [::1]:53876 (total=4183)
2026/06/08 11:12:31 [BUSY] rejected from [::1]:53878 (total=4184)
2026/06/08 11:12:31 [BUSY] rejected from [::1]:53894 (total=4185)
2026/06/08 11:12:31 [BUSY] rejected from [::1]:53910 (total=4186)
2026/06/08 11:12:31 [BUSY] rejected from [::1]:53918 (total=4187)
2026/06/08 11:12:31 [BUSY] rejected from [::1]:53930 (total=4188)
2026/06/08 11:12:31 [BUSY] rejected from [::1]:53942 (total=4189)
2026/06/08 11:12:31 [BUSY] rejected from [::1]:53958 (total=4190)
2026/06/08 11:12:31 [BUSY] rejected from [::1]:53964 (total=4191)
2026/06/08 11:12:31 [BUSY] rejected from [::1]:53968 (total=4192)
2026/06/08 11:12:31 [BUSY] rejected from [::1]:53978 (total=4193)
2026/06/08 11:12:31 [BUSY] rejected from [::1]:53986 (total=4194)
2026/06/08 11:12:31 [BUSY] rejected from [::1]:53998 (total=4195)
2026/06/08 11:12:31 [BUSY] rejected from [::1]:54002 (total=4196)
2026/06/08 11:12:31 [BUSY] rejected from [::1]:54016 (total=4197)
2026/06/08 11:12:31 [BUSY] rejected from [::1]:54030 (total=4198)
2026/06/08 11:12:31 [BUSY] rejected from [::1]:54036 (total=4199)
2026/06/08 11:12:31 [BUSY] rejected from [::1]:54042 (total=4200)
2026/06/08 11:12:31 [BUSY] rejected from [::1]:54052 (total=4201)
2026/06/08 11:12:31 [BUSY] rejected from [::1]:54054 (total=4202)
2026/06/08 11:12:31 [BUSY] rejected from [::1]:54064 (total=4203)
2026/06/08 11:12:31 [BUSY] rejected from [::1]:54080 (total=4204)
2026/06/08 11:12:31 [BUSY] rejected from [::1]:54084 (total=4205)
2026/06/08 11:12:31 [BUSY] rejected from [::1]:54092 (total=4206)
2026/06/08 11:12:31 [BUSY] rejected from [::1]:54102 (total=4207)
2026/06/08 11:12:31 [BUSY] rejected from [::1]:54118 (total=4208)
2026/06/08 11:12:31 [BUSY] rejected from [::1]:54120 (total=4209)
2026/06/08 11:12:31 [BUSY] rejected from [::1]:54132 (total=4210)
2026/06/08 11:12:31 [BUSY] rejected from [::1]:54142 (total=4211)
2026/06/08 11:12:31 [BUSY] rejected from [::1]:54158 (total=4212)
2026/06/08 11:12:31 [BUSY] rejected from [::1]:54174 (total=4213)
2026/06/08 11:12:31 [BUSY] rejected from [::1]:54176 (total=4214)
2026/06/08 11:12:31 [BUSY] rejected from [::1]:54190 (total=4215)
2026/06/08 11:12:31 [BUSY] rejected from [::1]:54198 (total=4216)
2026/06/08 11:12:31 [BUSY] rejected from [::1]:54214 (total=4217)
2026/06/08 11:12:31 [BUSY] rejected from [::1]:54218 (total=4218)
2026/06/08 11:12:31 [BUSY] rejected from [::1]:54230 (total=4219)
2026/06/08 11:12:31 [BUSY] rejected from [::1]:54240 (total=4220)
2026/06/08 11:12:31 [BUSY] rejected from [::1]:54256 (total=4221)
2026/06/08 11:12:31 [BUSY] rejected from [::1]:54262 (total=4222)
2026/06/08 11:12:31 [BUSY] rejected from [::1]:54276 (total=4223)
2026/06/08 11:12:31 [BUSY] rejected from [::1]:54288 (total=4224)
2026/06/08 11:12:31 [BUSY] rejected from [::1]:54302 (total=4225)
2026/06/08 11:12:31 [BUSY] rejected from [::1]:54318 (total=4226)
2026/06/08 11:12:31 [BUSY] rejected from [::1]:54332 (total=4227)
2026/06/08 11:12:31 [BUSY] rejected from [::1]:54336 (total=4228)
2026/06/08 11:12:31 [BUSY] rejected from [::1]:54344 (total=4229)
2026/06/08 11:12:31 [BUSY] rejected from [::1]:54358 (total=4230)
2026/06/08 11:12:31 [BUSY] rejected from [::1]:54370 (total=4231)
2026/06/08 11:12:31 [BUSY] rejected from [::1]:54374 (total=4232)
2026/06/08 11:12:31 [BUSY] rejected from [::1]:54390 (total=4233)
2026/06/08 11:12:31 [BUSY] rejected from [::1]:54396 (total=4234)
2026/06/08 11:12:31 [BUSY] rejected from [::1]:54408 (total=4235)
2026/06/08 11:12:31 [BUSY] rejected from [::1]:54422 (total=4236)
2026/06/08 11:12:31 [BUSY] rejected from [::1]:54424 (total=4237)
2026/06/08 11:12:31 [BUSY] rejected from [::1]:54428 (total=4238)
2026/06/08 11:12:31 [BUSY] rejected from [::1]:54442 (total=4239)
2026/06/08 11:12:31 [BUSY] rejected from [::1]:54456 (total=4240)
2026/06/08 11:12:31 [BUSY] rejected from [::1]:54464 (total=4241)
2026/06/08 11:12:31 [BUSY] rejected from [::1]:54478 (total=4242)
2026/06/08 11:12:31 [BUSY] rejected from [::1]:54490 (total=4243)
2026/06/08 11:12:31 [BUSY] rejected from [::1]:54500 (total=4244)
2026/06/08 11:12:31 [BUSY] rejected from [::1]:54512 (total=4245)
2026/06/08 11:12:31 [BUSY] rejected from [::1]:54518 (total=4246)
2026/06/08 11:12:31 [BUSY] rejected from [::1]:54524 (total=4247)
2026/06/08 11:12:31 [BUSY] rejected from [::1]:54528 (total=4248)
2026/06/08 11:12:31 [BUSY] rejected from [::1]:54540 (total=4249)
2026/06/08 11:12:31 [BUSY] rejected from [::1]:54542 (total=4250)
2026/06/08 11:12:31 [BUSY] rejected from [::1]:54558 (total=4251)
2026/06/08 11:12:31 [BUSY] rejected from [::1]:54574 (total=4252)
2026/06/08 11:12:31 [BUSY] rejected from [::1]:54584 (total=4253)
2026/06/08 11:12:31 [BUSY] rejected from [::1]:54598 (total=4254)
2026/06/08 11:12:31 [BUSY] rejected from [::1]:54610 (total=4255)
2026/06/08 11:12:31 [BUSY] rejected from [::1]:54624 (total=4256)
2026/06/08 11:12:31 [BUSY] rejected from [::1]:54626 (total=4257)
2026/06/08 11:12:31 [BUSY] rejected from [::1]:54628 (total=4258)
2026/06/08 11:12:31 [BUSY] rejected from [::1]:54642 (total=4259)
2026/06/08 11:12:31 [BUSY] rejected from [::1]:54658 (total=4260)
2026/06/08 11:12:31 [BUSY] rejected from [::1]:54666 (total=4261)
2026/06/08 11:12:31 [BUSY] rejected from [::1]:54682 (total=4262)
2026/06/08 11:12:31 [BUSY] rejected from [::1]:54694 (total=4263)
2026/06/08 11:12:31 [BUSY] rejected from [::1]:54698 (total=4264)
2026/06/08 11:12:31 [BUSY] rejected from [::1]:54708 (total=4265)
2026/06/08 11:12:31 [BUSY] rejected from [::1]:54720 (total=4266)
2026/06/08 11:12:31 [BUSY] rejected from [::1]:54724 (total=4267)
2026/06/08 11:12:31 [BUSY] rejected from [::1]:54736 (total=4268)
2026/06/08 11:12:31 [BUSY] rejected from [::1]:54752 (total=4269)
2026/06/08 11:12:31 [BUSY] rejected from [::1]:54762 (total=4270)
2026/06/08 11:12:31 [BUSY] rejected from [::1]:54776 (total=4271)
2026/06/08 11:12:31 [BUSY] rejected from [::1]:54780 (total=4272)
2026/06/08 11:12:31 [BUSY] rejected from [::1]:54794 (total=4273)
2026/06/08 11:12:31 [BUSY] rejected from [::1]:54802 (total=4274)
2026/06/08 11:12:31 [BUSY] rejected from [::1]:54818 (total=4275)
2026/06/08 11:12:31 [BUSY] rejected from [::1]:54824 (total=4276)
2026/06/08 11:12:31 [BUSY] rejected from [::1]:54828 (total=4277)
2026/06/08 11:12:31 [BUSY] rejected from [::1]:54834 (total=4278)
2026/06/08 11:12:31 [BUSY] rejected from [::1]:54846 (total=4279)
2026/06/08 11:12:31 [BUSY] rejected from [::1]:54858 (total=4280)
2026/06/08 11:12:31 [BUSY] rejected from [::1]:54862 (total=4281)
2026/06/08 11:12:31 [BUSY] rejected from [::1]:54868 (total=4282)
2026/06/08 11:12:31 [BUSY] rejected from [::1]:54872 (total=4283)
2026/06/08 11:12:31 [BUSY] rejected from [::1]:54880 (total=4284)
2026/06/08 11:12:31 [BUSY] rejected from [::1]:54886 (total=4285)
2026/06/08 11:12:31 [BUSY] rejected from [::1]:54902 (total=4286)
2026/06/08 11:12:31 [BUSY] rejected from [::1]:54912 (total=4287)
2026/06/08 11:12:31 [BUSY] rejected from [::1]:54920 (total=4288)
2026/06/08 11:12:31 [BUSY] rejected from [::1]:54934 (total=4289)
2026/06/08 11:12:31 [BUSY] rejected from [::1]:54950 (total=4290)
2026/06/08 11:12:31 [BUSY] rejected from [::1]:54960 (total=4291)
2026/06/08 11:12:31 [BUSY] rejected from [::1]:54968 (total=4292)
2026/06/08 11:12:31 [BUSY] rejected from [::1]:54982 (total=4293)
2026/06/08 11:12:31 [BUSY] rejected from [::1]:54986 (total=4294)
2026/06/08 11:12:31 [BUSY] rejected from [::1]:54990 (total=4295)
2026/06/08 11:12:31 [BUSY] rejected from [::1]:54992 (total=4296)
2026/06/08 11:12:31 [BUSY] rejected from [::1]:54994 (total=4297)
2026/06/08 11:12:31 [BUSY] rejected from [::1]:54996 (total=4298)
2026/06/08 11:12:31 [BUSY] rejected from [::1]:55006 (total=4299)
2026/06/08 11:12:31 [BUSY] rejected from [::1]:55008 (total=4300)
2026/06/08 11:12:31 [BUSY] rejected from [::1]:55022 (total=4301)
2026/06/08 11:12:31 [BUSY] rejected from [::1]:55034 (total=4302)
2026/06/08 11:12:31 [BUSY] rejected from [::1]:55048 (total=4303)
2026/06/08 11:12:31 [BUSY] rejected from [::1]:55052 (total=4304)
2026/06/08 11:12:31 [BUSY] rejected from [::1]:55062 (total=4305)
2026/06/08 11:12:31 [BUSY] rejected from [::1]:55066 (total=4306)
2026/06/08 11:12:31 [BUSY] rejected from [::1]:55070 (total=4307)
2026/06/08 11:12:31 [BUSY] rejected from [::1]:55076 (total=4308)
2026/06/08 11:12:31 [BUSY] rejected from [::1]:55078 (total=4309)
2026/06/08 11:12:31 [BUSY] rejected from [::1]:55088 (total=4310)
2026/06/08 11:12:31 [BUSY] rejected from [::1]:55090 (total=4311)
2026/06/08 11:12:31 [BUSY] rejected from [::1]:55094 (total=4312)
2026/06/08 11:12:31 [BUSY] rejected from [::1]:55110 (total=4313)
2026/06/08 11:12:31 [BUSY] rejected from [::1]:55116 (total=4314)
2026/06/08 11:12:31 [BUSY] rejected from [::1]:55128 (total=4315)
2026/06/08 11:12:31 [BUSY] rejected from [::1]:55130 (total=4316)
2026/06/08 11:12:31 [BUSY] rejected from [::1]:55136 (total=4317)
2026/06/08 11:12:31 [BUSY] rejected from [::1]:55148 (total=4318)
2026/06/08 11:12:31 [BUSY] rejected from [::1]:55154 (total=4319)
2026/06/08 11:12:31 [BUSY] rejected from [::1]:55164 (total=4320)
2026/06/08 11:12:31 [BUSY] rejected from [::1]:55178 (total=4321)
2026/06/08 11:12:31 [BUSY] rejected from [::1]:55188 (total=4322)
2026/06/08 11:12:31 [BUSY] rejected from [::1]:55196 (total=4323)
2026/06/08 11:12:31 [BUSY] rejected from [::1]:55212 (total=4324)
2026/06/08 11:12:31 [BUSY] rejected from [::1]:55214 (total=4325)
2026/06/08 11:12:31 [BUSY] rejected from [::1]:55220 (total=4326)
2026/06/08 11:12:31 [BUSY] rejected from [::1]:55234 (total=4327)
2026/06/08 11:12:31 [BUSY] rejected from [::1]:55248 (total=4328)
2026/06/08 11:12:31 [BUSY] rejected from [::1]:55260 (total=4329)
2026/06/08 11:12:31 [BUSY] rejected from [::1]:55266 (total=4330)
2026/06/08 11:12:31 [BUSY] rejected from [::1]:55276 (total=4331)
2026/06/08 11:12:31 [BUSY] rejected from [::1]:55282 (total=4332)
2026/06/08 11:12:31 [BUSY] rejected from [::1]:55294 (total=4333)
2026/06/08 11:12:31 [BUSY] rejected from [::1]:55306 (total=4334)
2026/06/08 11:12:31 [BUSY] rejected from [::1]:55320 (total=4335)
2026/06/08 11:12:31 [BUSY] rejected from [::1]:55334 (total=4336)
2026/06/08 11:12:31 [BUSY] rejected from [::1]:55348 (total=4337)
2026/06/08 11:12:31 [BUSY] rejected from [::1]:55360 (total=4338)
2026/06/08 11:12:31 [BUSY] rejected from [::1]:55364 (total=4339)
2026/06/08 11:12:31 [BUSY] rejected from [::1]:55372 (total=4340)
2026/06/08 11:12:31 [BUSY] rejected from [::1]:55380 (total=4341)
2026/06/08 11:12:31 [BUSY] rejected from [::1]:55390 (total=4342)
2026/06/08 11:12:31 [BUSY] rejected from [::1]:55406 (total=4343)
2026/06/08 11:12:31 [BUSY] rejected from [::1]:55412 (total=4344)
2026/06/08 11:12:31 [BUSY] rejected from [::1]:55416 (total=4345)
2026/06/08 11:12:31 [BUSY] rejected from [::1]:55424 (total=4346)
2026/06/08 11:12:31 [BUSY] rejected from [::1]:55440 (total=4347)
2026/06/08 11:12:31 [BUSY] rejected from [::1]:55442 (total=4348)
2026/06/08 11:12:31 [BUSY] rejected from [::1]:55456 (total=4349)
2026/06/08 11:12:31 [BUSY] rejected from [::1]:55460 (total=4350)
2026/06/08 11:12:31 [BUSY] rejected from [::1]:55476 (total=4351)
2026/06/08 11:12:31 [BUSY] rejected from [::1]:55486 (total=4352)
2026/06/08 11:12:31 [BUSY] rejected from [::1]:55494 (total=4353)
2026/06/08 11:12:31 [BUSY] rejected from [::1]:55500 (total=4354)
2026/06/08 11:12:31 [BUSY] rejected from [::1]:55514 (total=4355)
2026/06/08 11:12:31 [BUSY] rejected from [::1]:55530 (total=4356)
2026/06/08 11:12:31 [BUSY] rejected from [::1]:55536 (total=4357)
2026/06/08 11:12:31 [BUSY] rejected from [::1]:55550 (total=4358)
2026/06/08 11:12:31 [BUSY] rejected from [::1]:55554 (total=4359)
2026/06/08 11:12:31 [BUSY] rejected from [::1]:55556 (total=4360)
2026/06/08 11:12:31 [BUSY] rejected from [::1]:55560 (total=4361)
2026/06/08 11:12:31 [BUSY] rejected from [::1]:55566 (total=4362)
2026/06/08 11:12:31 [BUSY] rejected from [::1]:55568 (total=4363)
2026/06/08 11:12:31 [BUSY] rejected from [::1]:55572 (total=4364)
2026/06/08 11:12:31 [BUSY] rejected from [::1]:55588 (total=4365)
2026/06/08 11:12:31 [BUSY] rejected from [::1]:55598 (total=4366)
2026/06/08 11:12:31 [BUSY] rejected from [::1]:55606 (total=4367)
2026/06/08 11:12:31 [BUSY] rejected from [::1]:55622 (total=4368)
2026/06/08 11:12:31 [BUSY] rejected from [::1]:55636 (total=4369)
2026/06/08 11:12:31 [BUSY] rejected from [::1]:55644 (total=4370)
2026/06/08 11:12:31 [BUSY] rejected from [::1]:55652 (total=4371)
2026/06/08 11:12:31 [BUSY] rejected from [::1]:55662 (total=4372)
2026/06/08 11:12:31 [BUSY] rejected from [::1]:55678 (total=4373)
2026/06/08 11:12:31 [BUSY] rejected from [::1]:55688 (total=4374)
2026/06/08 11:12:31 [BUSY] rejected from [::1]:55694 (total=4375)
2026/06/08 11:12:31 [BUSY] rejected from [::1]:55702 (total=4376)
2026/06/08 11:12:31 [BUSY] rejected from [::1]:55714 (total=4377)
2026/06/08 11:12:31 [BUSY] rejected from [::1]:55726 (total=4378)
2026/06/08 11:12:31 [BUSY] rejected from [::1]:55738 (total=4379)
2026/06/08 11:12:31 [BUSY] rejected from [::1]:55754 (total=4380)
2026/06/08 11:12:31 [BUSY] rejected from [::1]:55762 (total=4381)
2026/06/08 11:12:31 [BUSY] rejected from [::1]:55768 (total=4382)
2026/06/08 11:12:31 [BUSY] rejected from [::1]:55772 (total=4383)
2026/06/08 11:12:31 [BUSY] rejected from [::1]:55788 (total=4384)
2026/06/08 11:12:31 [BUSY] rejected from [::1]:55798 (total=4385)
2026/06/08 11:12:31 [BUSY] rejected from [::1]:55808 (total=4386)
2026/06/08 11:12:31 [BUSY] rejected from [::1]:55810 (total=4387)
2026/06/08 11:12:31 [BUSY] rejected from [::1]:55820 (total=4388)
2026/06/08 11:12:31 [BUSY] rejected from [::1]:55836 (total=4389)
2026/06/08 11:12:31 [BUSY] rejected from [::1]:55840 (total=4390)
2026/06/08 11:12:31 [BUSY] rejected from [::1]:55842 (total=4391)
2026/06/08 11:12:31 [BUSY] rejected from [::1]:55846 (total=4392)
2026/06/08 11:12:31 [BUSY] rejected from [::1]:55850 (total=4393)
2026/06/08 11:12:31 [BUSY] rejected from [::1]:55864 (total=4394)
2026/06/08 11:12:31 [BUSY] rejected from [::1]:55872 (total=4395)
2026/06/08 11:12:31 [BUSY] rejected from [::1]:55886 (total=4396)
2026/06/08 11:12:31 [BUSY] rejected from [::1]:55902 (total=4397)
2026/06/08 11:12:31 [BUSY] rejected from [::1]:55910 (total=4398)
2026/06/08 11:12:31 [BUSY] rejected from [::1]:55924 (total=4399)
2026/06/08 11:12:31 [BUSY] rejected from [::1]:55940 (total=4400)
2026/06/08 11:12:31 [BUSY] rejected from [::1]:55954 (total=4401)
2026/06/08 11:12:31 [BUSY] rejected from [::1]:55962 (total=4402)
2026/06/08 11:12:31 [BUSY] rejected from [::1]:55970 (total=4403)
2026/06/08 11:12:31 [BUSY] rejected from [::1]:55982 (total=4404)
2026/06/08 11:12:31 [BUSY] rejected from [::1]:55996 (total=4405)
2026/06/08 11:12:31 [BUSY] rejected from [::1]:56002 (total=4406)
2026/06/08 11:12:31 [BUSY] rejected from [::1]:56018 (total=4407)
2026/06/08 11:12:31 [BUSY] rejected from [::1]:56022 (total=4408)
2026/06/08 11:12:31 [BUSY] rejected from [::1]:56034 (total=4409)
2026/06/08 11:12:31 [BUSY] rejected from [::1]:56036 (total=4410)
2026/06/08 11:12:31 [BUSY] rejected from [::1]:56044 (total=4411)
2026/06/08 11:12:31 [BUSY] rejected from [::1]:56060 (total=4412)
2026/06/08 11:12:31 [BUSY] rejected from [::1]:56066 (total=4413)
2026/06/08 11:12:31 [BUSY] rejected from [::1]:56082 (total=4414)
2026/06/08 11:12:31 [BUSY] rejected from [::1]:56090 (total=4415)
2026/06/08 11:12:31 [BUSY] rejected from [::1]:56104 (total=4416)
2026/06/08 11:12:31 [BUSY] rejected from [::1]:56108 (total=4417)
2026/06/08 11:12:31 [BUSY] rejected from [::1]:56120 (total=4418)
2026/06/08 11:12:31 [BUSY] rejected from [::1]:56134 (total=4419)
2026/06/08 11:12:31 [BUSY] rejected from [::1]:56136 (total=4420)
2026/06/08 11:12:31 [BUSY] rejected from [::1]:56146 (total=4421)
2026/06/08 11:12:31 [BUSY] rejected from [::1]:56162 (total=4422)
2026/06/08 11:12:31 [BUSY] rejected from [::1]:56168 (total=4423)
2026/06/08 11:12:31 [BUSY] rejected from [::1]:56182 (total=4424)
2026/06/08 11:12:31 [BUSY] rejected from [::1]:56186 (total=4425)
2026/06/08 11:12:31 [BUSY] rejected from [::1]:56192 (total=4426)
2026/06/08 11:12:31 [BUSY] rejected from [::1]:56196 (total=4427)
2026/06/08 11:12:31 [BUSY] rejected from [::1]:56208 (total=4428)
2026/06/08 11:12:31 [BUSY] rejected from [::1]:56222 (total=4429)
2026/06/08 11:12:31 [BUSY] rejected from [::1]:56232 (total=4430)
2026/06/08 11:12:31 [BUSY] rejected from [::1]:56242 (total=4431)
2026/06/08 11:12:31 [BUSY] rejected from [::1]:56244 (total=4432)
2026/06/08 11:12:31 [BUSY] rejected from [::1]:56258 (total=4433)
2026/06/08 11:12:31 [BUSY] rejected from [::1]:56262 (total=4434)
2026/06/08 11:12:31 [BUSY] rejected from [::1]:56266 (total=4435)
2026/06/08 11:12:31 [BUSY] rejected from [::1]:56282 (total=4436)
2026/06/08 11:12:31 [BUSY] rejected from [::1]:56296 (total=4437)
2026/06/08 11:12:31 [BUSY] rejected from [::1]:56302 (total=4438)
2026/06/08 11:12:31 [BUSY] rejected from [::1]:56312 (total=4439)
2026/06/08 11:12:31 [BUSY] rejected from [::1]:56328 (total=4440)
2026/06/08 11:12:31 [BUSY] rejected from [::1]:56336 (total=4441)
2026/06/08 11:12:31 [BUSY] rejected from [::1]:56338 (total=4442)
2026/06/08 11:12:31 [BUSY] rejected from [::1]:56342 (total=4443)
2026/06/08 11:12:31 [BUSY] rejected from [::1]:56354 (total=4444)
2026/06/08 11:12:31 [BUSY] rejected from [::1]:56360 (total=4445)
2026/06/08 11:12:31 [BUSY] rejected from [::1]:56376 (total=4446)
2026/06/08 11:12:31 [BUSY] rejected from [::1]:56392 (total=4447)
2026/06/08 11:12:31 [BUSY] rejected from [::1]:56394 (total=4448)
2026/06/08 11:12:31 [BUSY] rejected from [::1]:56396 (total=4449)
2026/06/08 11:12:31 [BUSY] rejected from [::1]:56408 (total=4450)
2026/06/08 11:12:31 [BUSY] rejected from [::1]:56410 (total=4451)
2026/06/08 11:12:31 [BUSY] rejected from [::1]:56424 (total=4452)
2026/06/08 11:12:31 [BUSY] rejected from [::1]:56430 (total=4453)
2026/06/08 11:12:31 [BUSY] rejected from [::1]:56432 (total=4454)
2026/06/08 11:12:31 [BUSY] rejected from [::1]:56446 (total=4455)
2026/06/08 11:12:31 [BUSY] rejected from [::1]:56452 (total=4456)
2026/06/08 11:12:31 [BUSY] rejected from [::1]:56464 (total=4457)
2026/06/08 11:12:31 [BUSY] rejected from [::1]:56474 (total=4458)
2026/06/08 11:12:31 [BUSY] rejected from [::1]:56488 (total=4459)
2026/06/08 11:12:31 [BUSY] rejected from [::1]:56502 (total=4460)
2026/06/08 11:12:31 [BUSY] rejected from [::1]:56518 (total=4461)
2026/06/08 11:12:31 [BUSY] rejected from [::1]:56520 (total=4462)
2026/06/08 11:12:31 [BUSY] rejected from [::1]:56530 (total=4463)
2026/06/08 11:12:31 [BUSY] rejected from [::1]:56536 (total=4464)
2026/06/08 11:12:31 [BUSY] rejected from [::1]:56552 (total=4465)
2026/06/08 11:12:31 [BUSY] rejected from [::1]:56558 (total=4466)
2026/06/08 11:12:31 [BUSY] rejected from [::1]:56570 (total=4467)
2026/06/08 11:12:31 [BUSY] rejected from [::1]:56574 (total=4468)
2026/06/08 11:12:31 [BUSY] rejected from [::1]:56578 (total=4469)
2026/06/08 11:12:31 [BUSY] rejected from [::1]:56588 (total=4470)
2026/06/08 11:12:31 [BUSY] rejected from [::1]:56598 (total=4471)
2026/06/08 11:12:31 [BUSY] rejected from [::1]:56602 (total=4472)
2026/06/08 11:12:31 [BUSY] rejected from [::1]:56614 (total=4473)
2026/06/08 11:12:31 [BUSY] rejected from [::1]:56626 (total=4474)
2026/06/08 11:12:31 [BUSY] rejected from [::1]:56642 (total=4475)
2026/06/08 11:12:31 [BUSY] rejected from [::1]:56654 (total=4476)
2026/06/08 11:12:31 [BUSY] rejected from [::1]:56664 (total=4477)
2026/06/08 11:12:31 [BUSY] rejected from [::1]:56666 (total=4478)
2026/06/08 11:12:31 [BUSY] rejected from [::1]:56672 (total=4479)
2026/06/08 11:12:31 [BUSY] rejected from [::1]:56678 (total=4480)
2026/06/08 11:12:31 [BUSY] rejected from [::1]:56690 (total=4481)
2026/06/08 11:12:31 [BUSY] rejected from [::1]:56704 (total=4482)
2026/06/08 11:12:31 [BUSY] rejected from [::1]:56720 (total=4483)
2026/06/08 11:12:31 [BUSY] rejected from [::1]:56722 (total=4484)
2026/06/08 11:12:31 [BUSY] rejected from [::1]:56728 (total=4485)
2026/06/08 11:12:31 [BUSY] rejected from [::1]:56732 (total=4486)
2026/06/08 11:12:31 [BUSY] rejected from [::1]:56748 (total=4487)
2026/06/08 11:12:31 [BUSY] rejected from [::1]:56760 (total=4488)
2026/06/08 11:12:31 [BUSY] rejected from [::1]:56764 (total=4489)
2026/06/08 11:12:31 [conn 161] disconnected
2026/06/08 11:12:31 [conn 166] connected from [::1]:47820
2026/06/08 11:12:31 [conn 166] received: Hello from worker 0, package 1966, time: 1780897351585167260
2026/06/08 11:12:31 [BUSY] rejected from [::1]:56776 (total=4490)
2026/06/08 11:12:31 [conn 162] disconnected
2026/06/08 11:12:31 [conn 167] connected from [::1]:47848
2026/06/08 11:12:31 [conn 167] received: Hello from worker 0, package 1968, time: 1780897351585586927
2026/06/08 11:12:31 [conn 163] disconnected
2026/06/08 11:12:31 [conn 168] connected from [::1]:47858
2026/06/08 11:12:31 [conn 168] received: Hello from worker 0, package 1969, time: 1780897351585797702
2026/06/08 11:12:31 [conn 164] disconnected
2026/06/08 11:12:31 [conn 165] disconnected
2026/06/08 11:12:31 [conn 169] connected from [::1]:47884
2026/06/08 11:12:31 [conn 170] connected from [::1]:47886
2026/06/08 11:12:31 [conn 169] received: Hello from worker 0, package 1971, time: 1780897351586232468
2026/06/08 11:12:31 [conn 170] received: Hello from worker 0, package 1972, time: 1780897351586476956
2026/06/08 11:12:31 [BUSY] rejected from [::1]:56824 (total=4491)
2026/06/08 11:12:31 [BUSY] rejected from [::1]:56840 (total=4492)
2026/06/08 11:12:31 [BUSY] rejected from [::1]:56856 (total=4493)
2026/06/08 11:12:31 [BUSY] rejected from [::1]:56864 (total=4494)
2026/06/08 11:12:31 [BUSY] rejected from [::1]:56874 (total=4495)
2026/06/08 11:12:31 [BUSY] rejected from [::1]:56884 (total=4496)
2026/06/08 11:12:31 [BUSY] rejected from [::1]:56892 (total=4497)
2026/06/08 11:12:31 [BUSY] rejected from [::1]:56896 (total=4498)
2026/06/08 11:12:31 [BUSY] rejected from [::1]:56904 (total=4499)
2026/06/08 11:12:31 [BUSY] rejected from [::1]:56920 (total=4500)
2026/06/08 11:12:31 [BUSY] rejected from [::1]:56926 (total=4501)
2026/06/08 11:12:31 [BUSY] rejected from [::1]:56932 (total=4502)
2026/06/08 11:12:31 [BUSY] rejected from [::1]:56940 (total=4503)
2026/06/08 11:12:31 [BUSY] rejected from [::1]:56950 (total=4504)
2026/06/08 11:12:31 [BUSY] rejected from [::1]:56960 (total=4505)
2026/06/08 11:12:31 [BUSY] rejected from [::1]:56964 (total=4506)
2026/06/08 11:12:31 [BUSY] rejected from [::1]:56978 (total=4507)
2026/06/08 11:12:31 [BUSY] rejected from [::1]:56990 (total=4508)
2026/06/08 11:12:31 [BUSY] rejected from [::1]:56994 (total=4509)
2026/06/08 11:12:31 [BUSY] rejected from [::1]:57000 (total=4510)
2026/06/08 11:12:31 [BUSY] rejected from [::1]:57002 (total=4511)
2026/06/08 11:12:31 [BUSY] rejected from [::1]:57004 (total=4512)
2026/06/08 11:12:31 [BUSY] rejected from [::1]:57008 (total=4513)
2026/06/08 11:12:31 [BUSY] rejected from [::1]:57018 (total=4514)
2026/06/08 11:12:31 [BUSY] rejected from [::1]:57022 (total=4515)
2026/06/08 11:12:31 [BUSY] rejected from [::1]:57028 (total=4516)
2026/06/08 11:12:31 [BUSY] rejected from [::1]:57032 (total=4517)
2026/06/08 11:12:31 [BUSY] rejected from [::1]:57046 (total=4518)
2026/06/08 11:12:31 [BUSY] rejected from [::1]:57062 (total=4519)
2026/06/08 11:12:31 [BUSY] rejected from [::1]:57064 (total=4520)
2026/06/08 11:12:31 [BUSY] rejected from [::1]:57080 (total=4521)
2026/06/08 11:12:31 [BUSY] rejected from [::1]:57082 (total=4522)
2026/06/08 11:12:31 [BUSY] rejected from [::1]:57094 (total=4523)
2026/06/08 11:12:31 [BUSY] rejected from [::1]:57102 (total=4524)
2026/06/08 11:12:31 [BUSY] rejected from [::1]:57106 (total=4525)
2026/06/08 11:12:31 [BUSY] rejected from [::1]:57122 (total=4526)
2026/06/08 11:12:31 [BUSY] rejected from [::1]:57130 (total=4527)
2026/06/08 11:12:31 [BUSY] rejected from [::1]:57144 (total=4528)
2026/06/08 11:12:31 [BUSY] rejected from [::1]:57154 (total=4529)
2026/06/08 11:12:31 [BUSY] rejected from [::1]:57168 (total=4530)
2026/06/08 11:12:31 [BUSY] rejected from [::1]:57182 (total=4531)
2026/06/08 11:12:31 [BUSY] rejected from [::1]:57186 (total=4532)
2026/06/08 11:12:31 [BUSY] rejected from [::1]:57196 (total=4533)
2026/06/08 11:12:31 [BUSY] rejected from [::1]:57206 (total=4534)
2026/06/08 11:12:31 [BUSY] rejected from [::1]:57222 (total=4535)
2026/06/08 11:12:31 [BUSY] rejected from [::1]:57226 (total=4536)
2026/06/08 11:12:31 [BUSY] rejected from [::1]:57242 (total=4537)
2026/06/08 11:12:31 [BUSY] rejected from [::1]:57254 (total=4538)
2026/06/08 11:12:31 [BUSY] rejected from [::1]:57256 (total=4539)
2026/06/08 11:12:31 [BUSY] rejected from [::1]:57266 (total=4540)
2026/06/08 11:12:31 [BUSY] rejected from [::1]:57274 (total=4541)
2026/06/08 11:12:31 [BUSY] rejected from [::1]:57288 (total=4542)
2026/06/08 11:12:31 [BUSY] rejected from [::1]:57304 (total=4543)
2026/06/08 11:12:31 [BUSY] rejected from [::1]:57310 (total=4544)
2026/06/08 11:12:31 [BUSY] rejected from [::1]:57316 (total=4545)
2026/06/08 11:12:31 [BUSY] rejected from [::1]:57330 (total=4546)
2026/06/08 11:12:31 [BUSY] rejected from [::1]:57334 (total=4547)
2026/06/08 11:12:31 [BUSY] rejected from [::1]:57344 (total=4548)
2026/06/08 11:12:31 [BUSY] rejected from [::1]:57352 (total=4549)
2026/06/08 11:12:31 [BUSY] rejected from [::1]:57356 (total=4550)
2026/06/08 11:12:31 [BUSY] rejected from [::1]:57366 (total=4551)
2026/06/08 11:12:31 [BUSY] rejected from [::1]:57370 (total=4552)
2026/06/08 11:12:31 [BUSY] rejected from [::1]:57378 (total=4553)
2026/06/08 11:12:31 [BUSY] rejected from [::1]:57380 (total=4554)
2026/06/08 11:12:31 [BUSY] rejected from [::1]:57386 (total=4555)
2026/06/08 11:12:31 [BUSY] rejected from [::1]:57394 (total=4556)
2026/06/08 11:12:31 [BUSY] rejected from [::1]:57402 (total=4557)
2026/06/08 11:12:31 [BUSY] rejected from [::1]:57408 (total=4558)
2026/06/08 11:12:31 [BUSY] rejected from [::1]:57424 (total=4559)
2026/06/08 11:12:31 [BUSY] rejected from [::1]:57428 (total=4560)
2026/06/08 11:12:31 [BUSY] rejected from [::1]:57432 (total=4561)
2026/06/08 11:12:31 [BUSY] rejected from [::1]:57446 (total=4562)
2026/06/08 11:12:31 [BUSY] rejected from [::1]:57458 (total=4563)
2026/06/08 11:12:31 [BUSY] rejected from [::1]:57472 (total=4564)
2026/06/08 11:12:31 [BUSY] rejected from [::1]:57476 (total=4565)
2026/06/08 11:12:31 [BUSY] rejected from [::1]:57490 (total=4566)
2026/06/08 11:12:31 [BUSY] rejected from [::1]:57498 (total=4567)
2026/06/08 11:12:31 [BUSY] rejected from [::1]:57502 (total=4568)
2026/06/08 11:12:31 [BUSY] rejected from [::1]:57506 (total=4569)
2026/06/08 11:12:31 [BUSY] rejected from [::1]:57514 (total=4570)
2026/06/08 11:12:31 [BUSY] rejected from [::1]:57524 (total=4571)
2026/06/08 11:12:31 [BUSY] rejected from [::1]:57540 (total=4572)
2026/06/08 11:12:31 [BUSY] rejected from [::1]:57542 (total=4573)
2026/06/08 11:12:31 [BUSY] rejected from [::1]:57552 (total=4574)
2026/06/08 11:12:31 [BUSY] rejected from [::1]:57566 (total=4575)
2026/06/08 11:12:31 [BUSY] rejected from [::1]:57580 (total=4576)
2026/06/08 11:12:31 [BUSY] rejected from [::1]:57596 (total=4577)
2026/06/08 11:12:31 [BUSY] rejected from [::1]:57606 (total=4578)
2026/06/08 11:12:31 [BUSY] rejected from [::1]:57612 (total=4579)
2026/06/08 11:12:31 [BUSY] rejected from [::1]:57622 (total=4580)
2026/06/08 11:12:31 [BUSY] rejected from [::1]:57636 (total=4581)
2026/06/08 11:12:31 [BUSY] rejected from [::1]:57652 (total=4582)
2026/06/08 11:12:31 [BUSY] rejected from [::1]:57660 (total=4583)
2026/06/08 11:12:31 [BUSY] rejected from [::1]:57674 (total=4584)
2026/06/08 11:12:31 [BUSY] rejected from [::1]:57678 (total=4585)
2026/06/08 11:12:31 [BUSY] rejected from [::1]:57694 (total=4586)
2026/06/08 11:12:31 [BUSY] rejected from [::1]:57700 (total=4587)
2026/06/08 11:12:31 [BUSY] rejected from [::1]:57712 (total=4588)
2026/06/08 11:12:31 [BUSY] rejected from [::1]:57722 (total=4589)
2026/06/08 11:12:31 [BUSY] rejected from [::1]:57732 (total=4590)
2026/06/08 11:12:31 [BUSY] rejected from [::1]:57742 (total=4591)
2026/06/08 11:12:31 [BUSY] rejected from [::1]:57746 (total=4592)
2026/06/08 11:12:31 [BUSY] rejected from [::1]:57752 (total=4593)
2026/06/08 11:12:31 [BUSY] rejected from [::1]:57766 (total=4594)
2026/06/08 11:12:31 [BUSY] rejected from [::1]:57770 (total=4595)
2026/06/08 11:12:31 [BUSY] rejected from [::1]:57786 (total=4596)
2026/06/08 11:12:31 [BUSY] rejected from [::1]:57794 (total=4597)
2026/06/08 11:12:31 [BUSY] rejected from [::1]:57802 (total=4598)
2026/06/08 11:12:31 [BUSY] rejected from [::1]:57818 (total=4599)
2026/06/08 11:12:31 [BUSY] rejected from [::1]:57822 (total=4600)
2026/06/08 11:12:31 [BUSY] rejected from [::1]:57830 (total=4601)
2026/06/08 11:12:31 [BUSY] rejected from [::1]:57844 (total=4602)
2026/06/08 11:12:31 [BUSY] rejected from [::1]:57848 (total=4603)
2026/06/08 11:12:31 [BUSY] rejected from [::1]:57852 (total=4604)
2026/06/08 11:12:31 [BUSY] rejected from [::1]:57862 (total=4605)
2026/06/08 11:12:31 [BUSY] rejected from [::1]:57868 (total=4606)
2026/06/08 11:12:31 [BUSY] rejected from [::1]:57872 (total=4607)
2026/06/08 11:12:31 [BUSY] rejected from [::1]:57884 (total=4608)
2026/06/08 11:12:31 [BUSY] rejected from [::1]:57890 (total=4609)
2026/06/08 11:12:31 [BUSY] rejected from [::1]:57894 (total=4610)
2026/06/08 11:12:31 [BUSY] rejected from [::1]:57898 (total=4611)
2026/06/08 11:12:31 [BUSY] rejected from [::1]:57906 (total=4612)
2026/06/08 11:12:31 [BUSY] rejected from [::1]:57910 (total=4613)
2026/06/08 11:12:31 [BUSY] rejected from [::1]:57914 (total=4614)
2026/06/08 11:12:31 [BUSY] rejected from [::1]:57916 (total=4615)
2026/06/08 11:12:31 [BUSY] rejected from [::1]:57932 (total=4616)
2026/06/08 11:12:31 [BUSY] rejected from [::1]:57946 (total=4617)
2026/06/08 11:12:31 [BUSY] rejected from [::1]:57958 (total=4618)
2026/06/08 11:12:31 [BUSY] rejected from [::1]:57972 (total=4619)
2026/06/08 11:12:31 [BUSY] rejected from [::1]:57986 (total=4620)
2026/06/08 11:12:31 [BUSY] rejected from [::1]:57988 (total=4621)
2026/06/08 11:12:31 [BUSY] rejected from [::1]:58002 (total=4622)
2026/06/08 11:12:31 [BUSY] rejected from [::1]:58010 (total=4623)
2026/06/08 11:12:31 [BUSY] rejected from [::1]:58012 (total=4624)
2026/06/08 11:12:31 [BUSY] rejected from [::1]:58026 (total=4625)
2026/06/08 11:12:31 [BUSY] rejected from [::1]:58040 (total=4626)
2026/06/08 11:12:31 [BUSY] rejected from [::1]:58050 (total=4627)
2026/06/08 11:12:31 [BUSY] rejected from [::1]:58064 (total=4628)
2026/06/08 11:12:31 [BUSY] rejected from [::1]:58078 (total=4629)
2026/06/08 11:12:31 [BUSY] rejected from [::1]:58086 (total=4630)
2026/06/08 11:12:31 [BUSY] rejected from [::1]:58094 (total=4631)
2026/06/08 11:12:31 [BUSY] rejected from [::1]:58104 (total=4632)
2026/06/08 11:12:31 [BUSY] rejected from [::1]:58112 (total=4633)
2026/06/08 11:12:31 [BUSY] rejected from [::1]:58118 (total=4634)
2026/06/08 11:12:31 [BUSY] rejected from [::1]:58130 (total=4635)
2026/06/08 11:12:31 [BUSY] rejected from [::1]:58142 (total=4636)
2026/06/08 11:12:31 [BUSY] rejected from [::1]:58150 (total=4637)
2026/06/08 11:12:31 [BUSY] rejected from [::1]:58160 (total=4638)
2026/06/08 11:12:31 [BUSY] rejected from [::1]:58162 (total=4639)
2026/06/08 11:12:31 [BUSY] rejected from [::1]:58164 (total=4640)
2026/06/08 11:12:31 [BUSY] rejected from [::1]:58176 (total=4641)
2026/06/08 11:12:31 [BUSY] rejected from [::1]:58184 (total=4642)
2026/06/08 11:12:31 [BUSY] rejected from [::1]:58188 (total=4643)
2026/06/08 11:12:31 [BUSY] rejected from [::1]:58202 (total=4644)
2026/06/08 11:12:31 [BUSY] rejected from [::1]:58216 (total=4645)
2026/06/08 11:12:31 [BUSY] rejected from [::1]:58228 (total=4646)
2026/06/08 11:12:31 [BUSY] rejected from [::1]:58238 (total=4647)
2026/06/08 11:12:31 [BUSY] rejected from [::1]:58246 (total=4648)
2026/06/08 11:12:31 [BUSY] rejected from [::1]:58248 (total=4649)
2026/06/08 11:12:31 [BUSY] rejected from [::1]:58256 (total=4650)
2026/06/08 11:12:31 [BUSY] rejected from [::1]:58258 (total=4651)
2026/06/08 11:12:31 [BUSY] rejected from [::1]:58264 (total=4652)
2026/06/08 11:12:31 [BUSY] rejected from [::1]:58274 (total=4653)
2026/06/08 11:12:31 [BUSY] rejected from [::1]:58284 (total=4654)
2026/06/08 11:12:31 [BUSY] rejected from [::1]:58288 (total=4655)
2026/06/08 11:12:31 [BUSY] rejected from [::1]:58304 (total=4656)
2026/06/08 11:12:31 [BUSY] rejected from [::1]:58312 (total=4657)
2026/06/08 11:12:31 [BUSY] rejected from [::1]:58328 (total=4658)
2026/06/08 11:12:31 [BUSY] rejected from [::1]:58338 (total=4659)
2026/06/08 11:12:31 [BUSY] rejected from [::1]:58352 (total=4660)
2026/06/08 11:12:31 [BUSY] rejected from [::1]:58368 (total=4661)
2026/06/08 11:12:31 [BUSY] rejected from [::1]:58378 (total=4662)
2026/06/08 11:12:31 [BUSY] rejected from [::1]:58380 (total=4663)
2026/06/08 11:12:31 [BUSY] rejected from [::1]:58384 (total=4664)
2026/06/08 11:12:31 [BUSY] rejected from [::1]:58398 (total=4665)
2026/06/08 11:12:31 [BUSY] rejected from [::1]:58400 (total=4666)
2026/06/08 11:12:31 [BUSY] rejected from [::1]:58402 (total=4667)
2026/06/08 11:12:31 [BUSY] rejected from [::1]:58410 (total=4668)
2026/06/08 11:12:31 [BUSY] rejected from [::1]:58414 (total=4669)
2026/06/08 11:12:31 [BUSY] rejected from [::1]:58418 (total=4670)
2026/06/08 11:12:31 [BUSY] rejected from [::1]:58430 (total=4671)
2026/06/08 11:12:31 [BUSY] rejected from [::1]:58444 (total=4672)
2026/06/08 11:12:31 [BUSY] rejected from [::1]:58454 (total=4673)
2026/06/08 11:12:31 [BUSY] rejected from [::1]:58466 (total=4674)
2026/06/08 11:12:31 [BUSY] rejected from [::1]:58470 (total=4675)
2026/06/08 11:12:31 [BUSY] rejected from [::1]:58482 (total=4676)
2026/06/08 11:12:31 [BUSY] rejected from [::1]:58492 (total=4677)
2026/06/08 11:12:31 [BUSY] rejected from [::1]:58494 (total=4678)
2026/06/08 11:12:31 [BUSY] rejected from [::1]:58504 (total=4679)
2026/06/08 11:12:31 [BUSY] rejected from [::1]:58510 (total=4680)
2026/06/08 11:12:31 [BUSY] rejected from [::1]:58516 (total=4681)
2026/06/08 11:12:31 [BUSY] rejected from [::1]:58528 (total=4682)
2026/06/08 11:12:31 [BUSY] rejected from [::1]:58530 (total=4683)
2026/06/08 11:12:31 [BUSY] rejected from [::1]:58536 (total=4684)
2026/06/08 11:12:31 [BUSY] rejected from [::1]:58544 (total=4685)
2026/06/08 11:12:31 [BUSY] rejected from [::1]:58548 (total=4686)
2026/06/08 11:12:31 [BUSY] rejected from [::1]:58552 (total=4687)
2026/06/08 11:12:31 [BUSY] rejected from [::1]:58558 (total=4688)
2026/06/08 11:12:31 [BUSY] rejected from [::1]:58574 (total=4689)
2026/06/08 11:12:31 [BUSY] rejected from [::1]:58582 (total=4690)
2026/06/08 11:12:31 [BUSY] rejected from [::1]:58592 (total=4691)
2026/06/08 11:12:31 [BUSY] rejected from [::1]:58602 (total=4692)
2026/06/08 11:12:31 [BUSY] rejected from [::1]:58610 (total=4693)
2026/06/08 11:12:31 [BUSY] rejected from [::1]:58612 (total=4694)
2026/06/08 11:12:31 [BUSY] rejected from [::1]:58620 (total=4695)
2026/06/08 11:12:31 [BUSY] rejected from [::1]:58626 (total=4696)
2026/06/08 11:12:31 [BUSY] rejected from [::1]:58642 (total=4697)
2026/06/08 11:12:31 [BUSY] rejected from [::1]:58656 (total=4698)
2026/06/08 11:12:31 [BUSY] rejected from [::1]:58660 (total=4699)
2026/06/08 11:12:31 [BUSY] rejected from [::1]:58676 (total=4700)
2026/06/08 11:12:31 [BUSY] rejected from [::1]:58686 (total=4701)
2026/06/08 11:12:31 [BUSY] rejected from [::1]:58700 (total=4702)
2026/06/08 11:12:31 [BUSY] rejected from [::1]:58714 (total=4703)
2026/06/08 11:12:31 [BUSY] rejected from [::1]:58730 (total=4704)
2026/06/08 11:12:31 [BUSY] rejected from [::1]:58744 (total=4705)
2026/06/08 11:12:31 [BUSY] rejected from [::1]:58748 (total=4706)
2026/06/08 11:12:31 [BUSY] rejected from [::1]:58758 (total=4707)
2026/06/08 11:12:31 [BUSY] rejected from [::1]:58766 (total=4708)
2026/06/08 11:12:31 [BUSY] rejected from [::1]:58768 (total=4709)
2026/06/08 11:12:31 [BUSY] rejected from [::1]:58770 (total=4710)
2026/06/08 11:12:31 [BUSY] rejected from [::1]:58780 (total=4711)
2026/06/08 11:12:31 [BUSY] rejected from [::1]:58786 (total=4712)
2026/06/08 11:12:31 [BUSY] rejected from [::1]:58788 (total=4713)
2026/06/08 11:12:31 [BUSY] rejected from [::1]:58794 (total=4714)
2026/06/08 11:12:31 [BUSY] rejected from [::1]:58800 (total=4715)
2026/06/08 11:12:31 [BUSY] rejected from [::1]:58802 (total=4716)
2026/06/08 11:12:31 [BUSY] rejected from [::1]:58818 (total=4717)
2026/06/08 11:12:31 [BUSY] rejected from [::1]:58832 (total=4718)
2026/06/08 11:12:31 [BUSY] rejected from [::1]:58846 (total=4719)
2026/06/08 11:12:31 [BUSY] rejected from [::1]:58854 (total=4720)
2026/06/08 11:12:31 [BUSY] rejected from [::1]:58862 (total=4721)
2026/06/08 11:12:31 [BUSY] rejected from [::1]:58868 (total=4722)
2026/06/08 11:12:31 [BUSY] rejected from [::1]:58878 (total=4723)
2026/06/08 11:12:31 [BUSY] rejected from [::1]:58882 (total=4724)
2026/06/08 11:12:31 [BUSY] rejected from [::1]:58898 (total=4725)
2026/06/08 11:12:31 [BUSY] rejected from [::1]:58902 (total=4726)
2026/06/08 11:12:31 [BUSY] rejected from [::1]:58916 (total=4727)
2026/06/08 11:12:31 [BUSY] rejected from [::1]:58932 (total=4728)
2026/06/08 11:12:31 [BUSY] rejected from [::1]:58938 (total=4729)
2026/06/08 11:12:31 [BUSY] rejected from [::1]:58942 (total=4730)
2026/06/08 11:12:31 [BUSY] rejected from [::1]:58958 (total=4731)
2026/06/08 11:12:31 [BUSY] rejected from [::1]:58968 (total=4732)
2026/06/08 11:12:31 [BUSY] rejected from [::1]:58970 (total=4733)
2026/06/08 11:12:31 [BUSY] rejected from [::1]:58972 (total=4734)
2026/06/08 11:12:31 [BUSY] rejected from [::1]:58980 (total=4735)
2026/06/08 11:12:31 [BUSY] rejected from [::1]:58988 (total=4736)
2026/06/08 11:12:31 [BUSY] rejected from [::1]:59004 (total=4737)
2026/06/08 11:12:31 [BUSY] rejected from [::1]:59008 (total=4738)
2026/06/08 11:12:31 [BUSY] rejected from [::1]:59024 (total=4739)
2026/06/08 11:12:31 [BUSY] rejected from [::1]:59036 (total=4740)
2026/06/08 11:12:31 [BUSY] rejected from [::1]:59040 (total=4741)
2026/06/08 11:12:31 [BUSY] rejected from [::1]:59054 (total=4742)
2026/06/08 11:12:31 [BUSY] rejected from [::1]:59070 (total=4743)
2026/06/08 11:12:31 [BUSY] rejected from [::1]:59076 (total=4744)
2026/06/08 11:12:31 [BUSY] rejected from [::1]:59084 (total=4745)
2026/06/08 11:12:31 [BUSY] rejected from [::1]:59096 (total=4746)
2026/06/08 11:12:31 [BUSY] rejected from [::1]:59104 (total=4747)
2026/06/08 11:12:31 [BUSY] rejected from [::1]:59114 (total=4748)
2026/06/08 11:12:31 [BUSY] rejected from [::1]:59124 (total=4749)
2026/06/08 11:12:31 [BUSY] rejected from [::1]:59132 (total=4750)
2026/06/08 11:12:31 [BUSY] rejected from [::1]:59148 (total=4751)
2026/06/08 11:12:31 [BUSY] rejected from [::1]:59164 (total=4752)
2026/06/08 11:12:31 [BUSY] rejected from [::1]:59176 (total=4753)
2026/06/08 11:12:31 [BUSY] rejected from [::1]:59178 (total=4754)
2026/06/08 11:12:31 [BUSY] rejected from [::1]:59192 (total=4755)
2026/06/08 11:12:31 [BUSY] rejected from [::1]:59206 (total=4756)
2026/06/08 11:12:31 [BUSY] rejected from [::1]:59222 (total=4757)
2026/06/08 11:12:31 [BUSY] rejected from [::1]:59234 (total=4758)
2026/06/08 11:12:31 [BUSY] rejected from [::1]:59242 (total=4759)
2026/06/08 11:12:31 [BUSY] rejected from [::1]:59252 (total=4760)
2026/06/08 11:12:31 [BUSY] rejected from [::1]:59262 (total=4761)
2026/06/08 11:12:31 [BUSY] rejected from [::1]:59264 (total=4762)
2026/06/08 11:12:31 [BUSY] rejected from [::1]:59268 (total=4763)
2026/06/08 11:12:31 [BUSY] rejected from [::1]:59272 (total=4764)
2026/06/08 11:12:31 [BUSY] rejected from [::1]:59284 (total=4765)
2026/06/08 11:12:31 [BUSY] rejected from [::1]:59290 (total=4766)
2026/06/08 11:12:31 [BUSY] rejected from [::1]:59304 (total=4767)
2026/06/08 11:12:31 [BUSY] rejected from [::1]:59308 (total=4768)
2026/06/08 11:12:31 [BUSY] rejected from [::1]:59320 (total=4769)
2026/06/08 11:12:31 [BUSY] rejected from [::1]:59322 (total=4770)
2026/06/08 11:12:31 [BUSY] rejected from [::1]:59328 (total=4771)
2026/06/08 11:12:31 [BUSY] rejected from [::1]:59342 (total=4772)
2026/06/08 11:12:31 [BUSY] rejected from [::1]:59344 (total=4773)
2026/06/08 11:12:31 [BUSY] rejected from [::1]:59348 (total=4774)
2026/06/08 11:12:31 [BUSY] rejected from [::1]:59356 (total=4775)
2026/06/08 11:12:31 [BUSY] rejected from [::1]:59364 (total=4776)
2026/06/08 11:12:31 [BUSY] rejected from [::1]:59378 (total=4777)
2026/06/08 11:12:31 [BUSY] rejected from [::1]:59384 (total=4778)
2026/06/08 11:12:31 [BUSY] rejected from [::1]:59386 (total=4779)
2026/06/08 11:12:31 [BUSY] rejected from [::1]:59398 (total=4780)
2026/06/08 11:12:31 [BUSY] rejected from [::1]:59414 (total=4781)
2026/06/08 11:12:31 [BUSY] rejected from [::1]:59424 (total=4782)
2026/06/08 11:12:31 [BUSY] rejected from [::1]:59430 (total=4783)
2026/06/08 11:12:31 [BUSY] rejected from [::1]:59432 (total=4784)
2026/06/08 11:12:31 [BUSY] rejected from [::1]:59448 (total=4785)
2026/06/08 11:12:31 [BUSY] rejected from [::1]:59450 (total=4786)
2026/06/08 11:12:31 [BUSY] rejected from [::1]:59464 (total=4787)
2026/06/08 11:12:31 [BUSY] rejected from [::1]:59476 (total=4788)
2026/06/08 11:12:31 [BUSY] rejected from [::1]:59484 (total=4789)
2026/06/08 11:12:31 [BUSY] rejected from [::1]:59496 (total=4790)
2026/06/08 11:12:31 [BUSY] rejected from [::1]:59508 (total=4791)
2026/06/08 11:12:31 [BUSY] rejected from [::1]:59524 (total=4792)
2026/06/08 11:12:31 [BUSY] rejected from [::1]:59534 (total=4793)
2026/06/08 11:12:31 [BUSY] rejected from [::1]:59546 (total=4794)
2026/06/08 11:12:31 [BUSY] rejected from [::1]:59556 (total=4795)
2026/06/08 11:12:31 [BUSY] rejected from [::1]:59564 (total=4796)
2026/06/08 11:12:31 [BUSY] rejected from [::1]:59578 (total=4797)
2026/06/08 11:12:31 [BUSY] rejected from [::1]:59582 (total=4798)
2026/06/08 11:12:31 [BUSY] rejected from [::1]:59590 (total=4799)
2026/06/08 11:12:31 [BUSY] rejected from [::1]:59596 (total=4800)
2026/06/08 11:12:31 [BUSY] rejected from [::1]:59612 (total=4801)
2026/06/08 11:12:31 [BUSY] rejected from [::1]:59614 (total=4802)
2026/06/08 11:12:31 [BUSY] rejected from [::1]:59626 (total=4803)
2026/06/08 11:12:31 [BUSY] rejected from [::1]:59634 (total=4804)
2026/06/08 11:12:31 [BUSY] rejected from [::1]:59638 (total=4805)
2026/06/08 11:12:31 [BUSY] rejected from [::1]:59640 (total=4806)
2026/06/08 11:12:31 [BUSY] rejected from [::1]:59648 (total=4807)
2026/06/08 11:12:31 [BUSY] rejected from [::1]:59654 (total=4808)
2026/06/08 11:12:31 [BUSY] rejected from [::1]:59656 (total=4809)
2026/06/08 11:12:31 [BUSY] rejected from [::1]:59666 (total=4810)
2026/06/08 11:12:31 [BUSY] rejected from [::1]:59670 (total=4811)
2026/06/08 11:12:31 [BUSY] rejected from [::1]:59682 (total=4812)
2026/06/08 11:12:31 [BUSY] rejected from [::1]:59688 (total=4813)
2026/06/08 11:12:31 [BUSY] rejected from [::1]:59704 (total=4814)
2026/06/08 11:12:31 [BUSY] rejected from [::1]:59716 (total=4815)
2026/06/08 11:12:31 [BUSY] rejected from [::1]:59732 (total=4816)
2026/06/08 11:12:31 [BUSY] rejected from [::1]:59748 (total=4817)
2026/06/08 11:12:31 [BUSY] rejected from [::1]:59764 (total=4818)
2026/06/08 11:12:31 [BUSY] rejected from [::1]:59770 (total=4819)
2026/06/08 11:12:31 [BUSY] rejected from [::1]:59772 (total=4820)
2026/06/08 11:12:31 [BUSY] rejected from [::1]:59780 (total=4821)
2026/06/08 11:12:31 [BUSY] rejected from [::1]:59792 (total=4822)
2026/06/08 11:12:31 [BUSY] rejected from [::1]:59804 (total=4823)
2026/06/08 11:12:31 [BUSY] rejected from [::1]:59812 (total=4824)
2026/06/08 11:12:31 [BUSY] rejected from [::1]:59814 (total=4825)
2026/06/08 11:12:31 [BUSY] rejected from [::1]:59816 (total=4826)
2026/06/08 11:12:31 [BUSY] rejected from [::1]:59822 (total=4827)
2026/06/08 11:12:31 [BUSY] rejected from [::1]:59838 (total=4828)
2026/06/08 11:12:31 [BUSY] rejected from [::1]:59850 (total=4829)
2026/06/08 11:12:31 [BUSY] rejected from [::1]:59852 (total=4830)
2026/06/08 11:12:31 [BUSY] rejected from [::1]:59858 (total=4831)
2026/06/08 11:12:31 [BUSY] rejected from [::1]:59864 (total=4832)
2026/06/08 11:12:31 [BUSY] rejected from [::1]:59878 (total=4833)
2026/06/08 11:12:31 [BUSY] rejected from [::1]:59880 (total=4834)
2026/06/08 11:12:31 [BUSY] rejected from [::1]:59896 (total=4835)
2026/06/08 11:12:31 [BUSY] rejected from [::1]:59910 (total=4836)
2026/06/08 11:12:31 [BUSY] rejected from [::1]:59914 (total=4837)
2026/06/08 11:12:31 [BUSY] rejected from [::1]:59920 (total=4838)
2026/06/08 11:12:31 [BUSY] rejected from [::1]:59922 (total=4839)
2026/06/08 11:12:31 [BUSY] rejected from [::1]:59936 (total=4840)
2026/06/08 11:12:31 [BUSY] rejected from [::1]:59952 (total=4841)
2026/06/08 11:12:31 [BUSY] rejected from [::1]:59954 (total=4842)
2026/06/08 11:12:31 [BUSY] rejected from [::1]:59962 (total=4843)
2026/06/08 11:12:31 [BUSY] rejected from [::1]:59978 (total=4844)
2026/06/08 11:12:31 [BUSY] rejected from [::1]:59990 (total=4845)
2026/06/08 11:12:31 [BUSY] rejected from [::1]:60002 (total=4846)
2026/06/08 11:12:31 [BUSY] rejected from [::1]:60014 (total=4847)
2026/06/08 11:12:31 [BUSY] rejected from [::1]:60024 (total=4848)
2026/06/08 11:12:31 [BUSY] rejected from [::1]:60034 (total=4849)
2026/06/08 11:12:31 [BUSY] rejected from [::1]:60036 (total=4850)
2026/06/08 11:12:31 [BUSY] rejected from [::1]:60052 (total=4851)
2026/06/08 11:12:31 [BUSY] rejected from [::1]:60066 (total=4852)
2026/06/08 11:12:31 [BUSY] rejected from [::1]:60080 (total=4853)
2026/06/08 11:12:31 [BUSY] rejected from [::1]:60082 (total=4854)
2026/06/08 11:12:31 [BUSY] rejected from [::1]:60098 (total=4855)
2026/06/08 11:12:31 [BUSY] rejected from [::1]:60104 (total=4856)
2026/06/08 11:12:31 [BUSY] rejected from [::1]:60116 (total=4857)
2026/06/08 11:12:31 [BUSY] rejected from [::1]:60122 (total=4858)
2026/06/08 11:12:31 [BUSY] rejected from [::1]:60132 (total=4859)
2026/06/08 11:12:31 [BUSY] rejected from [::1]:60148 (total=4860)
2026/06/08 11:12:31 [BUSY] rejected from [::1]:60158 (total=4861)
2026/06/08 11:12:31 [BUSY] rejected from [::1]:60162 (total=4862)
2026/06/08 11:12:31 [BUSY] rejected from [::1]:60166 (total=4863)
2026/06/08 11:12:31 [BUSY] rejected from [::1]:60172 (total=4864)
2026/06/08 11:12:31 [BUSY] rejected from [::1]:60184 (total=4865)
2026/06/08 11:12:31 [BUSY] rejected from [::1]:60192 (total=4866)
2026/06/08 11:12:31 [BUSY] rejected from [::1]:60202 (total=4867)
2026/06/08 11:12:31 [BUSY] rejected from [::1]:60212 (total=4868)
2026/06/08 11:12:31 [BUSY] rejected from [::1]:60222 (total=4869)
2026/06/08 11:12:31 [BUSY] rejected from [::1]:60228 (total=4870)
2026/06/08 11:12:31 [BUSY] rejected from [::1]:60244 (total=4871)
2026/06/08 11:12:31 [BUSY] rejected from [::1]:60256 (total=4872)
2026/06/08 11:12:31 [BUSY] rejected from [::1]:60258 (total=4873)
2026/06/08 11:12:31 [BUSY] rejected from [::1]:60274 (total=4874)
2026/06/08 11:12:31 [BUSY] rejected from [::1]:60280 (total=4875)
2026/06/08 11:12:31 [BUSY] rejected from [::1]:60284 (total=4876)
2026/06/08 11:12:31 [BUSY] rejected from [::1]:60292 (total=4877)
2026/06/08 11:12:31 [BUSY] rejected from [::1]:60306 (total=4878)
2026/06/08 11:12:31 [BUSY] rejected from [::1]:60316 (total=4879)
2026/06/08 11:12:31 [BUSY] rejected from [::1]:60326 (total=4880)
2026/06/08 11:12:31 [BUSY] rejected from [::1]:60332 (total=4881)
2026/06/08 11:12:31 [BUSY] rejected from [::1]:60336 (total=4882)
2026/06/08 11:12:31 [BUSY] rejected from [::1]:60346 (total=4883)
2026/06/08 11:12:31 [BUSY] rejected from [::1]:60362 (total=4884)
2026/06/08 11:12:31 [BUSY] rejected from [::1]:60368 (total=4885)
2026/06/08 11:12:31 [BUSY] rejected from [::1]:60370 (total=4886)
2026/06/08 11:12:31 [BUSY] rejected from [::1]:60382 (total=4887)
2026/06/08 11:12:31 [BUSY] rejected from [::1]:60384 (total=4888)
2026/06/08 11:12:31 [BUSY] rejected from [::1]:60388 (total=4889)
2026/06/08 11:12:31 [BUSY] rejected from [::1]:60400 (total=4890)
2026/06/08 11:12:31 [BUSY] rejected from [::1]:60412 (total=4891)
2026/06/08 11:12:31 [BUSY] rejected from [::1]:60420 (total=4892)
2026/06/08 11:12:31 [BUSY] rejected from [::1]:60422 (total=4893)
2026/06/08 11:12:31 [BUSY] rejected from [::1]:60426 (total=4894)
2026/06/08 11:12:31 [BUSY] rejected from [::1]:60432 (total=4895)
2026/06/08 11:12:31 [BUSY] rejected from [::1]:60442 (total=4896)
2026/06/08 11:12:31 [BUSY] rejected from [::1]:60456 (total=4897)
2026/06/08 11:12:31 [BUSY] rejected from [::1]:60460 (total=4898)
2026/06/08 11:12:31 [BUSY] rejected from [::1]:60476 (total=4899)
2026/06/08 11:12:31 [BUSY] rejected from [::1]:60480 (total=4900)
2026/06/08 11:12:31 [BUSY] rejected from [::1]:60484 (total=4901)
2026/06/08 11:12:31 [BUSY] rejected from [::1]:60498 (total=4902)
2026/06/08 11:12:31 [BUSY] rejected from [::1]:60504 (total=4903)
2026/06/08 11:12:31 [BUSY] rejected from [::1]:60508 (total=4904)
2026/06/08 11:12:31 [BUSY] rejected from [::1]:60518 (total=4905)
2026/06/08 11:12:31 [BUSY] rejected from [::1]:60526 (total=4906)
2026/06/08 11:12:31 [BUSY] rejected from [::1]:60538 (total=4907)
2026/06/08 11:12:31 [BUSY] rejected from [::1]:60546 (total=4908)
2026/06/08 11:12:31 [BUSY] rejected from [::1]:60552 (total=4909)
2026/06/08 11:12:31 [BUSY] rejected from [::1]:60556 (total=4910)
2026/06/08 11:12:31 [BUSY] rejected from [::1]:60570 (total=4911)
2026/06/08 11:12:31 [BUSY] rejected from [::1]:60586 (total=4912)
2026/06/08 11:12:31 [BUSY] rejected from [::1]:60594 (total=4913)
2026/06/08 11:12:31 [BUSY] rejected from [::1]:60606 (total=4914)
2026/06/08 11:12:31 [BUSY] rejected from [::1]:60622 (total=4915)
2026/06/08 11:12:31 [BUSY] rejected from [::1]:60624 (total=4916)
2026/06/08 11:12:31 [BUSY] rejected from [::1]:60634 (total=4917)
2026/06/08 11:12:31 [BUSY] rejected from [::1]:60642 (total=4918)
2026/06/08 11:12:31 [BUSY] rejected from [::1]:60650 (total=4919)
2026/06/08 11:12:31 [BUSY] rejected from [::1]:60664 (total=4920)
2026/06/08 11:12:31 [BUSY] rejected from [::1]:60678 (total=4921)
2026/06/08 11:12:31 [BUSY] rejected from [::1]:60688 (total=4922)
2026/06/08 11:12:31 [BUSY] rejected from [::1]:60700 (total=4923)
2026/06/08 11:12:31 [BUSY] rejected from [::1]:60706 (total=4924)
2026/06/08 11:12:31 [BUSY] rejected from [::1]:60722 (total=4925)
2026/06/08 11:12:31 [BUSY] rejected from [::1]:60732 (total=4926)
2026/06/08 11:12:31 [BUSY] rejected from [::1]:60736 (total=4927)
2026/06/08 11:12:31 [BUSY] rejected from [::1]:60742 (total=4928)
2026/06/08 11:12:31 [BUSY] rejected from [::1]:60750 (total=4929)
2026/06/08 11:12:31 [BUSY] rejected from [::1]:60754 (total=4930)
2026/06/08 11:12:31 [BUSY] rejected from [::1]:60760 (total=4931)
2026/06/08 11:12:31 [BUSY] rejected from [::1]:60770 (total=4932)
2026/06/08 11:12:31 [BUSY] rejected from [::1]:60778 (total=4933)
2026/06/08 11:12:31 [BUSY] rejected from [::1]:60784 (total=4934)
2026/06/08 11:12:31 [BUSY] rejected from [::1]:60788 (total=4935)
2026/06/08 11:12:31 [BUSY] rejected from [::1]:60790 (total=4936)
2026/06/08 11:12:31 [BUSY] rejected from [::1]:60802 (total=4937)
2026/06/08 11:12:31 [BUSY] rejected from [::1]:60804 (total=4938)
2026/06/08 11:12:31 [BUSY] rejected from [::1]:60814 (total=4939)
2026/06/08 11:12:31 [BUSY] rejected from [::1]:60818 (total=4940)
2026/06/08 11:12:31 [BUSY] rejected from [::1]:60822 (total=4941)
2026/06/08 11:12:31 [BUSY] rejected from [::1]:60832 (total=4942)
2026/06/08 11:12:31 [BUSY] rejected from [::1]:60842 (total=4943)
2026/06/08 11:12:31 [BUSY] rejected from [::1]:60850 (total=4944)
2026/06/08 11:12:31 [BUSY] rejected from [::1]:60856 (total=4945)
2026/06/08 11:12:31 [BUSY] rejected from [::1]:60868 (total=4946)
2026/06/08 11:12:31 [BUSY] rejected from [::1]:60884 (total=4947)
2026/06/08 11:12:31 [BUSY] rejected from [::1]:60900 (total=4948)
2026/06/08 11:12:31 [BUSY] rejected from [::1]:60908 (total=4949)
2026/06/08 11:12:31 [BUSY] rejected from [::1]:60912 (total=4950)
2026/06/08 11:12:31 [BUSY] rejected from [::1]:60914 (total=4951)
2026/06/08 11:12:31 [BUSY] rejected from [::1]:60922 (total=4952)
2026/06/08 11:12:31 [BUSY] rejected from [::1]:60934 (total=4953)
2026/06/08 11:12:31 [BUSY] rejected from [::1]:60938 (total=4954)
2026/06/08 11:12:31 [BUSY] rejected from [::1]:60952 (total=4955)
2026/06/08 11:12:31 [BUSY] rejected from [::1]:60958 (total=4956)
2026/06/08 11:12:31 [BUSY] rejected from [::1]:60972 (total=4957)
2026/06/08 11:12:31 [BUSY] rejected from [::1]:60988 (total=4958)
2026/06/08 11:12:31 [BUSY] rejected from [::1]:32770 (total=4959)
2026/06/08 11:12:31 [BUSY] rejected from [::1]:32772 (total=4960)
2026/06/08 11:12:31 [BUSY] rejected from [::1]:32782 (total=4961)
2026/06/08 11:12:31 [BUSY] rejected from [::1]:32790 (total=4962)
2026/06/08 11:12:31 [BUSY] rejected from [::1]:32806 (total=4963)
2026/06/08 11:12:31 [BUSY] rejected from [::1]:32822 (total=4964)
2026/06/08 11:12:31 [BUSY] rejected from [::1]:32836 (total=4965)
2026/06/08 11:12:31 [BUSY] rejected from [::1]:32850 (total=4966)
2026/06/08 11:12:31 [BUSY] rejected from [::1]:32862 (total=4967)
2026/06/08 11:12:31 [BUSY] rejected from [::1]:32878 (total=4968)
2026/06/08 11:12:31 [BUSY] rejected from [::1]:32888 (total=4969)
2026/06/08 11:12:31 [BUSY] rejected from [::1]:32900 (total=4970)
2026/06/08 11:12:31 [BUSY] rejected from [::1]:32914 (total=4971)
2026/06/08 11:12:31 [BUSY] rejected from [::1]:32928 (total=4972)
2026/06/08 11:12:31 [BUSY] rejected from [::1]:32944 (total=4973)
2026/06/08 11:12:31 [BUSY] rejected from [::1]:32954 (total=4974)
2026/06/08 11:12:31 [BUSY] rejected from [::1]:32960 (total=4975)
2026/06/08 11:12:31 [BUSY] rejected from [::1]:32972 (total=4976)
2026/06/08 11:12:31 [BUSY] rejected from [::1]:32984 (total=4977)
2026/06/08 11:12:31 [BUSY] rejected from [::1]:32988 (total=4978)
2026/06/08 11:12:31 [BUSY] rejected from [::1]:32998 (total=4979)
2026/06/08 11:12:31 [BUSY] rejected from [::1]:33014 (total=4980)
2026/06/08 11:12:31 [BUSY] rejected from [::1]:33022 (total=4981)
2026/06/08 11:12:31 [BUSY] rejected from [::1]:33034 (total=4982)
2026/06/08 11:12:31 [BUSY] rejected from [::1]:33050 (total=4983)
2026/06/08 11:12:31 [BUSY] rejected from [::1]:33056 (total=4984)
2026/06/08 11:12:31 [BUSY] rejected from [::1]:33064 (total=4985)
2026/06/08 11:12:31 [BUSY] rejected from [::1]:33068 (total=4986)
2026/06/08 11:12:31 [BUSY] rejected from [::1]:33072 (total=4987)
2026/06/08 11:12:31 [BUSY] rejected from [::1]:33078 (total=4988)
2026/06/08 11:12:31 [conn 166] disconnected
2026/06/08 11:12:31 [conn 171] connected from [::1]:52430
2026/06/08 11:12:31 [conn 171] received: Hello from worker 0, package 2467, time: 1780897351685543344
2026/06/08 11:12:31 [BUSY] rejected from [::1]:33092 (total=4989)
2026/06/08 11:12:31 [BUSY] rejected from [::1]:33098 (total=4990)
2026/06/08 11:12:31 [conn 168] disconnected
2026/06/08 11:12:31 [conn 167] disconnected
2026/06/08 11:12:31 [conn 172] connected from [::1]:52444
2026/06/08 11:12:31 [conn 172] received: Hello from worker 0, package 2469, time: 1780897351685912025
2026/06/08 11:12:31 [conn 173] connected from [::1]:52446
2026/06/08 11:12:31 [conn 173] received: Hello from worker 0, package 2470, time: 1780897351686082515
2026/06/08 11:12:31 [conn 169] disconnected
2026/06/08 11:12:31 [conn 174] connected from [::1]:52456
2026/06/08 11:12:31 [conn 174] received: Hello from worker 0, package 2471, time: 1780897351686257072
2026/06/08 11:12:31 [conn 170] disconnected
2026/06/08 11:12:31 [conn 175] connected from [::1]:52462
2026/06/08 11:12:31 [conn 175] received: Hello from worker 0, package 2472, time: 1780897351686461385
2026/06/08 11:12:31 [BUSY] rejected from [::1]:33144 (total=4991)
2026/06/08 11:12:31 [BUSY] rejected from [::1]:33154 (total=4992)
2026/06/08 11:12:31 [BUSY] rejected from [::1]:33162 (total=4993)
2026/06/08 11:12:31 [BUSY] rejected from [::1]:33168 (total=4994)
2026/06/08 11:12:31 [BUSY] rejected from [::1]:33178 (total=4995)
2026/06/08 11:12:31 [BUSY] rejected from [::1]:33194 (total=4996)
2026/06/08 11:12:31 [BUSY] rejected from [::1]:33196 (total=4997)
2026/06/08 11:12:31 [BUSY] rejected from [::1]:33202 (total=4998)
2026/06/08 11:12:31 [BUSY] rejected from [::1]:33204 (total=4999)
2026/06/08 11:12:31 [BUSY] rejected from [::1]:33218 (total=5000)
2026/06/08 11:12:31 [BUSY] rejected from [::1]:33234 (total=5001)
2026/06/08 11:12:31 [BUSY] rejected from [::1]:33244 (total=5002)
2026/06/08 11:12:31 [BUSY] rejected from [::1]:33248 (total=5003)
2026/06/08 11:12:31 [BUSY] rejected from [::1]:33260 (total=5004)
2026/06/08 11:12:31 [BUSY] rejected from [::1]:33264 (total=5005)
2026/06/08 11:12:31 [BUSY] rejected from [::1]:33268 (total=5006)
2026/06/08 11:12:31 [BUSY] rejected from [::1]:33272 (total=5007)
2026/06/08 11:12:31 [BUSY] rejected from [::1]:33280 (total=5008)
2026/06/08 11:12:31 [BUSY] rejected from [::1]:33288 (total=5009)
2026/06/08 11:12:31 [BUSY] rejected from [::1]:33290 (total=5010)
2026/06/08 11:12:31 [BUSY] rejected from [::1]:33302 (total=5011)
2026/06/08 11:12:31 [BUSY] rejected from [::1]:33312 (total=5012)
2026/06/08 11:12:31 [BUSY] rejected from [::1]:33318 (total=5013)
2026/06/08 11:12:31 [BUSY] rejected from [::1]:33328 (total=5014)
2026/06/08 11:12:31 [BUSY] rejected from [::1]:33336 (total=5015)
2026/06/08 11:12:31 [BUSY] rejected from [::1]:33342 (total=5016)
2026/06/08 11:12:31 [BUSY] rejected from [::1]:33356 (total=5017)
2026/06/08 11:12:31 [BUSY] rejected from [::1]:33360 (total=5018)
2026/06/08 11:12:31 [BUSY] rejected from [::1]:33372 (total=5019)
2026/06/08 11:12:31 [BUSY] rejected from [::1]:33380 (total=5020)
2026/06/08 11:12:31 [BUSY] rejected from [::1]:33396 (total=5021)
2026/06/08 11:12:31 [BUSY] rejected from [::1]:33400 (total=5022)
2026/06/08 11:12:31 [BUSY] rejected from [::1]:33404 (total=5023)
2026/06/08 11:12:31 [BUSY] rejected from [::1]:33420 (total=5024)
2026/06/08 11:12:31 [BUSY] rejected from [::1]:33428 (total=5025)
2026/06/08 11:12:31 [BUSY] rejected from [::1]:33430 (total=5026)
2026/06/08 11:12:31 [BUSY] rejected from [::1]:33432 (total=5027)
2026/06/08 11:12:31 [BUSY] rejected from [::1]:33446 (total=5028)
2026/06/08 11:12:31 [BUSY] rejected from [::1]:33458 (total=5029)
2026/06/08 11:12:31 [BUSY] rejected from [::1]:33466 (total=5030)
2026/06/08 11:12:31 [BUSY] rejected from [::1]:33468 (total=5031)
2026/06/08 11:12:31 [BUSY] rejected from [::1]:33474 (total=5032)
2026/06/08 11:12:31 [BUSY] rejected from [::1]:33484 (total=5033)
2026/06/08 11:12:31 [BUSY] rejected from [::1]:33492 (total=5034)
2026/06/08 11:12:31 [BUSY] rejected from [::1]:33508 (total=5035)
2026/06/08 11:12:31 [BUSY] rejected from [::1]:33524 (total=5036)
2026/06/08 11:12:31 [BUSY] rejected from [::1]:33530 (total=5037)
2026/06/08 11:12:31 [BUSY] rejected from [::1]:33542 (total=5038)
2026/06/08 11:12:31 [BUSY] rejected from [::1]:33554 (total=5039)
2026/06/08 11:12:31 [BUSY] rejected from [::1]:33564 (total=5040)
2026/06/08 11:12:31 [BUSY] rejected from [::1]:33580 (total=5041)
2026/06/08 11:12:31 [BUSY] rejected from [::1]:33582 (total=5042)
2026/06/08 11:12:31 [BUSY] rejected from [::1]:33584 (total=5043)
2026/06/08 11:12:31 [BUSY] rejected from [::1]:33592 (total=5044)
2026/06/08 11:12:31 [BUSY] rejected from [::1]:33598 (total=5045)
2026/06/08 11:12:31 [BUSY] rejected from [::1]:33600 (total=5046)
2026/06/08 11:12:31 [BUSY] rejected from [::1]:33604 (total=5047)
2026/06/08 11:12:31 [BUSY] rejected from [::1]:33618 (total=5048)
2026/06/08 11:12:31 [BUSY] rejected from [::1]:33628 (total=5049)
2026/06/08 11:12:31 [BUSY] rejected from [::1]:33630 (total=5050)
2026/06/08 11:12:31 [BUSY] rejected from [::1]:33634 (total=5051)
2026/06/08 11:12:31 [BUSY] rejected from [::1]:33644 (total=5052)
2026/06/08 11:12:31 [BUSY] rejected from [::1]:33654 (total=5053)
2026/06/08 11:12:31 [BUSY] rejected from [::1]:33658 (total=5054)
2026/06/08 11:12:31 [BUSY] rejected from [::1]:33662 (total=5055)
2026/06/08 11:12:31 [BUSY] rejected from [::1]:33678 (total=5056)
2026/06/08 11:12:31 [BUSY] rejected from [::1]:33692 (total=5057)
2026/06/08 11:12:31 [BUSY] rejected from [::1]:33694 (total=5058)
2026/06/08 11:12:31 [BUSY] rejected from [::1]:33700 (total=5059)
2026/06/08 11:12:31 [BUSY] rejected from [::1]:33714 (total=5060)
2026/06/08 11:12:31 [BUSY] rejected from [::1]:33730 (total=5061)
2026/06/08 11:12:31 [BUSY] rejected from [::1]:33732 (total=5062)
2026/06/08 11:12:31 [BUSY] rejected from [::1]:33734 (total=5063)
2026/06/08 11:12:31 [BUSY] rejected from [::1]:33740 (total=5064)
2026/06/08 11:12:31 [BUSY] rejected from [::1]:33756 (total=5065)
2026/06/08 11:12:31 [BUSY] rejected from [::1]:33758 (total=5066)
2026/06/08 11:12:31 [BUSY] rejected from [::1]:33774 (total=5067)
2026/06/08 11:12:31 [BUSY] rejected from [::1]:33786 (total=5068)
2026/06/08 11:12:31 [BUSY] rejected from [::1]:33792 (total=5069)
2026/06/08 11:12:31 [BUSY] rejected from [::1]:33804 (total=5070)
2026/06/08 11:12:31 [BUSY] rejected from [::1]:33806 (total=5071)
2026/06/08 11:12:31 [BUSY] rejected from [::1]:33810 (total=5072)
2026/06/08 11:12:31 [BUSY] rejected from [::1]:33826 (total=5073)
2026/06/08 11:12:31 [BUSY] rejected from [::1]:33836 (total=5074)
2026/06/08 11:12:31 [BUSY] rejected from [::1]:33848 (total=5075)
2026/06/08 11:12:31 [BUSY] rejected from [::1]:33864 (total=5076)
2026/06/08 11:12:31 [BUSY] rejected from [::1]:33874 (total=5077)
2026/06/08 11:12:31 [BUSY] rejected from [::1]:33882 (total=5078)
2026/06/08 11:12:31 [BUSY] rejected from [::1]:33890 (total=5079)
2026/06/08 11:12:31 [BUSY] rejected from [::1]:33898 (total=5080)
2026/06/08 11:12:31 [BUSY] rejected from [::1]:33900 (total=5081)
2026/06/08 11:12:31 [BUSY] rejected from [::1]:33910 (total=5082)
2026/06/08 11:12:31 [BUSY] rejected from [::1]:33912 (total=5083)
2026/06/08 11:12:31 [BUSY] rejected from [::1]:33928 (total=5084)
2026/06/08 11:12:31 [BUSY] rejected from [::1]:33938 (total=5085)
2026/06/08 11:12:31 [BUSY] rejected from [::1]:33950 (total=5086)
2026/06/08 11:12:31 [BUSY] rejected from [::1]:33960 (total=5087)
2026/06/08 11:12:31 [BUSY] rejected from [::1]:33968 (total=5088)
2026/06/08 11:12:31 [BUSY] rejected from [::1]:33976 (total=5089)
2026/06/08 11:12:31 [BUSY] rejected from [::1]:33990 (total=5090)
2026/06/08 11:12:31 [BUSY] rejected from [::1]:33994 (total=5091)
2026/06/08 11:12:31 [BUSY] rejected from [::1]:33998 (total=5092)
2026/06/08 11:12:31 [BUSY] rejected from [::1]:34010 (total=5093)
2026/06/08 11:12:31 [BUSY] rejected from [::1]:34026 (total=5094)
2026/06/08 11:12:31 [BUSY] rejected from [::1]:34042 (total=5095)
2026/06/08 11:12:31 [BUSY] rejected from [::1]:34056 (total=5096)
2026/06/08 11:12:31 [BUSY] rejected from [::1]:34066 (total=5097)
2026/06/08 11:12:31 [BUSY] rejected from [::1]:34080 (total=5098)
2026/06/08 11:12:31 [BUSY] rejected from [::1]:34082 (total=5099)
2026/06/08 11:12:31 [BUSY] rejected from [::1]:34088 (total=5100)
2026/06/08 11:12:31 [BUSY] rejected from [::1]:34098 (total=5101)
2026/06/08 11:12:31 [BUSY] rejected from [::1]:34110 (total=5102)
2026/06/08 11:12:31 [BUSY] rejected from [::1]:34122 (total=5103)
2026/06/08 11:12:31 [BUSY] rejected from [::1]:34134 (total=5104)
2026/06/08 11:12:31 [BUSY] rejected from [::1]:34146 (total=5105)
2026/06/08 11:12:31 [BUSY] rejected from [::1]:34158 (total=5106)
2026/06/08 11:12:31 [BUSY] rejected from [::1]:34164 (total=5107)
2026/06/08 11:12:31 [BUSY] rejected from [::1]:34168 (total=5108)
2026/06/08 11:12:31 [BUSY] rejected from [::1]:34172 (total=5109)
2026/06/08 11:12:31 [BUSY] rejected from [::1]:34184 (total=5110)
2026/06/08 11:12:31 [BUSY] rejected from [::1]:34198 (total=5111)
2026/06/08 11:12:31 [BUSY] rejected from [::1]:34206 (total=5112)
2026/06/08 11:12:31 [BUSY] rejected from [::1]:34220 (total=5113)
2026/06/08 11:12:31 [BUSY] rejected from [::1]:34222 (total=5114)
2026/06/08 11:12:31 [BUSY] rejected from [::1]:34236 (total=5115)
2026/06/08 11:12:31 [BUSY] rejected from [::1]:34250 (total=5116)
2026/06/08 11:12:31 [BUSY] rejected from [::1]:34256 (total=5117)
2026/06/08 11:12:31 [BUSY] rejected from [::1]:34272 (total=5118)
2026/06/08 11:12:31 [BUSY] rejected from [::1]:34280 (total=5119)
2026/06/08 11:12:31 [BUSY] rejected from [::1]:34290 (total=5120)
2026/06/08 11:12:31 [BUSY] rejected from [::1]:34306 (total=5121)
2026/06/08 11:12:31 [BUSY] rejected from [::1]:34314 (total=5122)
2026/06/08 11:12:31 [BUSY] rejected from [::1]:34318 (total=5123)
2026/06/08 11:12:31 [BUSY] rejected from [::1]:34324 (total=5124)
2026/06/08 11:12:31 [BUSY] rejected from [::1]:34326 (total=5125)
2026/06/08 11:12:31 [BUSY] rejected from [::1]:34344 (total=5126)
2026/06/08 11:12:31 [BUSY] rejected from [::1]:34346 (total=5127)
2026/06/08 11:12:31 [BUSY] rejected from [::1]:34358 (total=5128)
2026/06/08 11:12:31 [BUSY] rejected from [::1]:34360 (total=5129)
2026/06/08 11:12:31 [BUSY] rejected from [::1]:34374 (total=5130)
2026/06/08 11:12:31 [BUSY] rejected from [::1]:34390 (total=5131)
2026/06/08 11:12:31 [BUSY] rejected from [::1]:34404 (total=5132)
2026/06/08 11:12:31 [BUSY] rejected from [::1]:34418 (total=5133)
2026/06/08 11:12:31 [BUSY] rejected from [::1]:34426 (total=5134)
2026/06/08 11:12:31 [BUSY] rejected from [::1]:34428 (total=5135)
2026/06/08 11:12:31 [BUSY] rejected from [::1]:34434 (total=5136)
2026/06/08 11:12:31 [BUSY] rejected from [::1]:34446 (total=5137)
2026/06/08 11:12:31 [BUSY] rejected from [::1]:34456 (total=5138)
2026/06/08 11:12:31 [BUSY] rejected from [::1]:34464 (total=5139)
2026/06/08 11:12:31 [BUSY] rejected from [::1]:34468 (total=5140)
2026/06/08 11:12:31 [BUSY] rejected from [::1]:34472 (total=5141)
2026/06/08 11:12:31 [BUSY] rejected from [::1]:34484 (total=5142)
2026/06/08 11:12:31 [BUSY] rejected from [::1]:34494 (total=5143)
2026/06/08 11:12:31 [BUSY] rejected from [::1]:34510 (total=5144)
2026/06/08 11:12:31 [BUSY] rejected from [::1]:34514 (total=5145)
2026/06/08 11:12:31 [BUSY] rejected from [::1]:34526 (total=5146)
2026/06/08 11:12:31 [BUSY] rejected from [::1]:34542 (total=5147)
2026/06/08 11:12:31 [BUSY] rejected from [::1]:34544 (total=5148)
2026/06/08 11:12:31 [BUSY] rejected from [::1]:34558 (total=5149)
2026/06/08 11:12:31 [BUSY] rejected from [::1]:34568 (total=5150)
2026/06/08 11:12:31 [BUSY] rejected from [::1]:34578 (total=5151)
2026/06/08 11:12:31 [BUSY] rejected from [::1]:34582 (total=5152)
2026/06/08 11:12:31 [BUSY] rejected from [::1]:34594 (total=5153)
2026/06/08 11:12:31 [BUSY] rejected from [::1]:34608 (total=5154)
2026/06/08 11:12:31 [BUSY] rejected from [::1]:34618 (total=5155)
2026/06/08 11:12:31 [BUSY] rejected from [::1]:34624 (total=5156)
2026/06/08 11:12:31 [BUSY] rejected from [::1]:34636 (total=5157)
2026/06/08 11:12:31 [BUSY] rejected from [::1]:34650 (total=5158)
2026/06/08 11:12:31 [BUSY] rejected from [::1]:34664 (total=5159)
2026/06/08 11:12:31 [BUSY] rejected from [::1]:34670 (total=5160)
2026/06/08 11:12:31 [BUSY] rejected from [::1]:34684 (total=5161)
2026/06/08 11:12:31 [BUSY] rejected from [::1]:34698 (total=5162)
2026/06/08 11:12:31 [BUSY] rejected from [::1]:34712 (total=5163)
2026/06/08 11:12:31 [BUSY] rejected from [::1]:34718 (total=5164)
2026/06/08 11:12:31 [BUSY] rejected from [::1]:34734 (total=5165)
2026/06/08 11:12:31 [BUSY] rejected from [::1]:34746 (total=5166)
2026/06/08 11:12:31 [BUSY] rejected from [::1]:34754 (total=5167)
2026/06/08 11:12:31 [BUSY] rejected from [::1]:34766 (total=5168)
2026/06/08 11:12:31 [BUSY] rejected from [::1]:34776 (total=5169)
2026/06/08 11:12:31 [BUSY] rejected from [::1]:34784 (total=5170)
2026/06/08 11:12:31 [BUSY] rejected from [::1]:34796 (total=5171)
2026/06/08 11:12:31 [BUSY] rejected from [::1]:34804 (total=5172)
2026/06/08 11:12:31 [BUSY] rejected from [::1]:34816 (total=5173)
2026/06/08 11:12:31 [BUSY] rejected from [::1]:34828 (total=5174)
2026/06/08 11:12:31 [BUSY] rejected from [::1]:34834 (total=5175)
2026/06/08 11:12:31 [BUSY] rejected from [::1]:34836 (total=5176)
2026/06/08 11:12:31 [BUSY] rejected from [::1]:34844 (total=5177)
2026/06/08 11:12:31 [BUSY] rejected from [::1]:34850 (total=5178)
2026/06/08 11:12:31 [BUSY] rejected from [::1]:34852 (total=5179)
2026/06/08 11:12:31 [BUSY] rejected from [::1]:34854 (total=5180)
2026/06/08 11:12:31 [BUSY] rejected from [::1]:34870 (total=5181)
2026/06/08 11:12:31 [BUSY] rejected from [::1]:34876 (total=5182)
2026/06/08 11:12:31 [BUSY] rejected from [::1]:34882 (total=5183)
2026/06/08 11:12:31 [BUSY] rejected from [::1]:34884 (total=5184)
2026/06/08 11:12:31 [BUSY] rejected from [::1]:34900 (total=5185)
2026/06/08 11:12:31 [BUSY] rejected from [::1]:34908 (total=5186)
2026/06/08 11:12:31 [BUSY] rejected from [::1]:34922 (total=5187)
2026/06/08 11:12:31 [BUSY] rejected from [::1]:34934 (total=5188)
2026/06/08 11:12:31 [BUSY] rejected from [::1]:34946 (total=5189)
2026/06/08 11:12:31 [BUSY] rejected from [::1]:34950 (total=5190)
2026/06/08 11:12:31 [BUSY] rejected from [::1]:34966 (total=5191)
2026/06/08 11:12:31 [BUSY] rejected from [::1]:34972 (total=5192)
2026/06/08 11:12:31 [BUSY] rejected from [::1]:34984 (total=5193)
2026/06/08 11:12:31 [BUSY] rejected from [::1]:34988 (total=5194)
2026/06/08 11:12:31 [BUSY] rejected from [::1]:34996 (total=5195)
2026/06/08 11:12:31 [BUSY] rejected from [::1]:35002 (total=5196)
2026/06/08 11:12:31 [BUSY] rejected from [::1]:35008 (total=5197)
2026/06/08 11:12:31 [BUSY] rejected from [::1]:35024 (total=5198)
2026/06/08 11:12:31 [BUSY] rejected from [::1]:35026 (total=5199)
2026/06/08 11:12:31 [BUSY] rejected from [::1]:35040 (total=5200)
2026/06/08 11:12:31 [BUSY] rejected from [::1]:35048 (total=5201)
2026/06/08 11:12:31 [BUSY] rejected from [::1]:35062 (total=5202)
2026/06/08 11:12:31 [BUSY] rejected from [::1]:35078 (total=5203)
2026/06/08 11:12:31 [BUSY] rejected from [::1]:35084 (total=5204)
2026/06/08 11:12:31 [BUSY] rejected from [::1]:35096 (total=5205)
2026/06/08 11:12:31 [BUSY] rejected from [::1]:35104 (total=5206)
2026/06/08 11:12:31 [BUSY] rejected from [::1]:35118 (total=5207)
2026/06/08 11:12:31 [BUSY] rejected from [::1]:35134 (total=5208)
2026/06/08 11:12:31 [BUSY] rejected from [::1]:35138 (total=5209)
2026/06/08 11:12:31 [BUSY] rejected from [::1]:35150 (total=5210)
2026/06/08 11:12:31 [BUSY] rejected from [::1]:35152 (total=5211)
2026/06/08 11:12:31 [BUSY] rejected from [::1]:35162 (total=5212)
2026/06/08 11:12:31 [BUSY] rejected from [::1]:35168 (total=5213)
2026/06/08 11:12:31 [BUSY] rejected from [::1]:35174 (total=5214)
2026/06/08 11:12:31 [BUSY] rejected from [::1]:35176 (total=5215)
2026/06/08 11:12:31 [BUSY] rejected from [::1]:35180 (total=5216)
2026/06/08 11:12:31 [BUSY] rejected from [::1]:35188 (total=5217)
2026/06/08 11:12:31 [BUSY] rejected from [::1]:35200 (total=5218)
2026/06/08 11:12:31 [BUSY] rejected from [::1]:35208 (total=5219)
2026/06/08 11:12:31 [BUSY] rejected from [::1]:35214 (total=5220)
2026/06/08 11:12:31 [BUSY] rejected from [::1]:35226 (total=5221)
2026/06/08 11:12:31 [BUSY] rejected from [::1]:35230 (total=5222)
2026/06/08 11:12:31 [BUSY] rejected from [::1]:35232 (total=5223)
2026/06/08 11:12:31 [BUSY] rejected from [::1]:35244 (total=5224)
2026/06/08 11:12:31 [BUSY] rejected from [::1]:35254 (total=5225)
2026/06/08 11:12:31 [BUSY] rejected from [::1]:35260 (total=5226)
2026/06/08 11:12:31 [BUSY] rejected from [::1]:35274 (total=5227)
2026/06/08 11:12:31 [BUSY] rejected from [::1]:35286 (total=5228)
2026/06/08 11:12:31 [BUSY] rejected from [::1]:35288 (total=5229)
2026/06/08 11:12:31 [BUSY] rejected from [::1]:35302 (total=5230)
2026/06/08 11:12:31 [BUSY] rejected from [::1]:35306 (total=5231)
2026/06/08 11:12:31 [BUSY] rejected from [::1]:35314 (total=5232)
2026/06/08 11:12:31 [BUSY] rejected from [::1]:35318 (total=5233)
2026/06/08 11:12:31 [BUSY] rejected from [::1]:35324 (total=5234)
2026/06/08 11:12:31 [BUSY] rejected from [::1]:35336 (total=5235)
2026/06/08 11:12:31 [BUSY] rejected from [::1]:35350 (total=5236)
2026/06/08 11:12:31 [BUSY] rejected from [::1]:35366 (total=5237)
2026/06/08 11:12:31 [BUSY] rejected from [::1]:35382 (total=5238)
2026/06/08 11:12:31 [BUSY] rejected from [::1]:35390 (total=5239)
2026/06/08 11:12:31 [BUSY] rejected from [::1]:35398 (total=5240)
2026/06/08 11:12:31 [BUSY] rejected from [::1]:35402 (total=5241)
2026/06/08 11:12:31 [BUSY] rejected from [::1]:35404 (total=5242)
2026/06/08 11:12:31 [BUSY] rejected from [::1]:35418 (total=5243)
2026/06/08 11:12:31 [BUSY] rejected from [::1]:35428 (total=5244)
2026/06/08 11:12:31 [BUSY] rejected from [::1]:35440 (total=5245)
2026/06/08 11:12:31 [BUSY] rejected from [::1]:35454 (total=5246)
2026/06/08 11:12:31 [BUSY] rejected from [::1]:35460 (total=5247)
2026/06/08 11:12:31 [BUSY] rejected from [::1]:35462 (total=5248)
2026/06/08 11:12:31 [BUSY] rejected from [::1]:35468 (total=5249)
2026/06/08 11:12:31 [BUSY] rejected from [::1]:35476 (total=5250)
2026/06/08 11:12:31 [BUSY] rejected from [::1]:35480 (total=5251)
2026/06/08 11:12:31 [BUSY] rejected from [::1]:35484 (total=5252)
2026/06/08 11:12:31 [BUSY] rejected from [::1]:35488 (total=5253)
2026/06/08 11:12:31 [BUSY] rejected from [::1]:35490 (total=5254)
2026/06/08 11:12:31 [BUSY] rejected from [::1]:35504 (total=5255)
2026/06/08 11:12:31 [BUSY] rejected from [::1]:35516 (total=5256)
2026/06/08 11:12:31 [BUSY] rejected from [::1]:35528 (total=5257)
2026/06/08 11:12:31 [BUSY] rejected from [::1]:35538 (total=5258)
2026/06/08 11:12:31 [BUSY] rejected from [::1]:35540 (total=5259)
2026/06/08 11:12:31 [BUSY] rejected from [::1]:35550 (total=5260)
2026/06/08 11:12:31 [BUSY] rejected from [::1]:35556 (total=5261)
2026/06/08 11:12:31 [BUSY] rejected from [::1]:35558 (total=5262)
2026/06/08 11:12:31 [BUSY] rejected from [::1]:35572 (total=5263)
2026/06/08 11:12:31 [BUSY] rejected from [::1]:35584 (total=5264)
2026/06/08 11:12:31 [BUSY] rejected from [::1]:35590 (total=5265)
2026/06/08 11:12:31 [BUSY] rejected from [::1]:35592 (total=5266)
2026/06/08 11:12:31 [BUSY] rejected from [::1]:35608 (total=5267)
2026/06/08 11:12:31 [BUSY] rejected from [::1]:35622 (total=5268)
2026/06/08 11:12:31 [BUSY] rejected from [::1]:35634 (total=5269)
2026/06/08 11:12:31 [BUSY] rejected from [::1]:35642 (total=5270)
2026/06/08 11:12:31 [BUSY] rejected from [::1]:35650 (total=5271)
2026/06/08 11:12:31 [BUSY] rejected from [::1]:35654 (total=5272)
2026/06/08 11:12:31 [BUSY] rejected from [::1]:35656 (total=5273)
2026/06/08 11:12:31 [BUSY] rejected from [::1]:35662 (total=5274)
2026/06/08 11:12:31 [BUSY] rejected from [::1]:35664 (total=5275)
2026/06/08 11:12:31 [BUSY] rejected from [::1]:35674 (total=5276)
2026/06/08 11:12:31 [BUSY] rejected from [::1]:35690 (total=5277)
2026/06/08 11:12:31 [BUSY] rejected from [::1]:35692 (total=5278)
2026/06/08 11:12:31 [BUSY] rejected from [::1]:35694 (total=5279)
2026/06/08 11:12:31 [BUSY] rejected from [::1]:35706 (total=5280)
2026/06/08 11:12:31 [BUSY] rejected from [::1]:35722 (total=5281)
2026/06/08 11:12:31 [BUSY] rejected from [::1]:35736 (total=5282)
2026/06/08 11:12:31 [BUSY] rejected from [::1]:35748 (total=5283)
2026/06/08 11:12:31 [BUSY] rejected from [::1]:35760 (total=5284)
2026/06/08 11:12:31 [BUSY] rejected from [::1]:35774 (total=5285)
2026/06/08 11:12:31 [BUSY] rejected from [::1]:35780 (total=5286)
2026/06/08 11:12:31 [BUSY] rejected from [::1]:35784 (total=5287)
2026/06/08 11:12:31 [BUSY] rejected from [::1]:35788 (total=5288)
2026/06/08 11:12:31 [BUSY] rejected from [::1]:35794 (total=5289)
2026/06/08 11:12:31 [BUSY] rejected from [::1]:35806 (total=5290)
2026/06/08 11:12:31 [BUSY] rejected from [::1]:35818 (total=5291)
2026/06/08 11:12:31 [BUSY] rejected from [::1]:35834 (total=5292)
2026/06/08 11:12:31 [BUSY] rejected from [::1]:35846 (total=5293)
2026/06/08 11:12:31 [BUSY] rejected from [::1]:35852 (total=5294)
2026/06/08 11:12:31 [BUSY] rejected from [::1]:35862 (total=5295)
2026/06/08 11:12:31 [BUSY] rejected from [::1]:35870 (total=5296)
2026/06/08 11:12:31 [BUSY] rejected from [::1]:35876 (total=5297)
2026/06/08 11:12:31 [BUSY] rejected from [::1]:35886 (total=5298)
2026/06/08 11:12:31 [BUSY] rejected from [::1]:35894 (total=5299)
2026/06/08 11:12:31 [BUSY] rejected from [::1]:35900 (total=5300)
2026/06/08 11:12:31 [BUSY] rejected from [::1]:35908 (total=5301)
2026/06/08 11:12:31 [BUSY] rejected from [::1]:35918 (total=5302)
2026/06/08 11:12:31 [BUSY] rejected from [::1]:35920 (total=5303)
2026/06/08 11:12:31 [BUSY] rejected from [::1]:35928 (total=5304)
2026/06/08 11:12:31 [BUSY] rejected from [::1]:35940 (total=5305)
2026/06/08 11:12:31 [BUSY] rejected from [::1]:35944 (total=5306)
2026/06/08 11:12:31 [BUSY] rejected from [::1]:35960 (total=5307)
2026/06/08 11:12:31 [BUSY] rejected from [::1]:35966 (total=5308)
2026/06/08 11:12:31 [BUSY] rejected from [::1]:35968 (total=5309)
2026/06/08 11:12:31 [BUSY] rejected from [::1]:35984 (total=5310)
2026/06/08 11:12:31 [BUSY] rejected from [::1]:35994 (total=5311)
2026/06/08 11:12:31 [BUSY] rejected from [::1]:36004 (total=5312)
2026/06/08 11:12:31 [BUSY] rejected from [::1]:36008 (total=5313)
2026/06/08 11:12:31 [BUSY] rejected from [::1]:36024 (total=5314)
2026/06/08 11:12:31 [BUSY] rejected from [::1]:36032 (total=5315)
2026/06/08 11:12:31 [BUSY] rejected from [::1]:36036 (total=5316)
2026/06/08 11:12:31 [BUSY] rejected from [::1]:36046 (total=5317)
2026/06/08 11:12:31 [BUSY] rejected from [::1]:36052 (total=5318)
2026/06/08 11:12:31 [BUSY] rejected from [::1]:36054 (total=5319)
2026/06/08 11:12:31 [BUSY] rejected from [::1]:36056 (total=5320)
2026/06/08 11:12:31 [BUSY] rejected from [::1]:36072 (total=5321)
2026/06/08 11:12:31 [BUSY] rejected from [::1]:36076 (total=5322)
2026/06/08 11:12:31 [BUSY] rejected from [::1]:36084 (total=5323)
2026/06/08 11:12:31 [BUSY] rejected from [::1]:36096 (total=5324)
2026/06/08 11:12:31 [BUSY] rejected from [::1]:36102 (total=5325)
2026/06/08 11:12:31 [BUSY] rejected from [::1]:36104 (total=5326)
2026/06/08 11:12:31 [BUSY] rejected from [::1]:36106 (total=5327)
2026/06/08 11:12:31 [BUSY] rejected from [::1]:36108 (total=5328)
2026/06/08 11:12:31 [BUSY] rejected from [::1]:36118 (total=5329)
2026/06/08 11:12:31 [BUSY] rejected from [::1]:36134 (total=5330)
2026/06/08 11:12:31 [BUSY] rejected from [::1]:36142 (total=5331)
2026/06/08 11:12:31 [BUSY] rejected from [::1]:36144 (total=5332)
2026/06/08 11:12:31 [BUSY] rejected from [::1]:36158 (total=5333)
2026/06/08 11:12:31 [BUSY] rejected from [::1]:36166 (total=5334)
2026/06/08 11:12:31 [BUSY] rejected from [::1]:36182 (total=5335)
2026/06/08 11:12:31 [BUSY] rejected from [::1]:36198 (total=5336)
2026/06/08 11:12:31 [BUSY] rejected from [::1]:36214 (total=5337)
2026/06/08 11:12:31 [BUSY] rejected from [::1]:36228 (total=5338)
2026/06/08 11:12:31 [BUSY] rejected from [::1]:36244 (total=5339)
2026/06/08 11:12:31 [BUSY] rejected from [::1]:36246 (total=5340)
2026/06/08 11:12:31 [BUSY] rejected from [::1]:36250 (total=5341)
2026/06/08 11:12:31 [BUSY] rejected from [::1]:36266 (total=5342)
2026/06/08 11:12:31 [BUSY] rejected from [::1]:36282 (total=5343)
2026/06/08 11:12:31 [BUSY] rejected from [::1]:36298 (total=5344)
2026/06/08 11:12:31 [BUSY] rejected from [::1]:36302 (total=5345)
2026/06/08 11:12:31 [BUSY] rejected from [::1]:36312 (total=5346)
2026/06/08 11:12:31 [BUSY] rejected from [::1]:36328 (total=5347)
2026/06/08 11:12:31 [BUSY] rejected from [::1]:36344 (total=5348)
2026/06/08 11:12:31 [BUSY] rejected from [::1]:36346 (total=5349)
2026/06/08 11:12:31 [BUSY] rejected from [::1]:36356 (total=5350)
2026/06/08 11:12:31 [BUSY] rejected from [::1]:36366 (total=5351)
2026/06/08 11:12:31 [BUSY] rejected from [::1]:36374 (total=5352)
2026/06/08 11:12:31 [BUSY] rejected from [::1]:36384 (total=5353)
2026/06/08 11:12:31 [BUSY] rejected from [::1]:36398 (total=5354)
2026/06/08 11:12:31 [BUSY] rejected from [::1]:36412 (total=5355)
2026/06/08 11:12:31 [BUSY] rejected from [::1]:36428 (total=5356)
2026/06/08 11:12:31 [BUSY] rejected from [::1]:36432 (total=5357)
2026/06/08 11:12:31 [BUSY] rejected from [::1]:36444 (total=5358)
2026/06/08 11:12:31 [BUSY] rejected from [::1]:36450 (total=5359)
2026/06/08 11:12:31 [BUSY] rejected from [::1]:36456 (total=5360)
2026/06/08 11:12:31 [BUSY] rejected from [::1]:36466 (total=5361)
2026/06/08 11:12:31 [BUSY] rejected from [::1]:36478 (total=5362)
2026/06/08 11:12:31 [BUSY] rejected from [::1]:36482 (total=5363)
2026/06/08 11:12:31 [BUSY] rejected from [::1]:36488 (total=5364)
2026/06/08 11:12:31 [BUSY] rejected from [::1]:36502 (total=5365)
2026/06/08 11:12:31 [BUSY] rejected from [::1]:36516 (total=5366)
2026/06/08 11:12:31 [BUSY] rejected from [::1]:36520 (total=5367)
2026/06/08 11:12:31 [BUSY] rejected from [::1]:36526 (total=5368)
2026/06/08 11:12:31 [BUSY] rejected from [::1]:36534 (total=5369)
2026/06/08 11:12:31 [BUSY] rejected from [::1]:36550 (total=5370)
2026/06/08 11:12:31 [BUSY] rejected from [::1]:36556 (total=5371)
2026/06/08 11:12:31 [BUSY] rejected from [::1]:36558 (total=5372)
2026/06/08 11:12:31 [BUSY] rejected from [::1]:36572 (total=5373)
2026/06/08 11:12:31 [BUSY] rejected from [::1]:36576 (total=5374)
2026/06/08 11:12:31 [BUSY] rejected from [::1]:36586 (total=5375)
2026/06/08 11:12:31 [BUSY] rejected from [::1]:36588 (total=5376)
2026/06/08 11:12:31 [BUSY] rejected from [::1]:36594 (total=5377)
2026/06/08 11:12:31 [BUSY] rejected from [::1]:36600 (total=5378)
2026/06/08 11:12:31 [BUSY] rejected from [::1]:36612 (total=5379)
2026/06/08 11:12:31 [BUSY] rejected from [::1]:36620 (total=5380)
2026/06/08 11:12:31 [BUSY] rejected from [::1]:36622 (total=5381)
2026/06/08 11:12:31 [BUSY] rejected from [::1]:36634 (total=5382)
2026/06/08 11:12:31 [BUSY] rejected from [::1]:36646 (total=5383)
2026/06/08 11:12:31 [BUSY] rejected from [::1]:36660 (total=5384)
2026/06/08 11:12:31 [BUSY] rejected from [::1]:36668 (total=5385)
2026/06/08 11:12:31 [BUSY] rejected from [::1]:36682 (total=5386)
2026/06/08 11:12:31 [BUSY] rejected from [::1]:36692 (total=5387)
2026/06/08 11:12:31 [BUSY] rejected from [::1]:36702 (total=5388)
2026/06/08 11:12:31 [BUSY] rejected from [::1]:36708 (total=5389)
2026/06/08 11:12:31 [BUSY] rejected from [::1]:36724 (total=5390)
2026/06/08 11:12:31 [BUSY] rejected from [::1]:36734 (total=5391)
2026/06/08 11:12:31 [BUSY] rejected from [::1]:36736 (total=5392)
2026/06/08 11:12:31 [BUSY] rejected from [::1]:36744 (total=5393)
2026/06/08 11:12:31 [BUSY] rejected from [::1]:36754 (total=5394)
2026/06/08 11:12:31 [BUSY] rejected from [::1]:36770 (total=5395)
2026/06/08 11:12:31 [BUSY] rejected from [::1]:36782 (total=5396)
2026/06/08 11:12:31 [BUSY] rejected from [::1]:36794 (total=5397)
2026/06/08 11:12:31 [BUSY] rejected from [::1]:36802 (total=5398)
2026/06/08 11:12:31 [BUSY] rejected from [::1]:36808 (total=5399)
2026/06/08 11:12:31 [BUSY] rejected from [::1]:36816 (total=5400)
2026/06/08 11:12:31 [BUSY] rejected from [::1]:36818 (total=5401)
2026/06/08 11:12:31 [BUSY] rejected from [::1]:36828 (total=5402)
2026/06/08 11:12:31 [BUSY] rejected from [::1]:36842 (total=5403)
2026/06/08 11:12:31 [BUSY] rejected from [::1]:36848 (total=5404)
2026/06/08 11:12:31 [BUSY] rejected from [::1]:36856 (total=5405)
2026/06/08 11:12:31 [BUSY] rejected from [::1]:36868 (total=5406)
2026/06/08 11:12:31 [BUSY] rejected from [::1]:36882 (total=5407)
2026/06/08 11:12:31 [BUSY] rejected from [::1]:36884 (total=5408)
2026/06/08 11:12:31 [BUSY] rejected from [::1]:36894 (total=5409)
2026/06/08 11:12:31 [BUSY] rejected from [::1]:36898 (total=5410)
2026/06/08 11:12:31 [BUSY] rejected from [::1]:36910 (total=5411)
2026/06/08 11:12:31 [BUSY] rejected from [::1]:36918 (total=5412)
2026/06/08 11:12:31 [BUSY] rejected from [::1]:36926 (total=5413)
2026/06/08 11:12:31 [BUSY] rejected from [::1]:36930 (total=5414)
2026/06/08 11:12:31 [BUSY] rejected from [::1]:36932 (total=5415)
2026/06/08 11:12:31 [BUSY] rejected from [::1]:36938 (total=5416)
2026/06/08 11:12:31 [BUSY] rejected from [::1]:36950 (total=5417)
2026/06/08 11:12:31 [BUSY] rejected from [::1]:36964 (total=5418)
2026/06/08 11:12:31 [BUSY] rejected from [::1]:36980 (total=5419)
2026/06/08 11:12:31 [BUSY] rejected from [::1]:36994 (total=5420)
2026/06/08 11:12:31 [BUSY] rejected from [::1]:37002 (total=5421)
2026/06/08 11:12:31 [BUSY] rejected from [::1]:37006 (total=5422)
2026/06/08 11:12:31 [BUSY] rejected from [::1]:37020 (total=5423)
2026/06/08 11:12:31 [BUSY] rejected from [::1]:37030 (total=5424)
2026/06/08 11:12:31 [BUSY] rejected from [::1]:37044 (total=5425)
2026/06/08 11:12:31 [BUSY] rejected from [::1]:37058 (total=5426)
2026/06/08 11:12:31 [BUSY] rejected from [::1]:37070 (total=5427)
2026/06/08 11:12:31 [BUSY] rejected from [::1]:37080 (total=5428)
2026/06/08 11:12:31 [BUSY] rejected from [::1]:37086 (total=5429)
2026/06/08 11:12:31 [BUSY] rejected from [::1]:37100 (total=5430)
2026/06/08 11:12:31 [BUSY] rejected from [::1]:37116 (total=5431)
2026/06/08 11:12:31 [BUSY] rejected from [::1]:37118 (total=5432)
2026/06/08 11:12:31 [BUSY] rejected from [::1]:37126 (total=5433)
2026/06/08 11:12:31 [BUSY] rejected from [::1]:37128 (total=5434)
2026/06/08 11:12:31 [BUSY] rejected from [::1]:37136 (total=5435)
2026/06/08 11:12:31 [BUSY] rejected from [::1]:37138 (total=5436)
2026/06/08 11:12:31 [BUSY] rejected from [::1]:37144 (total=5437)
2026/06/08 11:12:31 [BUSY] rejected from [::1]:37146 (total=5438)
2026/06/08 11:12:31 [BUSY] rejected from [::1]:37150 (total=5439)
2026/06/08 11:12:31 [BUSY] rejected from [::1]:37160 (total=5440)
2026/06/08 11:12:31 [BUSY] rejected from [::1]:37166 (total=5441)
2026/06/08 11:12:31 [BUSY] rejected from [::1]:37180 (total=5442)
2026/06/08 11:12:31 [BUSY] rejected from [::1]:37188 (total=5443)
2026/06/08 11:12:31 [BUSY] rejected from [::1]:37200 (total=5444)
2026/06/08 11:12:31 [BUSY] rejected from [::1]:37204 (total=5445)
2026/06/08 11:12:31 [BUSY] rejected from [::1]:37210 (total=5446)
2026/06/08 11:12:31 [BUSY] rejected from [::1]:37220 (total=5447)
2026/06/08 11:12:31 [BUSY] rejected from [::1]:37226 (total=5448)
2026/06/08 11:12:31 [BUSY] rejected from [::1]:37230 (total=5449)
2026/06/08 11:12:31 [BUSY] rejected from [::1]:37232 (total=5450)
2026/06/08 11:12:31 [BUSY] rejected from [::1]:37234 (total=5451)
2026/06/08 11:12:31 [BUSY] rejected from [::1]:37246 (total=5452)
2026/06/08 11:12:31 [BUSY] rejected from [::1]:37250 (total=5453)
2026/06/08 11:12:31 [BUSY] rejected from [::1]:37254 (total=5454)
2026/06/08 11:12:31 [BUSY] rejected from [::1]:37270 (total=5455)
2026/06/08 11:12:31 [BUSY] rejected from [::1]:37278 (total=5456)
2026/06/08 11:12:31 [BUSY] rejected from [::1]:37294 (total=5457)
2026/06/08 11:12:31 [BUSY] rejected from [::1]:37300 (total=5458)
2026/06/08 11:12:31 [BUSY] rejected from [::1]:37312 (total=5459)
2026/06/08 11:12:31 [BUSY] rejected from [::1]:37322 (total=5460)
2026/06/08 11:12:31 [BUSY] rejected from [::1]:37336 (total=5461)
2026/06/08 11:12:31 [BUSY] rejected from [::1]:37348 (total=5462)
2026/06/08 11:12:31 [BUSY] rejected from [::1]:37362 (total=5463)
2026/06/08 11:12:31 [BUSY] rejected from [::1]:37376 (total=5464)
2026/06/08 11:12:31 [BUSY] rejected from [::1]:37386 (total=5465)
2026/06/08 11:12:31 [BUSY] rejected from [::1]:37390 (total=5466)
2026/06/08 11:12:31 [BUSY] rejected from [::1]:37404 (total=5467)
2026/06/08 11:12:31 [BUSY] rejected from [::1]:37410 (total=5468)
2026/06/08 11:12:31 [BUSY] rejected from [::1]:37420 (total=5469)
2026/06/08 11:12:31 [BUSY] rejected from [::1]:37434 (total=5470)
2026/06/08 11:12:31 [BUSY] rejected from [::1]:37446 (total=5471)
2026/06/08 11:12:31 [BUSY] rejected from [::1]:37462 (total=5472)
2026/06/08 11:12:31 [BUSY] rejected from [::1]:37476 (total=5473)
2026/06/08 11:12:31 [BUSY] rejected from [::1]:37480 (total=5474)
2026/06/08 11:12:31 [BUSY] rejected from [::1]:37490 (total=5475)
2026/06/08 11:12:31 [BUSY] rejected from [::1]:37504 (total=5476)
2026/06/08 11:12:31 [BUSY] rejected from [::1]:37520 (total=5477)
2026/06/08 11:12:31 [BUSY] rejected from [::1]:37536 (total=5478)
2026/06/08 11:12:31 [BUSY] rejected from [::1]:37550 (total=5479)
2026/06/08 11:12:31 [BUSY] rejected from [::1]:37558 (total=5480)
2026/06/08 11:12:31 [conn 171] disconnected
2026/06/08 11:12:31 [conn 176] connected from [::1]:56768
2026/06/08 11:12:31 [conn 176] received: Hello from worker 0, package 2934, time: 1780897351785657396
2026/06/08 11:12:31 [conn 172] disconnected
2026/06/08 11:12:31 [conn 173] disconnected
2026/06/08 11:12:31 [conn 177] connected from [::1]:56778
2026/06/08 11:12:31 [conn 177] received: Hello from worker 0, package 2936, time: 1780897351786068517
2026/06/08 11:12:31 [conn 178] connected from [::1]:56784
2026/06/08 11:12:31 [conn 178] received: Hello from worker 0, package 2937, time: 1780897351786275445
2026/06/08 11:12:31 [conn 175] disconnected
2026/06/08 11:12:31 [conn 179] connected from [::1]:56800
2026/06/08 11:12:31 [conn 179] received: Hello from worker 0, package 2938, time: 1780897351786536545
2026/06/08 11:12:31 [conn 174] disconnected
2026/06/08 11:12:31 [conn 180] connected from [::1]:56808
2026/06/08 11:12:31 [conn 180] received: Hello from worker 0, package 2939, time: 1780897351786717213
2026/06/08 11:12:31 [BUSY] rejected from [::1]:37616 (total=5481)
2026/06/08 11:12:31 [BUSY] rejected from [::1]:37618 (total=5482)
2026/06/08 11:12:31 [BUSY] rejected from [::1]:37622 (total=5483)
2026/06/08 11:12:31 [BUSY] rejected from [::1]:37632 (total=5484)
2026/06/08 11:12:31 [BUSY] rejected from [::1]:37638 (total=5485)
2026/06/08 11:12:31 [BUSY] rejected from [::1]:37644 (total=5486)
2026/06/08 11:12:31 [BUSY] rejected from [::1]:37648 (total=5487)
2026/06/08 11:12:31 [BUSY] rejected from [::1]:37654 (total=5488)
2026/06/08 11:12:31 [BUSY] rejected from [::1]:37660 (total=5489)
2026/06/08 11:12:31 [BUSY] rejected from [::1]:37664 (total=5490)
2026/06/08 11:12:31 [BUSY] rejected from [::1]:37678 (total=5491)
2026/06/08 11:12:31 [BUSY] rejected from [::1]:37688 (total=5492)
2026/06/08 11:12:31 [BUSY] rejected from [::1]:37704 (total=5493)
2026/06/08 11:12:31 [BUSY] rejected from [::1]:37718 (total=5494)
2026/06/08 11:12:31 [BUSY] rejected from [::1]:37726 (total=5495)
2026/06/08 11:12:31 [BUSY] rejected from [::1]:37730 (total=5496)
2026/06/08 11:12:31 [BUSY] rejected from [::1]:37736 (total=5497)
2026/06/08 11:12:31 [BUSY] rejected from [::1]:37738 (total=5498)
2026/06/08 11:12:31 [BUSY] rejected from [::1]:37742 (total=5499)
2026/06/08 11:12:31 [BUSY] rejected from [::1]:37746 (total=5500)
2026/06/08 11:12:31 [BUSY] rejected from [::1]:37760 (total=5501)
2026/06/08 11:12:31 [BUSY] rejected from [::1]:37770 (total=5502)
2026/06/08 11:12:31 [BUSY] rejected from [::1]:37778 (total=5503)
2026/06/08 11:12:31 [BUSY] rejected from [::1]:37792 (total=5504)
2026/06/08 11:12:31 [BUSY] rejected from [::1]:37796 (total=5505)
2026/06/08 11:12:31 [BUSY] rejected from [::1]:37808 (total=5506)
2026/06/08 11:12:31 [BUSY] rejected from [::1]:37810 (total=5507)
2026/06/08 11:12:31 [BUSY] rejected from [::1]:37816 (total=5508)
2026/06/08 11:12:31 [BUSY] rejected from [::1]:37822 (total=5509)
2026/06/08 11:12:31 [BUSY] rejected from [::1]:37826 (total=5510)
2026/06/08 11:12:31 [BUSY] rejected from [::1]:37832 (total=5511)
2026/06/08 11:12:31 [BUSY] rejected from [::1]:37844 (total=5512)
2026/06/08 11:12:31 [BUSY] rejected from [::1]:37848 (total=5513)
2026/06/08 11:12:31 [BUSY] rejected from [::1]:37858 (total=5514)
2026/06/08 11:12:31 [BUSY] rejected from [::1]:37868 (total=5515)
2026/06/08 11:12:31 [BUSY] rejected from [::1]:37878 (total=5516)
2026/06/08 11:12:31 [BUSY] rejected from [::1]:37890 (total=5517)
2026/06/08 11:12:31 [BUSY] rejected from [::1]:37894 (total=5518)
2026/06/08 11:12:31 [BUSY] rejected from [::1]:37902 (total=5519)
2026/06/08 11:12:31 [BUSY] rejected from [::1]:37910 (total=5520)
2026/06/08 11:12:31 [BUSY] rejected from [::1]:37922 (total=5521)
2026/06/08 11:12:31 [BUSY] rejected from [::1]:37934 (total=5522)
2026/06/08 11:12:31 [BUSY] rejected from [::1]:37944 (total=5523)
2026/06/08 11:12:31 [BUSY] rejected from [::1]:37954 (total=5524)
2026/06/08 11:12:31 [BUSY] rejected from [::1]:37970 (total=5525)
2026/06/08 11:12:31 [BUSY] rejected from [::1]:37986 (total=5526)
2026/06/08 11:12:31 [BUSY] rejected from [::1]:37992 (total=5527)
2026/06/08 11:12:31 [BUSY] rejected from [::1]:38006 (total=5528)
2026/06/08 11:12:31 [BUSY] rejected from [::1]:38020 (total=5529)
2026/06/08 11:12:31 [BUSY] rejected from [::1]:38024 (total=5530)
2026/06/08 11:12:31 [BUSY] rejected from [::1]:38036 (total=5531)
2026/06/08 11:12:31 [BUSY] rejected from [::1]:38042 (total=5532)
2026/06/08 11:12:31 [BUSY] rejected from [::1]:38052 (total=5533)
2026/06/08 11:12:31 [BUSY] rejected from [::1]:38064 (total=5534)
2026/06/08 11:12:31 [BUSY] rejected from [::1]:38074 (total=5535)
2026/06/08 11:12:31 [BUSY] rejected from [::1]:38086 (total=5536)
2026/06/08 11:12:31 [BUSY] rejected from [::1]:38092 (total=5537)
2026/06/08 11:12:31 [BUSY] rejected from [::1]:38104 (total=5538)
2026/06/08 11:12:32 [BUSY] rejected from [::1]:38116 (total=5539)
2026/06/08 11:12:32 [BUSY] rejected from [::1]:38126 (total=5540)
2026/06/08 11:12:32 [BUSY] rejected from [::1]:38128 (total=5541)
2026/06/08 11:12:32 [BUSY] rejected from [::1]:38136 (total=5542)
2026/06/08 11:12:32 [BUSY] rejected from [::1]:38140 (total=5543)
2026/06/08 11:12:32 [BUSY] rejected from [::1]:38156 (total=5544)
2026/06/08 11:12:32 [BUSY] rejected from [::1]:38172 (total=5545)
2026/06/08 11:12:32 [BUSY] rejected from [::1]:38184 (total=5546)
2026/06/08 11:12:32 [BUSY] rejected from [::1]:38192 (total=5547)
2026/06/08 11:12:32 [BUSY] rejected from [::1]:38206 (total=5548)
2026/06/08 11:12:32 [BUSY] rejected from [::1]:38208 (total=5549)
2026/06/08 11:12:32 [BUSY] rejected from [::1]:38224 (total=5550)
2026/06/08 11:12:32 [BUSY] rejected from [::1]:38226 (total=5551)
2026/06/08 11:12:32 [BUSY] rejected from [::1]:38242 (total=5552)
2026/06/08 11:12:32 [BUSY] rejected from [::1]:38252 (total=5553)
2026/06/08 11:12:32 [BUSY] rejected from [::1]:38266 (total=5554)
2026/06/08 11:12:32 [BUSY] rejected from [::1]:38272 (total=5555)
2026/06/08 11:12:32 [BUSY] rejected from [::1]:38280 (total=5556)
2026/06/08 11:12:32 [BUSY] rejected from [::1]:38290 (total=5557)
2026/06/08 11:12:32 [BUSY] rejected from [::1]:38294 (total=5558)
2026/06/08 11:12:32 [BUSY] rejected from [::1]:38302 (total=5559)
2026/06/08 11:12:32 [BUSY] rejected from [::1]:38318 (total=5560)
2026/06/08 11:12:32 [BUSY] rejected from [::1]:38334 (total=5561)
2026/06/08 11:12:32 [BUSY] rejected from [::1]:38338 (total=5562)
2026/06/08 11:12:32 [BUSY] rejected from [::1]:38350 (total=5563)
2026/06/08 11:12:32 [BUSY] rejected from [::1]:38366 (total=5564)
2026/06/08 11:12:32 [BUSY] rejected from [::1]:38374 (total=5565)
2026/06/08 11:12:32 [BUSY] rejected from [::1]:38384 (total=5566)
2026/06/08 11:12:32 [BUSY] rejected from [::1]:38388 (total=5567)
2026/06/08 11:12:32 [BUSY] rejected from [::1]:38398 (total=5568)
2026/06/08 11:12:32 [BUSY] rejected from [::1]:38412 (total=5569)
2026/06/08 11:12:32 [BUSY] rejected from [::1]:38418 (total=5570)
2026/06/08 11:12:32 [BUSY] rejected from [::1]:38424 (total=5571)
2026/06/08 11:12:32 [BUSY] rejected from [::1]:38432 (total=5572)
2026/06/08 11:12:32 [BUSY] rejected from [::1]:38442 (total=5573)
2026/06/08 11:12:32 [BUSY] rejected from [::1]:38446 (total=5574)
2026/06/08 11:12:32 [BUSY] rejected from [::1]:38448 (total=5575)
2026/06/08 11:12:32 [BUSY] rejected from [::1]:38454 (total=5576)
2026/06/08 11:12:32 [BUSY] rejected from [::1]:38462 (total=5577)
2026/06/08 11:12:32 [BUSY] rejected from [::1]:38476 (total=5578)
2026/06/08 11:12:32 [BUSY] rejected from [::1]:38490 (total=5579)
2026/06/08 11:12:32 [BUSY] rejected from [::1]:38492 (total=5580)
2026/06/08 11:12:32 [BUSY] rejected from [::1]:38496 (total=5581)
2026/06/08 11:12:32 [BUSY] rejected from [::1]:38506 (total=5582)
2026/06/08 11:12:32 [BUSY] rejected from [::1]:38518 (total=5583)
2026/06/08 11:12:32 [BUSY] rejected from [::1]:38528 (total=5584)
2026/06/08 11:12:32 [BUSY] rejected from [::1]:38538 (total=5585)
2026/06/08 11:12:32 [BUSY] rejected from [::1]:38554 (total=5586)
2026/06/08 11:12:32 [BUSY] rejected from [::1]:38558 (total=5587)
2026/06/08 11:12:32 [BUSY] rejected from [::1]:38562 (total=5588)
2026/06/08 11:12:32 [BUSY] rejected from [::1]:38566 (total=5589)
2026/06/08 11:12:32 [BUSY] rejected from [::1]:38568 (total=5590)
2026/06/08 11:12:32 [BUSY] rejected from [::1]:38570 (total=5591)
2026/06/08 11:12:32 [BUSY] rejected from [::1]:38576 (total=5592)
2026/06/08 11:12:32 [BUSY] rejected from [::1]:38582 (total=5593)
2026/06/08 11:12:32 [BUSY] rejected from [::1]:38594 (total=5594)
2026/06/08 11:12:32 [BUSY] rejected from [::1]:38598 (total=5595)
2026/06/08 11:12:32 [BUSY] rejected from [::1]:38600 (total=5596)
2026/06/08 11:12:32 [BUSY] rejected from [::1]:38610 (total=5597)
2026/06/08 11:12:32 [BUSY] rejected from [::1]:38622 (total=5598)
2026/06/08 11:12:32 [BUSY] rejected from [::1]:38632 (total=5599)
2026/06/08 11:12:32 [BUSY] rejected from [::1]:38636 (total=5600)
2026/06/08 11:12:32 [BUSY] rejected from [::1]:38640 (total=5601)
2026/06/08 11:12:32 [BUSY] rejected from [::1]:38656 (total=5602)
2026/06/08 11:12:32 [BUSY] rejected from [::1]:38662 (total=5603)
2026/06/08 11:12:32 [BUSY] rejected from [::1]:38668 (total=5604)
2026/06/08 11:12:32 [BUSY] rejected from [::1]:38676 (total=5605)
2026/06/08 11:12:32 [BUSY] rejected from [::1]:38688 (total=5606)
2026/06/08 11:12:32 [BUSY] rejected from [::1]:38696 (total=5607)
2026/06/08 11:12:32 [BUSY] rejected from [::1]:38702 (total=5608)
2026/06/08 11:12:32 [BUSY] rejected from [::1]:38714 (total=5609)
2026/06/08 11:12:32 [BUSY] rejected from [::1]:38720 (total=5610)
2026/06/08 11:12:32 [BUSY] rejected from [::1]:38736 (total=5611)
2026/06/08 11:12:32 [BUSY] rejected from [::1]:38752 (total=5612)
2026/06/08 11:12:32 [BUSY] rejected from [::1]:38768 (total=5613)
2026/06/08 11:12:32 [BUSY] rejected from [::1]:38778 (total=5614)
2026/06/08 11:12:32 [BUSY] rejected from [::1]:38792 (total=5615)
2026/06/08 11:12:32 [BUSY] rejected from [::1]:38802 (total=5616)
2026/06/08 11:12:32 [BUSY] rejected from [::1]:38806 (total=5617)
2026/06/08 11:12:32 [BUSY] rejected from [::1]:38814 (total=5618)
2026/06/08 11:12:32 [BUSY] rejected from [::1]:38830 (total=5619)
2026/06/08 11:12:32 [BUSY] rejected from [::1]:38846 (total=5620)
2026/06/08 11:12:32 [BUSY] rejected from [::1]:38856 (total=5621)
2026/06/08 11:12:32 [BUSY] rejected from [::1]:38860 (total=5622)
2026/06/08 11:12:32 [BUSY] rejected from [::1]:38872 (total=5623)
2026/06/08 11:12:32 [BUSY] rejected from [::1]:38876 (total=5624)
2026/06/08 11:12:32 [BUSY] rejected from [::1]:38884 (total=5625)
2026/06/08 11:12:32 [BUSY] rejected from [::1]:38890 (total=5626)
2026/06/08 11:12:32 [BUSY] rejected from [::1]:38906 (total=5627)
2026/06/08 11:12:32 [BUSY] rejected from [::1]:38908 (total=5628)
2026/06/08 11:12:32 [BUSY] rejected from [::1]:38910 (total=5629)
2026/06/08 11:12:32 [BUSY] rejected from [::1]:38918 (total=5630)
2026/06/08 11:12:32 [BUSY] rejected from [::1]:38932 (total=5631)
2026/06/08 11:12:32 [BUSY] rejected from [::1]:38944 (total=5632)
2026/06/08 11:12:32 [BUSY] rejected from [::1]:38958 (total=5633)
2026/06/08 11:12:32 [BUSY] rejected from [::1]:38962 (total=5634)
2026/06/08 11:12:32 [BUSY] rejected from [::1]:38972 (total=5635)
2026/06/08 11:12:32 [BUSY] rejected from [::1]:38976 (total=5636)
2026/06/08 11:12:32 [BUSY] rejected from [::1]:38982 (total=5637)
2026/06/08 11:12:32 [BUSY] rejected from [::1]:38986 (total=5638)
2026/06/08 11:12:32 [BUSY] rejected from [::1]:38988 (total=5639)
2026/06/08 11:12:32 [BUSY] rejected from [::1]:38996 (total=5640)
2026/06/08 11:12:32 [BUSY] rejected from [::1]:39006 (total=5641)
2026/06/08 11:12:32 [BUSY] rejected from [::1]:39020 (total=5642)
2026/06/08 11:12:32 [BUSY] rejected from [::1]:39028 (total=5643)
2026/06/08 11:12:32 [BUSY] rejected from [::1]:39044 (total=5644)
2026/06/08 11:12:32 [BUSY] rejected from [::1]:39050 (total=5645)
2026/06/08 11:12:32 [BUSY] rejected from [::1]:39066 (total=5646)
2026/06/08 11:12:32 [BUSY] rejected from [::1]:39068 (total=5647)
2026/06/08 11:12:32 [BUSY] rejected from [::1]:39076 (total=5648)
2026/06/08 11:12:32 [BUSY] rejected from [::1]:39092 (total=5649)
2026/06/08 11:12:32 [BUSY] rejected from [::1]:39098 (total=5650)
2026/06/08 11:12:32 [BUSY] rejected from [::1]:39114 (total=5651)
2026/06/08 11:12:32 [BUSY] rejected from [::1]:39126 (total=5652)
2026/06/08 11:12:32 [BUSY] rejected from [::1]:39138 (total=5653)
2026/06/08 11:12:32 [BUSY] rejected from [::1]:39148 (total=5654)
2026/06/08 11:12:32 [BUSY] rejected from [::1]:39164 (total=5655)
2026/06/08 11:12:32 [BUSY] rejected from [::1]:39178 (total=5656)
2026/06/08 11:12:32 [BUSY] rejected from [::1]:39188 (total=5657)
2026/06/08 11:12:32 [BUSY] rejected from [::1]:39198 (total=5658)
2026/06/08 11:12:32 [BUSY] rejected from [::1]:39212 (total=5659)
2026/06/08 11:12:32 [BUSY] rejected from [::1]:39222 (total=5660)
2026/06/08 11:12:32 [BUSY] rejected from [::1]:39228 (total=5661)
2026/06/08 11:12:32 [BUSY] rejected from [::1]:39244 (total=5662)
2026/06/08 11:12:32 [BUSY] rejected from [::1]:39250 (total=5663)
2026/06/08 11:12:32 [BUSY] rejected from [::1]:39252 (total=5664)
2026/06/08 11:12:32 [BUSY] rejected from [::1]:39268 (total=5665)
2026/06/08 11:12:32 [BUSY] rejected from [::1]:39282 (total=5666)
2026/06/08 11:12:32 [BUSY] rejected from [::1]:39294 (total=5667)
2026/06/08 11:12:32 [BUSY] rejected from [::1]:39306 (total=5668)
2026/06/08 11:12:32 [BUSY] rejected from [::1]:39308 (total=5669)
2026/06/08 11:12:32 [BUSY] rejected from [::1]:39320 (total=5670)
2026/06/08 11:12:32 [BUSY] rejected from [::1]:39330 (total=5671)
2026/06/08 11:12:32 [BUSY] rejected from [::1]:39338 (total=5672)
2026/06/08 11:12:32 [BUSY] rejected from [::1]:39350 (total=5673)
2026/06/08 11:12:32 [BUSY] rejected from [::1]:39358 (total=5674)
2026/06/08 11:12:32 [BUSY] rejected from [::1]:39362 (total=5675)
2026/06/08 11:12:32 [BUSY] rejected from [::1]:39370 (total=5676)
2026/06/08 11:12:32 [BUSY] rejected from [::1]:39382 (total=5677)
2026/06/08 11:12:32 [BUSY] rejected from [::1]:39398 (total=5678)
2026/06/08 11:12:32 [BUSY] rejected from [::1]:39412 (total=5679)
2026/06/08 11:12:32 [BUSY] rejected from [::1]:39424 (total=5680)
2026/06/08 11:12:32 [BUSY] rejected from [::1]:39436 (total=5681)
2026/06/08 11:12:32 [BUSY] rejected from [::1]:39446 (total=5682)
2026/06/08 11:12:32 [BUSY] rejected from [::1]:39456 (total=5683)
2026/06/08 11:12:32 [BUSY] rejected from [::1]:39472 (total=5684)
2026/06/08 11:12:32 [BUSY] rejected from [::1]:39488 (total=5685)
2026/06/08 11:12:32 [BUSY] rejected from [::1]:39494 (total=5686)
2026/06/08 11:12:32 [BUSY] rejected from [::1]:39500 (total=5687)
2026/06/08 11:12:32 [BUSY] rejected from [::1]:39504 (total=5688)
2026/06/08 11:12:32 [BUSY] rejected from [::1]:39510 (total=5689)
2026/06/08 11:12:32 [BUSY] rejected from [::1]:39524 (total=5690)
2026/06/08 11:12:32 [BUSY] rejected from [::1]:39526 (total=5691)
2026/06/08 11:12:32 [BUSY] rejected from [::1]:39542 (total=5692)
2026/06/08 11:12:32 [BUSY] rejected from [::1]:39552 (total=5693)
2026/06/08 11:12:32 [BUSY] rejected from [::1]:39566 (total=5694)
2026/06/08 11:12:32 [BUSY] rejected from [::1]:39574 (total=5695)
2026/06/08 11:12:32 [BUSY] rejected from [::1]:39584 (total=5696)
2026/06/08 11:12:32 [BUSY] rejected from [::1]:39594 (total=5697)
2026/06/08 11:12:32 [BUSY] rejected from [::1]:39608 (total=5698)
2026/06/08 11:12:32 [BUSY] rejected from [::1]:39618 (total=5699)
2026/06/08 11:12:32 [BUSY] rejected from [::1]:39632 (total=5700)
2026/06/08 11:12:32 [BUSY] rejected from [::1]:39640 (total=5701)
2026/06/08 11:12:32 [BUSY] rejected from [::1]:39646 (total=5702)
2026/06/08 11:12:32 [BUSY] rejected from [::1]:39658 (total=5703)
2026/06/08 11:12:32 [BUSY] rejected from [::1]:39662 (total=5704)
2026/06/08 11:12:32 [BUSY] rejected from [::1]:39672 (total=5705)
2026/06/08 11:12:32 [BUSY] rejected from [::1]:39680 (total=5706)
2026/06/08 11:12:32 [BUSY] rejected from [::1]:39692 (total=5707)
2026/06/08 11:12:32 [BUSY] rejected from [::1]:39696 (total=5708)
2026/06/08 11:12:32 [BUSY] rejected from [::1]:39710 (total=5709)
2026/06/08 11:12:32 [BUSY] rejected from [::1]:39720 (total=5710)
2026/06/08 11:12:32 [BUSY] rejected from [::1]:39732 (total=5711)
2026/06/08 11:12:32 [BUSY] rejected from [::1]:39746 (total=5712)
2026/06/08 11:12:32 [BUSY] rejected from [::1]:39762 (total=5713)
2026/06/08 11:12:32 [BUSY] rejected from [::1]:39776 (total=5714)
2026/06/08 11:12:32 [BUSY] rejected from [::1]:39792 (total=5715)
2026/06/08 11:12:32 [BUSY] rejected from [::1]:39802 (total=5716)
2026/06/08 11:12:32 [BUSY] rejected from [::1]:39808 (total=5717)
2026/06/08 11:12:32 [BUSY] rejected from [::1]:39820 (total=5718)
2026/06/08 11:12:32 [BUSY] rejected from [::1]:39824 (total=5719)
2026/06/08 11:12:32 [BUSY] rejected from [::1]:39828 (total=5720)
2026/06/08 11:12:32 [BUSY] rejected from [::1]:39834 (total=5721)
2026/06/08 11:12:32 [BUSY] rejected from [::1]:39842 (total=5722)
2026/06/08 11:12:32 [BUSY] rejected from [::1]:39850 (total=5723)
2026/06/08 11:12:32 [BUSY] rejected from [::1]:39860 (total=5724)
2026/06/08 11:12:32 [BUSY] rejected from [::1]:39864 (total=5725)
2026/06/08 11:12:32 [BUSY] rejected from [::1]:39878 (total=5726)
2026/06/08 11:12:32 [BUSY] rejected from [::1]:39888 (total=5727)
2026/06/08 11:12:32 [BUSY] rejected from [::1]:39892 (total=5728)
2026/06/08 11:12:32 [BUSY] rejected from [::1]:39896 (total=5729)
2026/06/08 11:12:32 [BUSY] rejected from [::1]:39910 (total=5730)
2026/06/08 11:12:32 [BUSY] rejected from [::1]:39914 (total=5731)
2026/06/08 11:12:32 [BUSY] rejected from [::1]:39918 (total=5732)
2026/06/08 11:12:32 [BUSY] rejected from [::1]:39932 (total=5733)
2026/06/08 11:12:32 [BUSY] rejected from [::1]:39934 (total=5734)
2026/06/08 11:12:32 [BUSY] rejected from [::1]:39948 (total=5735)
2026/06/08 11:12:32 [BUSY] rejected from [::1]:39954 (total=5736)
2026/06/08 11:12:32 [BUSY] rejected from [::1]:39962 (total=5737)
2026/06/08 11:12:32 [BUSY] rejected from [::1]:39970 (total=5738)
2026/06/08 11:12:32 [BUSY] rejected from [::1]:39972 (total=5739)
2026/06/08 11:12:32 [BUSY] rejected from [::1]:39988 (total=5740)
2026/06/08 11:12:32 [BUSY] rejected from [::1]:39992 (total=5741)
2026/06/08 11:12:32 [BUSY] rejected from [::1]:40000 (total=5742)
2026/06/08 11:12:32 [BUSY] rejected from [::1]:40008 (total=5743)
2026/06/08 11:12:32 [BUSY] rejected from [::1]:40010 (total=5744)
2026/06/08 11:12:32 [BUSY] rejected from [::1]:40016 (total=5745)
2026/06/08 11:12:32 [BUSY] rejected from [::1]:40028 (total=5746)
2026/06/08 11:12:32 [BUSY] rejected from [::1]:40038 (total=5747)
2026/06/08 11:12:32 [BUSY] rejected from [::1]:40040 (total=5748)
2026/06/08 11:12:32 [BUSY] rejected from [::1]:40042 (total=5749)
2026/06/08 11:12:32 [BUSY] rejected from [::1]:40050 (total=5750)
2026/06/08 11:12:32 [BUSY] rejected from [::1]:40060 (total=5751)
2026/06/08 11:12:32 [BUSY] rejected from [::1]:40062 (total=5752)
2026/06/08 11:12:32 [BUSY] rejected from [::1]:40076 (total=5753)
2026/06/08 11:12:32 [BUSY] rejected from [::1]:40090 (total=5754)
2026/06/08 11:12:32 [BUSY] rejected from [::1]:40098 (total=5755)
2026/06/08 11:12:32 [BUSY] rejected from [::1]:40108 (total=5756)
2026/06/08 11:12:32 [BUSY] rejected from [::1]:40116 (total=5757)
2026/06/08 11:12:32 [BUSY] rejected from [::1]:40132 (total=5758)
2026/06/08 11:12:32 [BUSY] rejected from [::1]:40144 (total=5759)
2026/06/08 11:12:32 [BUSY] rejected from [::1]:40156 (total=5760)
2026/06/08 11:12:32 [BUSY] rejected from [::1]:40170 (total=5761)
2026/06/08 11:12:32 [BUSY] rejected from [::1]:40174 (total=5762)
2026/06/08 11:12:32 [BUSY] rejected from [::1]:40176 (total=5763)
2026/06/08 11:12:32 [BUSY] rejected from [::1]:40184 (total=5764)
2026/06/08 11:12:32 [BUSY] rejected from [::1]:40190 (total=5765)
2026/06/08 11:12:32 [BUSY] rejected from [::1]:40196 (total=5766)
2026/06/08 11:12:32 [BUSY] rejected from [::1]:40208 (total=5767)
2026/06/08 11:12:32 [BUSY] rejected from [::1]:40216 (total=5768)
2026/06/08 11:12:32 [BUSY] rejected from [::1]:40220 (total=5769)
2026/06/08 11:12:32 [BUSY] rejected from [::1]:40230 (total=5770)
2026/06/08 11:12:32 [BUSY] rejected from [::1]:40246 (total=5771)
2026/06/08 11:12:32 [BUSY] rejected from [::1]:40256 (total=5772)
2026/06/08 11:12:32 [BUSY] rejected from [::1]:40260 (total=5773)
2026/06/08 11:12:32 [BUSY] rejected from [::1]:40270 (total=5774)
2026/06/08 11:12:32 [BUSY] rejected from [::1]:40278 (total=5775)
2026/06/08 11:12:32 [BUSY] rejected from [::1]:40282 (total=5776)
2026/06/08 11:12:32 [BUSY] rejected from [::1]:40286 (total=5777)
2026/06/08 11:12:32 [BUSY] rejected from [::1]:40298 (total=5778)
2026/06/08 11:12:32 [BUSY] rejected from [::1]:40304 (total=5779)
2026/06/08 11:12:32 [BUSY] rejected from [::1]:40312 (total=5780)
2026/06/08 11:12:32 [BUSY] rejected from [::1]:40316 (total=5781)
2026/06/08 11:12:32 [BUSY] rejected from [::1]:40328 (total=5782)
2026/06/08 11:12:32 [BUSY] rejected from [::1]:40342 (total=5783)
2026/06/08 11:12:32 [BUSY] rejected from [::1]:40354 (total=5784)
2026/06/08 11:12:32 [BUSY] rejected from [::1]:40358 (total=5785)
2026/06/08 11:12:32 [BUSY] rejected from [::1]:40368 (total=5786)
2026/06/08 11:12:32 [BUSY] rejected from [::1]:40380 (total=5787)
2026/06/08 11:12:32 [BUSY] rejected from [::1]:40396 (total=5788)
2026/06/08 11:12:32 [BUSY] rejected from [::1]:40398 (total=5789)
2026/06/08 11:12:32 [BUSY] rejected from [::1]:40406 (total=5790)
2026/06/08 11:12:32 [BUSY] rejected from [::1]:40410 (total=5791)
2026/06/08 11:12:32 [BUSY] rejected from [::1]:40424 (total=5792)
2026/06/08 11:12:32 [BUSY] rejected from [::1]:40440 (total=5793)
2026/06/08 11:12:32 [BUSY] rejected from [::1]:40454 (total=5794)
2026/06/08 11:12:32 [BUSY] rejected from [::1]:40458 (total=5795)
2026/06/08 11:12:32 [BUSY] rejected from [::1]:40466 (total=5796)
2026/06/08 11:12:32 [BUSY] rejected from [::1]:40482 (total=5797)
2026/06/08 11:12:32 [BUSY] rejected from [::1]:40496 (total=5798)
2026/06/08 11:12:32 [BUSY] rejected from [::1]:40506 (total=5799)
2026/06/08 11:12:32 [BUSY] rejected from [::1]:40514 (total=5800)
2026/06/08 11:12:32 [BUSY] rejected from [::1]:40528 (total=5801)
2026/06/08 11:12:32 [BUSY] rejected from [::1]:40544 (total=5802)
2026/06/08 11:12:32 [BUSY] rejected from [::1]:40554 (total=5803)
2026/06/08 11:12:32 [BUSY] rejected from [::1]:40558 (total=5804)
2026/06/08 11:12:32 [BUSY] rejected from [::1]:40570 (total=5805)
2026/06/08 11:12:32 [BUSY] rejected from [::1]:40576 (total=5806)
2026/06/08 11:12:32 [BUSY] rejected from [::1]:40578 (total=5807)
2026/06/08 11:12:32 [BUSY] rejected from [::1]:40586 (total=5808)
2026/06/08 11:12:32 [BUSY] rejected from [::1]:40602 (total=5809)
2026/06/08 11:12:32 [BUSY] rejected from [::1]:40612 (total=5810)
2026/06/08 11:12:32 [BUSY] rejected from [::1]:40622 (total=5811)
2026/06/08 11:12:32 [BUSY] rejected from [::1]:40636 (total=5812)
2026/06/08 11:12:32 [BUSY] rejected from [::1]:40638 (total=5813)
2026/06/08 11:12:32 [BUSY] rejected from [::1]:36408 (total=5814)
2026/06/08 11:12:32 [BUSY] rejected from [::1]:36414 (total=5815)
2026/06/08 11:12:32 [BUSY] rejected from [::1]:36418 (total=5816)
2026/06/08 11:12:32 [BUSY] rejected from [::1]:36422 (total=5817)
2026/06/08 11:12:32 [BUSY] rejected from [::1]:36426 (total=5818)
2026/06/08 11:12:32 [BUSY] rejected from [::1]:36436 (total=5819)
2026/06/08 11:12:32 [BUSY] rejected from [::1]:36446 (total=5820)
2026/06/08 11:12:32 [BUSY] rejected from [::1]:36462 (total=5821)
2026/06/08 11:12:32 [BUSY] rejected from [::1]:36476 (total=5822)
2026/06/08 11:12:32 [BUSY] rejected from [::1]:36492 (total=5823)
2026/06/08 11:12:32 [BUSY] rejected from [::1]:36504 (total=5824)
2026/06/08 11:12:32 [BUSY] rejected from [::1]:36518 (total=5825)
2026/06/08 11:12:32 [BUSY] rejected from [::1]:36520 (total=5826)
2026/06/08 11:12:32 [BUSY] rejected from [::1]:36532 (total=5827)
2026/06/08 11:12:32 [BUSY] rejected from [::1]:36536 (total=5828)
2026/06/08 11:12:32 [BUSY] rejected from [::1]:36552 (total=5829)
2026/06/08 11:12:32 [BUSY] rejected from [::1]:36554 (total=5830)
2026/06/08 11:12:32 [BUSY] rejected from [::1]:36558 (total=5831)
2026/06/08 11:12:32 [BUSY] rejected from [::1]:36572 (total=5832)
2026/06/08 11:12:32 [BUSY] rejected from [::1]:36588 (total=5833)
2026/06/08 11:12:32 [BUSY] rejected from [::1]:36590 (total=5834)
2026/06/08 11:12:32 [BUSY] rejected from [::1]:36600 (total=5835)
2026/06/08 11:12:32 [BUSY] rejected from [::1]:36606 (total=5836)
2026/06/08 11:12:32 [BUSY] rejected from [::1]:36616 (total=5837)
2026/06/08 11:12:32 [BUSY] rejected from [::1]:36622 (total=5838)
2026/06/08 11:12:32 [BUSY] rejected from [::1]:36624 (total=5839)
2026/06/08 11:12:32 [BUSY] rejected from [::1]:36626 (total=5840)
2026/06/08 11:12:32 [BUSY] rejected from [::1]:36630 (total=5841)
2026/06/08 11:12:32 [BUSY] rejected from [::1]:36636 (total=5842)
2026/06/08 11:12:32 [BUSY] rejected from [::1]:36646 (total=5843)
2026/06/08 11:12:32 [BUSY] rejected from [::1]:36650 (total=5844)
2026/06/08 11:12:32 [BUSY] rejected from [::1]:36654 (total=5845)
2026/06/08 11:12:32 [BUSY] rejected from [::1]:36670 (total=5846)
2026/06/08 11:12:32 [BUSY] rejected from [::1]:36674 (total=5847)
2026/06/08 11:12:32 [BUSY] rejected from [::1]:36676 (total=5848)
2026/06/08 11:12:32 [BUSY] rejected from [::1]:36686 (total=5849)
2026/06/08 11:12:32 [BUSY] rejected from [::1]:36702 (total=5850)
2026/06/08 11:12:32 [BUSY] rejected from [::1]:36704 (total=5851)
2026/06/08 11:12:32 [BUSY] rejected from [::1]:36708 (total=5852)
2026/06/08 11:12:32 [BUSY] rejected from [::1]:36720 (total=5853)
2026/06/08 11:12:32 [BUSY] rejected from [::1]:36732 (total=5854)
2026/06/08 11:12:32 [BUSY] rejected from [::1]:36736 (total=5855)
2026/06/08 11:12:32 [BUSY] rejected from [::1]:36748 (total=5856)
2026/06/08 11:12:32 [BUSY] rejected from [::1]:36752 (total=5857)
2026/06/08 11:12:32 [BUSY] rejected from [::1]:36760 (total=5858)
2026/06/08 11:12:32 [BUSY] rejected from [::1]:36770 (total=5859)
2026/06/08 11:12:32 [BUSY] rejected from [::1]:36786 (total=5860)
2026/06/08 11:12:32 [BUSY] rejected from [::1]:36792 (total=5861)
2026/06/08 11:12:32 [BUSY] rejected from [::1]:36802 (total=5862)
2026/06/08 11:12:32 [BUSY] rejected from [::1]:36808 (total=5863)
2026/06/08 11:12:32 [BUSY] rejected from [::1]:36810 (total=5864)
2026/06/08 11:12:32 [BUSY] rejected from [::1]:36818 (total=5865)
2026/06/08 11:12:32 [BUSY] rejected from [::1]:36820 (total=5866)
2026/06/08 11:12:32 [BUSY] rejected from [::1]:36824 (total=5867)
2026/06/08 11:12:32 [BUSY] rejected from [::1]:36830 (total=5868)
2026/06/08 11:12:32 [BUSY] rejected from [::1]:36844 (total=5869)
2026/06/08 11:12:32 [BUSY] rejected from [::1]:36852 (total=5870)
2026/06/08 11:12:32 [BUSY] rejected from [::1]:36854 (total=5871)
2026/06/08 11:12:32 [BUSY] rejected from [::1]:36864 (total=5872)
2026/06/08 11:12:32 [BUSY] rejected from [::1]:36872 (total=5873)
2026/06/08 11:12:32 [BUSY] rejected from [::1]:36878 (total=5874)
2026/06/08 11:12:32 [BUSY] rejected from [::1]:36884 (total=5875)
2026/06/08 11:12:32 [BUSY] rejected from [::1]:36888 (total=5876)
2026/06/08 11:12:32 [BUSY] rejected from [::1]:36892 (total=5877)
2026/06/08 11:12:32 [BUSY] rejected from [::1]:36896 (total=5878)
2026/06/08 11:12:32 [BUSY] rejected from [::1]:36912 (total=5879)
2026/06/08 11:12:32 [BUSY] rejected from [::1]:36918 (total=5880)
2026/06/08 11:12:32 [BUSY] rejected from [::1]:36930 (total=5881)
2026/06/08 11:12:32 [BUSY] rejected from [::1]:36936 (total=5882)
2026/06/08 11:12:32 [BUSY] rejected from [::1]:36942 (total=5883)
2026/06/08 11:12:32 [BUSY] rejected from [::1]:36954 (total=5884)
2026/06/08 11:12:32 [BUSY] rejected from [::1]:36962 (total=5885)
2026/06/08 11:12:32 [BUSY] rejected from [::1]:36964 (total=5886)
2026/06/08 11:12:32 [BUSY] rejected from [::1]:36976 (total=5887)
2026/06/08 11:12:32 [BUSY] rejected from [::1]:36988 (total=5888)
2026/06/08 11:12:32 [BUSY] rejected from [::1]:36994 (total=5889)
2026/06/08 11:12:32 [BUSY] rejected from [::1]:36996 (total=5890)
2026/06/08 11:12:32 [BUSY] rejected from [::1]:37000 (total=5891)
2026/06/08 11:12:32 [BUSY] rejected from [::1]:37006 (total=5892)
2026/06/08 11:12:32 [BUSY] rejected from [::1]:37016 (total=5893)
2026/06/08 11:12:32 [BUSY] rejected from [::1]:37026 (total=5894)
2026/06/08 11:12:32 [BUSY] rejected from [::1]:37034 (total=5895)
2026/06/08 11:12:32 [BUSY] rejected from [::1]:37040 (total=5896)
2026/06/08 11:12:32 [BUSY] rejected from [::1]:37046 (total=5897)
2026/06/08 11:12:32 [BUSY] rejected from [::1]:37052 (total=5898)
2026/06/08 11:12:32 [BUSY] rejected from [::1]:37066 (total=5899)
2026/06/08 11:12:32 [BUSY] rejected from [::1]:37076 (total=5900)
2026/06/08 11:12:32 [BUSY] rejected from [::1]:37082 (total=5901)
2026/06/08 11:12:32 [BUSY] rejected from [::1]:37098 (total=5902)
2026/06/08 11:12:32 [BUSY] rejected from [::1]:37104 (total=5903)
2026/06/08 11:12:32 [BUSY] rejected from [::1]:37106 (total=5904)
2026/06/08 11:12:32 [BUSY] rejected from [::1]:37118 (total=5905)
2026/06/08 11:12:32 [BUSY] rejected from [::1]:37134 (total=5906)
2026/06/08 11:12:32 [BUSY] rejected from [::1]:37144 (total=5907)
2026/06/08 11:12:32 [BUSY] rejected from [::1]:37154 (total=5908)
2026/06/08 11:12:32 [BUSY] rejected from [::1]:37160 (total=5909)
2026/06/08 11:12:32 [BUSY] rejected from [::1]:37174 (total=5910)
2026/06/08 11:12:32 [BUSY] rejected from [::1]:37188 (total=5911)
2026/06/08 11:12:32 [BUSY] rejected from [::1]:37202 (total=5912)
2026/06/08 11:12:32 [BUSY] rejected from [::1]:37208 (total=5913)
2026/06/08 11:12:32 [BUSY] rejected from [::1]:37210 (total=5914)
2026/06/08 11:12:32 [BUSY] rejected from [::1]:37224 (total=5915)
2026/06/08 11:12:32 [BUSY] rejected from [::1]:37240 (total=5916)
2026/06/08 11:12:32 [BUSY] rejected from [::1]:37256 (total=5917)
2026/06/08 11:12:32 [BUSY] rejected from [::1]:37260 (total=5918)
2026/06/08 11:12:32 [BUSY] rejected from [::1]:37274 (total=5919)
2026/06/08 11:12:32 [BUSY] rejected from [::1]:37278 (total=5920)
2026/06/08 11:12:32 [BUSY] rejected from [::1]:37294 (total=5921)
2026/06/08 11:12:32 [BUSY] rejected from [::1]:37304 (total=5922)
2026/06/08 11:12:32 [BUSY] rejected from [::1]:37310 (total=5923)
2026/06/08 11:12:32 [BUSY] rejected from [::1]:37324 (total=5924)
2026/06/08 11:12:32 [BUSY] rejected from [::1]:37330 (total=5925)
2026/06/08 11:12:32 [BUSY] rejected from [::1]:37338 (total=5926)
2026/06/08 11:12:32 [BUSY] rejected from [::1]:37352 (total=5927)
2026/06/08 11:12:32 [BUSY] rejected from [::1]:37358 (total=5928)
2026/06/08 11:12:32 [BUSY] rejected from [::1]:37368 (total=5929)
2026/06/08 11:12:32 [BUSY] rejected from [::1]:37380 (total=5930)
2026/06/08 11:12:32 [BUSY] rejected from [::1]:37384 (total=5931)
2026/06/08 11:12:32 [BUSY] rejected from [::1]:37396 (total=5932)
2026/06/08 11:12:32 [BUSY] rejected from [::1]:37410 (total=5933)
2026/06/08 11:12:32 [BUSY] rejected from [::1]:37414 (total=5934)
2026/06/08 11:12:32 [BUSY] rejected from [::1]:37430 (total=5935)
2026/06/08 11:12:32 [BUSY] rejected from [::1]:37444 (total=5936)
2026/06/08 11:12:32 [BUSY] rejected from [::1]:37446 (total=5937)
2026/06/08 11:12:32 [BUSY] rejected from [::1]:37450 (total=5938)
2026/06/08 11:12:32 [BUSY] rejected from [::1]:37456 (total=5939)
2026/06/08 11:12:32 [BUSY] rejected from [::1]:37460 (total=5940)
2026/06/08 11:12:32 [BUSY] rejected from [::1]:37470 (total=5941)
2026/06/08 11:12:32 [BUSY] rejected from [::1]:37480 (total=5942)
2026/06/08 11:12:32 [BUSY] rejected from [::1]:37490 (total=5943)
2026/06/08 11:12:32 [BUSY] rejected from [::1]:37492 (total=5944)
2026/06/08 11:12:32 [BUSY] rejected from [::1]:37494 (total=5945)
2026/06/08 11:12:32 [BUSY] rejected from [::1]:37506 (total=5946)
2026/06/08 11:12:32 [BUSY] rejected from [::1]:37508 (total=5947)
2026/06/08 11:12:32 [BUSY] rejected from [::1]:37514 (total=5948)
2026/06/08 11:12:32 [BUSY] rejected from [::1]:37526 (total=5949)
2026/06/08 11:12:32 [BUSY] rejected from [::1]:37528 (total=5950)
2026/06/08 11:12:32 [BUSY] rejected from [::1]:37544 (total=5951)
2026/06/08 11:12:32 [BUSY] rejected from [::1]:37558 (total=5952)
2026/06/08 11:12:32 [conn 176] disconnected
2026/06/08 11:12:32 [conn 181] connected from [::1]:33086
2026/06/08 11:12:32 [conn 181] received: Hello from worker 0, package 3438, time: 1780897351885784923
2026/06/08 11:12:32 [BUSY] rejected from [::1]:37580 (total=5953)
2026/06/08 11:12:32 [conn 177] disconnected
2026/06/08 11:12:32 [conn 178] disconnected
2026/06/08 11:12:32 [conn 182] connected from [::1]:33110
2026/06/08 11:12:32 [conn 182] received: Hello from worker 0, package 3441, time: 1780897351886382304
2026/06/08 11:12:32 [conn 183] connected from [::1]:33116
2026/06/08 11:12:32 [conn 183] received: Hello from worker 0, package 3442, time: 1780897351886589081
2026/06/08 11:12:32 [conn 179] disconnected
2026/06/08 11:12:32 [conn 184] connected from [::1]:33120
2026/06/08 11:12:32 [conn 184] received: Hello from worker 0, package 3443, time: 1780897351886774679
2026/06/08 11:12:32 [conn 180] disconnected
2026/06/08 11:12:32 [conn 185] connected from [::1]:33128
2026/06/08 11:12:32 [conn 185] received: Hello from worker 0, package 3444, time: 1780897351886937825
2026/06/08 11:12:32 [BUSY] rejected from [::1]:37642 (total=5954)
2026/06/08 11:12:32 [BUSY] rejected from [::1]:37644 (total=5955)
2026/06/08 11:12:32 [BUSY] rejected from [::1]:37658 (total=5956)
2026/06/08 11:12:32 [BUSY] rejected from [::1]:37662 (total=5957)
2026/06/08 11:12:32 [BUSY] rejected from [::1]:37664 (total=5958)
2026/06/08 11:12:32 [BUSY] rejected from [::1]:37670 (total=5959)
2026/06/08 11:12:32 [BUSY] rejected from [::1]:37674 (total=5960)
2026/06/08 11:12:32 [BUSY] rejected from [::1]:37688 (total=5961)
2026/06/08 11:12:32 [BUSY] rejected from [::1]:37698 (total=5962)
2026/06/08 11:12:32 [BUSY] rejected from [::1]:37704 (total=5963)
2026/06/08 11:12:32 [BUSY] rejected from [::1]:37714 (total=5964)
2026/06/08 11:12:32 [BUSY] rejected from [::1]:37730 (total=5965)
2026/06/08 11:12:32 [BUSY] rejected from [::1]:37734 (total=5966)
2026/06/08 11:12:32 [BUSY] rejected from [::1]:37744 (total=5967)
2026/06/08 11:12:32 [BUSY] rejected from [::1]:37748 (total=5968)
2026/06/08 11:12:32 [BUSY] rejected from [::1]:37762 (total=5969)
2026/06/08 11:12:32 [BUSY] rejected from [::1]:37764 (total=5970)
2026/06/08 11:12:32 [BUSY] rejected from [::1]:37768 (total=5971)
2026/06/08 11:12:32 [BUSY] rejected from [::1]:37780 (total=5972)
2026/06/08 11:12:32 [BUSY] rejected from [::1]:37788 (total=5973)
2026/06/08 11:12:32 [BUSY] rejected from [::1]:37794 (total=5974)
2026/06/08 11:12:32 [BUSY] rejected from [::1]:37806 (total=5975)
2026/06/08 11:12:32 [BUSY] rejected from [::1]:37820 (total=5976)
2026/06/08 11:12:32 [BUSY] rejected from [::1]:37832 (total=5977)
2026/06/08 11:12:32 [BUSY] rejected from [::1]:37842 (total=5978)
2026/06/08 11:12:32 [BUSY] rejected from [::1]:37848 (total=5979)
2026/06/08 11:12:32 [BUSY] rejected from [::1]:37856 (total=5980)
2026/06/08 11:12:32 [BUSY] rejected from [::1]:37870 (total=5981)
2026/06/08 11:12:32 [BUSY] rejected from [::1]:37882 (total=5982)
2026/06/08 11:12:32 [BUSY] rejected from [::1]:37886 (total=5983)
2026/06/08 11:12:32 [BUSY] rejected from [::1]:37892 (total=5984)
2026/06/08 11:12:32 [BUSY] rejected from [::1]:37904 (total=5985)
2026/06/08 11:12:32 [BUSY] rejected from [::1]:37912 (total=5986)
2026/06/08 11:12:32 [BUSY] rejected from [::1]:37926 (total=5987)
2026/06/08 11:12:32 [BUSY] rejected from [::1]:37938 (total=5988)
2026/06/08 11:12:32 [BUSY] rejected from [::1]:37950 (total=5989)
2026/06/08 11:12:32 [BUSY] rejected from [::1]:37956 (total=5990)
2026/06/08 11:12:32 [BUSY] rejected from [::1]:37972 (total=5991)
2026/06/08 11:12:32 [BUSY] rejected from [::1]:37978 (total=5992)
2026/06/08 11:12:32 [BUSY] rejected from [::1]:37992 (total=5993)
2026/06/08 11:12:32 [BUSY] rejected from [::1]:38006 (total=5994)
2026/06/08 11:12:32 [BUSY] rejected from [::1]:38014 (total=5995)
2026/06/08 11:12:32 [BUSY] rejected from [::1]:38030 (total=5996)
2026/06/08 11:12:32 [BUSY] rejected from [::1]:38032 (total=5997)
2026/06/08 11:12:32 [BUSY] rejected from [::1]:38034 (total=5998)
2026/06/08 11:12:32 [BUSY] rejected from [::1]:38048 (total=5999)
2026/06/08 11:12:32 [BUSY] rejected from [::1]:38058 (total=6000)
2026/06/08 11:12:32 [BUSY] rejected from [::1]:38064 (total=6001)
2026/06/08 11:12:32 [BUSY] rejected from [::1]:38078 (total=6002)
2026/06/08 11:12:32 [BUSY] rejected from [::1]:38088 (total=6003)
2026/06/08 11:12:32 [BUSY] rejected from [::1]:38104 (total=6004)
2026/06/08 11:12:32 [BUSY] rejected from [::1]:38116 (total=6005)
2026/06/08 11:12:32 [BUSY] rejected from [::1]:38126 (total=6006)
2026/06/08 11:12:32 [BUSY] rejected from [::1]:38142 (total=6007)
2026/06/08 11:12:32 [BUSY] rejected from [::1]:38154 (total=6008)
2026/06/08 11:12:32 [BUSY] rejected from [::1]:38164 (total=6009)
2026/06/08 11:12:32 [BUSY] rejected from [::1]:38178 (total=6010)
2026/06/08 11:12:32 [BUSY] rejected from [::1]:38188 (total=6011)
2026/06/08 11:12:32 [BUSY] rejected from [::1]:38196 (total=6012)
2026/06/08 11:12:32 [BUSY] rejected from [::1]:38208 (total=6013)
2026/06/08 11:12:32 [BUSY] rejected from [::1]:38210 (total=6014)
2026/06/08 11:12:32 [BUSY] rejected from [::1]:38218 (total=6015)
2026/06/08 11:12:32 [BUSY] rejected from [::1]:38226 (total=6016)
2026/06/08 11:12:32 [BUSY] rejected from [::1]:38228 (total=6017)
2026/06/08 11:12:32 [BUSY] rejected from [::1]:38238 (total=6018)
2026/06/08 11:12:32 [BUSY] rejected from [::1]:38240 (total=6019)
2026/06/08 11:12:32 [BUSY] rejected from [::1]:38246 (total=6020)
2026/06/08 11:12:32 [BUSY] rejected from [::1]:38254 (total=6021)
2026/06/08 11:12:32 [BUSY] rejected from [::1]:38256 (total=6022)
2026/06/08 11:12:32 [BUSY] rejected from [::1]:38268 (total=6023)
2026/06/08 11:12:32 [BUSY] rejected from [::1]:38272 (total=6024)
2026/06/08 11:12:32 [BUSY] rejected from [::1]:38282 (total=6025)
2026/06/08 11:12:32 [BUSY] rejected from [::1]:38292 (total=6026)
2026/06/08 11:12:32 [BUSY] rejected from [::1]:38304 (total=6027)
2026/06/08 11:12:32 [BUSY] rejected from [::1]:38308 (total=6028)
2026/06/08 11:12:32 [BUSY] rejected from [::1]:38324 (total=6029)
2026/06/08 11:12:32 [BUSY] rejected from [::1]:38326 (total=6030)
2026/06/08 11:12:32 [BUSY] rejected from [::1]:38332 (total=6031)
2026/06/08 11:12:32 [BUSY] rejected from [::1]:38346 (total=6032)
2026/06/08 11:12:32 [BUSY] rejected from [::1]:38354 (total=6033)
2026/06/08 11:12:32 [BUSY] rejected from [::1]:38370 (total=6034)
2026/06/08 11:12:32 [BUSY] rejected from [::1]:38380 (total=6035)
2026/06/08 11:12:32 [BUSY] rejected from [::1]:38396 (total=6036)
2026/06/08 11:12:32 [BUSY] rejected from [::1]:38404 (total=6037)
2026/06/08 11:12:32 [BUSY] rejected from [::1]:38420 (total=6038)
2026/06/08 11:12:32 [BUSY] rejected from [::1]:38428 (total=6039)
2026/06/08 11:12:32 [BUSY] rejected from [::1]:38444 (total=6040)
2026/06/08 11:12:32 [BUSY] rejected from [::1]:38448 (total=6041)
2026/06/08 11:12:32 [BUSY] rejected from [::1]:38462 (total=6042)
2026/06/08 11:12:32 [BUSY] rejected from [::1]:38468 (total=6043)
2026/06/08 11:12:32 [BUSY] rejected from [::1]:38484 (total=6044)
2026/06/08 11:12:32 [BUSY] rejected from [::1]:38490 (total=6045)
2026/06/08 11:12:32 [BUSY] rejected from [::1]:38494 (total=6046)
2026/06/08 11:12:32 [BUSY] rejected from [::1]:38506 (total=6047)
2026/06/08 11:12:32 [BUSY] rejected from [::1]:38508 (total=6048)
2026/06/08 11:12:32 [BUSY] rejected from [::1]:38510 (total=6049)
2026/06/08 11:12:32 [BUSY] rejected from [::1]:38512 (total=6050)
2026/06/08 11:12:32 [BUSY] rejected from [::1]:38516 (total=6051)
2026/06/08 11:12:32 [BUSY] rejected from [::1]:38528 (total=6052)
2026/06/08 11:12:32 [BUSY] rejected from [::1]:38536 (total=6053)
2026/06/08 11:12:32 [BUSY] rejected from [::1]:38540 (total=6054)
2026/06/08 11:12:32 [BUSY] rejected from [::1]:38552 (total=6055)
2026/06/08 11:12:32 [BUSY] rejected from [::1]:38564 (total=6056)
2026/06/08 11:12:32 [BUSY] rejected from [::1]:38570 (total=6057)
2026/06/08 11:12:32 [BUSY] rejected from [::1]:38572 (total=6058)
2026/06/08 11:12:32 [BUSY] rejected from [::1]:38584 (total=6059)
2026/06/08 11:12:32 [BUSY] rejected from [::1]:38594 (total=6060)
2026/06/08 11:12:32 [BUSY] rejected from [::1]:38602 (total=6061)
2026/06/08 11:12:32 [BUSY] rejected from [::1]:38606 (total=6062)
2026/06/08 11:12:32 [BUSY] rejected from [::1]:38612 (total=6063)
2026/06/08 11:12:32 [BUSY] rejected from [::1]:38622 (total=6064)
2026/06/08 11:12:32 [BUSY] rejected from [::1]:38632 (total=6065)
2026/06/08 11:12:32 [BUSY] rejected from [::1]:38642 (total=6066)
2026/06/08 11:12:32 [BUSY] rejected from [::1]:38656 (total=6067)
2026/06/08 11:12:32 [BUSY] rejected from [::1]:38666 (total=6068)
2026/06/08 11:12:32 [BUSY] rejected from [::1]:38672 (total=6069)
2026/06/08 11:12:32 [BUSY] rejected from [::1]:38678 (total=6070)
2026/06/08 11:12:32 [BUSY] rejected from [::1]:38682 (total=6071)
2026/06/08 11:12:32 [BUSY] rejected from [::1]:38692 (total=6072)
2026/06/08 11:12:32 [BUSY] rejected from [::1]:38702 (total=6073)
2026/06/08 11:12:32 [BUSY] rejected from [::1]:38714 (total=6074)
2026/06/08 11:12:32 [BUSY] rejected from [::1]:38722 (total=6075)
2026/06/08 11:12:32 [BUSY] rejected from [::1]:38730 (total=6076)
2026/06/08 11:12:32 [BUSY] rejected from [::1]:38736 (total=6077)
2026/06/08 11:12:32 [BUSY] rejected from [::1]:38740 (total=6078)
2026/06/08 11:12:32 [BUSY] rejected from [::1]:38754 (total=6079)
2026/06/08 11:12:32 [BUSY] rejected from [::1]:38768 (total=6080)
2026/06/08 11:12:32 [BUSY] rejected from [::1]:38784 (total=6081)
2026/06/08 11:12:32 [BUSY] rejected from [::1]:38786 (total=6082)
2026/06/08 11:12:32 [BUSY] rejected from [::1]:38790 (total=6083)
2026/06/08 11:12:32 [BUSY] rejected from [::1]:38794 (total=6084)
2026/06/08 11:12:32 [BUSY] rejected from [::1]:38806 (total=6085)
2026/06/08 11:12:32 [BUSY] rejected from [::1]:38818 (total=6086)
2026/06/08 11:12:32 [BUSY] rejected from [::1]:38828 (total=6087)
2026/06/08 11:12:32 [BUSY] rejected from [::1]:38838 (total=6088)
2026/06/08 11:12:32 [BUSY] rejected from [::1]:38850 (total=6089)
2026/06/08 11:12:32 [BUSY] rejected from [::1]:38856 (total=6090)
2026/06/08 11:12:32 [BUSY] rejected from [::1]:38858 (total=6091)
2026/06/08 11:12:32 [BUSY] rejected from [::1]:38870 (total=6092)
2026/06/08 11:12:32 [BUSY] rejected from [::1]:38886 (total=6093)
2026/06/08 11:12:32 [BUSY] rejected from [::1]:38902 (total=6094)
2026/06/08 11:12:32 [BUSY] rejected from [::1]:38912 (total=6095)
2026/06/08 11:12:32 [BUSY] rejected from [::1]:38928 (total=6096)
2026/06/08 11:12:32 [BUSY] rejected from [::1]:38942 (total=6097)
2026/06/08 11:12:32 [BUSY] rejected from [::1]:38944 (total=6098)
2026/06/08 11:12:32 [BUSY] rejected from [::1]:38960 (total=6099)
2026/06/08 11:12:32 [BUSY] rejected from [::1]:38966 (total=6100)
2026/06/08 11:12:32 [BUSY] rejected from [::1]:38970 (total=6101)
2026/06/08 11:12:32 [BUSY] rejected from [::1]:38974 (total=6102)
2026/06/08 11:12:32 [BUSY] rejected from [::1]:38982 (total=6103)
2026/06/08 11:12:32 [BUSY] rejected from [::1]:38996 (total=6104)
2026/06/08 11:12:32 [BUSY] rejected from [::1]:39000 (total=6105)
2026/06/08 11:12:32 [BUSY] rejected from [::1]:39016 (total=6106)
2026/06/08 11:12:32 [BUSY] rejected from [::1]:39024 (total=6107)
2026/06/08 11:12:32 [BUSY] rejected from [::1]:39028 (total=6108)
2026/06/08 11:12:32 [BUSY] rejected from [::1]:39038 (total=6109)
2026/06/08 11:12:32 [BUSY] rejected from [::1]:39054 (total=6110)
2026/06/08 11:12:32 [BUSY] rejected from [::1]:39060 (total=6111)
2026/06/08 11:12:32 [BUSY] rejected from [::1]:39072 (total=6112)
2026/06/08 11:12:32 [BUSY] rejected from [::1]:39082 (total=6113)
2026/06/08 11:12:32 [BUSY] rejected from [::1]:39096 (total=6114)
2026/06/08 11:12:32 [BUSY] rejected from [::1]:39100 (total=6115)
2026/06/08 11:12:32 [BUSY] rejected from [::1]:39110 (total=6116)
2026/06/08 11:12:32 [BUSY] rejected from [::1]:39114 (total=6117)
2026/06/08 11:12:32 [BUSY] rejected from [::1]:39122 (total=6118)
2026/06/08 11:12:32 [BUSY] rejected from [::1]:39126 (total=6119)
2026/06/08 11:12:32 [BUSY] rejected from [::1]:39136 (total=6120)
2026/06/08 11:12:32 [BUSY] rejected from [::1]:39152 (total=6121)
2026/06/08 11:12:32 [BUSY] rejected from [::1]:39162 (total=6122)
2026/06/08 11:12:32 [BUSY] rejected from [::1]:39170 (total=6123)
2026/06/08 11:12:32 [BUSY] rejected from [::1]:39182 (total=6124)
2026/06/08 11:12:32 [BUSY] rejected from [::1]:39190 (total=6125)
2026/06/08 11:12:32 [BUSY] rejected from [::1]:39200 (total=6126)
2026/06/08 11:12:32 [BUSY] rejected from [::1]:39206 (total=6127)
2026/06/08 11:12:32 [BUSY] rejected from [::1]:39212 (total=6128)
2026/06/08 11:12:32 [BUSY] rejected from [::1]:39218 (total=6129)
2026/06/08 11:12:32 [BUSY] rejected from [::1]:39226 (total=6130)
2026/06/08 11:12:32 [BUSY] rejected from [::1]:39232 (total=6131)
2026/06/08 11:12:32 [BUSY] rejected from [::1]:39236 (total=6132)
2026/06/08 11:12:32 [BUSY] rejected from [::1]:39244 (total=6133)
2026/06/08 11:12:32 [BUSY] rejected from [::1]:39250 (total=6134)
2026/06/08 11:12:32 [BUSY] rejected from [::1]:39252 (total=6135)
2026/06/08 11:12:32 [BUSY] rejected from [::1]:39256 (total=6136)
2026/06/08 11:12:32 [BUSY] rejected from [::1]:39270 (total=6137)
2026/06/08 11:12:32 [BUSY] rejected from [::1]:39284 (total=6138)
2026/06/08 11:12:32 [BUSY] rejected from [::1]:39286 (total=6139)
2026/06/08 11:12:32 [BUSY] rejected from [::1]:39294 (total=6140)
2026/06/08 11:12:32 [BUSY] rejected from [::1]:39298 (total=6141)
2026/06/08 11:12:32 [BUSY] rejected from [::1]:39300 (total=6142)
2026/06/08 11:12:32 [BUSY] rejected from [::1]:39304 (total=6143)
2026/06/08 11:12:32 [BUSY] rejected from [::1]:39308 (total=6144)
2026/06/08 11:12:32 [BUSY] rejected from [::1]:39324 (total=6145)
2026/06/08 11:12:32 [BUSY] rejected from [::1]:39338 (total=6146)
2026/06/08 11:12:32 [BUSY] rejected from [::1]:39342 (total=6147)
2026/06/08 11:12:32 [BUSY] rejected from [::1]:39356 (total=6148)
2026/06/08 11:12:32 [BUSY] rejected from [::1]:39370 (total=6149)
2026/06/08 11:12:32 [BUSY] rejected from [::1]:39380 (total=6150)
2026/06/08 11:12:32 [BUSY] rejected from [::1]:39390 (total=6151)
2026/06/08 11:12:32 [BUSY] rejected from [::1]:39396 (total=6152)
2026/06/08 11:12:32 [BUSY] rejected from [::1]:39402 (total=6153)
2026/06/08 11:12:32 [BUSY] rejected from [::1]:39418 (total=6154)
2026/06/08 11:12:32 [BUSY] rejected from [::1]:39434 (total=6155)
2026/06/08 11:12:32 [BUSY] rejected from [::1]:39448 (total=6156)
2026/06/08 11:12:32 [BUSY] rejected from [::1]:39464 (total=6157)
2026/06/08 11:12:32 [BUSY] rejected from [::1]:39476 (total=6158)
2026/06/08 11:12:32 [BUSY] rejected from [::1]:39480 (total=6159)
2026/06/08 11:12:32 [BUSY] rejected from [::1]:39496 (total=6160)
2026/06/08 11:12:32 [BUSY] rejected from [::1]:39510 (total=6161)
2026/06/08 11:12:32 [BUSY] rejected from [::1]:39526 (total=6162)
2026/06/08 11:12:32 [BUSY] rejected from [::1]:39542 (total=6163)
2026/06/08 11:12:32 [BUSY] rejected from [::1]:39554 (total=6164)
2026/06/08 11:12:32 [BUSY] rejected from [::1]:39568 (total=6165)
2026/06/08 11:12:32 [BUSY] rejected from [::1]:39578 (total=6166)
2026/06/08 11:12:32 [BUSY] rejected from [::1]:39594 (total=6167)
2026/06/08 11:12:32 [BUSY] rejected from [::1]:39604 (total=6168)
2026/06/08 11:12:32 [BUSY] rejected from [::1]:39606 (total=6169)
2026/06/08 11:12:32 [BUSY] rejected from [::1]:39610 (total=6170)
2026/06/08 11:12:32 [BUSY] rejected from [::1]:39614 (total=6171)
2026/06/08 11:12:32 [BUSY] rejected from [::1]:39628 (total=6172)
2026/06/08 11:12:32 [BUSY] rejected from [::1]:39636 (total=6173)
2026/06/08 11:12:32 [BUSY] rejected from [::1]:39644 (total=6174)
2026/06/08 11:12:32 [BUSY] rejected from [::1]:39654 (total=6175)
2026/06/08 11:12:32 [BUSY] rejected from [::1]:39662 (total=6176)
2026/06/08 11:12:32 [BUSY] rejected from [::1]:39672 (total=6177)
2026/06/08 11:12:32 [BUSY] rejected from [::1]:39674 (total=6178)
2026/06/08 11:12:32 [BUSY] rejected from [::1]:39686 (total=6179)
2026/06/08 11:12:32 [BUSY] rejected from [::1]:39700 (total=6180)
2026/06/08 11:12:32 [BUSY] rejected from [::1]:39710 (total=6181)
2026/06/08 11:12:32 [BUSY] rejected from [::1]:39712 (total=6182)
2026/06/08 11:12:32 [BUSY] rejected from [::1]:39724 (total=6183)
2026/06/08 11:12:32 [BUSY] rejected from [::1]:39730 (total=6184)
2026/06/08 11:12:32 [BUSY] rejected from [::1]:39736 (total=6185)
2026/06/08 11:12:32 [BUSY] rejected from [::1]:39738 (total=6186)
2026/06/08 11:12:32 [BUSY] rejected from [::1]:39754 (total=6187)
2026/06/08 11:12:32 [BUSY] rejected from [::1]:39758 (total=6188)
2026/06/08 11:12:32 [BUSY] rejected from [::1]:39766 (total=6189)
2026/06/08 11:12:32 [BUSY] rejected from [::1]:39782 (total=6190)
2026/06/08 11:12:32 [BUSY] rejected from [::1]:39796 (total=6191)
2026/06/08 11:12:32 [BUSY] rejected from [::1]:39812 (total=6192)
2026/06/08 11:12:32 [BUSY] rejected from [::1]:39814 (total=6193)
2026/06/08 11:12:32 [BUSY] rejected from [::1]:39830 (total=6194)
2026/06/08 11:12:32 [BUSY] rejected from [::1]:39846 (total=6195)
2026/06/08 11:12:32 [BUSY] rejected from [::1]:39854 (total=6196)
2026/06/08 11:12:32 [BUSY] rejected from [::1]:39864 (total=6197)
2026/06/08 11:12:32 [BUSY] rejected from [::1]:39880 (total=6198)
2026/06/08 11:12:32 [BUSY] rejected from [::1]:39896 (total=6199)
2026/06/08 11:12:32 [BUSY] rejected from [::1]:39904 (total=6200)
2026/06/08 11:12:32 [BUSY] rejected from [::1]:39906 (total=6201)
2026/06/08 11:12:32 [BUSY] rejected from [::1]:39910 (total=6202)
2026/06/08 11:12:32 [BUSY] rejected from [::1]:39912 (total=6203)
2026/06/08 11:12:32 [BUSY] rejected from [::1]:39922 (total=6204)
2026/06/08 11:12:32 [BUSY] rejected from [::1]:39938 (total=6205)
2026/06/08 11:12:32 [BUSY] rejected from [::1]:39942 (total=6206)
2026/06/08 11:12:32 [BUSY] rejected from [::1]:39952 (total=6207)
2026/06/08 11:12:32 [BUSY] rejected from [::1]:39964 (total=6208)
2026/06/08 11:12:32 [BUSY] rejected from [::1]:39974 (total=6209)
2026/06/08 11:12:32 [BUSY] rejected from [::1]:39986 (total=6210)
2026/06/08 11:12:32 [BUSY] rejected from [::1]:39988 (total=6211)
2026/06/08 11:12:32 [BUSY] rejected from [::1]:40004 (total=6212)
2026/06/08 11:12:32 [BUSY] rejected from [::1]:40010 (total=6213)
2026/06/08 11:12:32 [BUSY] rejected from [::1]:40016 (total=6214)
2026/06/08 11:12:32 [BUSY] rejected from [::1]:40030 (total=6215)
2026/06/08 11:12:32 [BUSY] rejected from [::1]:40036 (total=6216)
2026/06/08 11:12:32 [BUSY] rejected from [::1]:40038 (total=6217)
2026/06/08 11:12:32 [BUSY] rejected from [::1]:40042 (total=6218)
2026/06/08 11:12:32 [BUSY] rejected from [::1]:40044 (total=6219)
2026/06/08 11:12:32 [BUSY] rejected from [::1]:40048 (total=6220)
2026/06/08 11:12:32 [BUSY] rejected from [::1]:40056 (total=6221)
2026/06/08 11:12:32 [BUSY] rejected from [::1]:40062 (total=6222)
2026/06/08 11:12:32 [BUSY] rejected from [::1]:40066 (total=6223)
2026/06/08 11:12:32 [BUSY] rejected from [::1]:40080 (total=6224)
2026/06/08 11:12:32 [BUSY] rejected from [::1]:40088 (total=6225)
2026/06/08 11:12:32 [BUSY] rejected from [::1]:40102 (total=6226)
2026/06/08 11:12:32 [BUSY] rejected from [::1]:40110 (total=6227)
2026/06/08 11:12:32 [BUSY] rejected from [::1]:40112 (total=6228)
2026/06/08 11:12:32 [BUSY] rejected from [::1]:40126 (total=6229)
2026/06/08 11:12:32 [BUSY] rejected from [::1]:40136 (total=6230)
2026/06/08 11:12:32 [BUSY] rejected from [::1]:40140 (total=6231)
2026/06/08 11:12:32 [BUSY] rejected from [::1]:40154 (total=6232)
2026/06/08 11:12:32 [BUSY] rejected from [::1]:40158 (total=6233)
2026/06/08 11:12:32 [BUSY] rejected from [::1]:40164 (total=6234)
2026/06/08 11:12:32 [BUSY] rejected from [::1]:40172 (total=6235)
2026/06/08 11:12:32 [BUSY] rejected from [::1]:40180 (total=6236)
2026/06/08 11:12:32 [BUSY] rejected from [::1]:40190 (total=6237)
2026/06/08 11:12:32 [BUSY] rejected from [::1]:40202 (total=6238)
2026/06/08 11:12:32 [BUSY] rejected from [::1]:40204 (total=6239)
2026/06/08 11:12:32 [BUSY] rejected from [::1]:40208 (total=6240)
2026/06/08 11:12:32 [BUSY] rejected from [::1]:40218 (total=6241)
2026/06/08 11:12:32 [BUSY] rejected from [::1]:40226 (total=6242)
2026/06/08 11:12:32 [BUSY] rejected from [::1]:40228 (total=6243)
2026/06/08 11:12:32 [BUSY] rejected from [::1]:40230 (total=6244)
2026/06/08 11:12:32 [BUSY] rejected from [::1]:40240 (total=6245)
2026/06/08 11:12:32 [BUSY] rejected from [::1]:40248 (total=6246)
2026/06/08 11:12:32 [BUSY] rejected from [::1]:40254 (total=6247)
2026/06/08 11:12:32 [BUSY] rejected from [::1]:40258 (total=6248)
2026/06/08 11:12:32 [BUSY] rejected from [::1]:40268 (total=6249)
2026/06/08 11:12:32 [BUSY] rejected from [::1]:40276 (total=6250)
2026/06/08 11:12:32 [BUSY] rejected from [::1]:40286 (total=6251)
2026/06/08 11:12:32 [BUSY] rejected from [::1]:40302 (total=6252)
2026/06/08 11:12:32 [BUSY] rejected from [::1]:40318 (total=6253)
2026/06/08 11:12:32 [BUSY] rejected from [::1]:40320 (total=6254)
2026/06/08 11:12:32 [BUSY] rejected from [::1]:40328 (total=6255)
2026/06/08 11:12:32 [BUSY] rejected from [::1]:40340 (total=6256)
2026/06/08 11:12:32 [BUSY] rejected from [::1]:40342 (total=6257)
2026/06/08 11:12:32 [BUSY] rejected from [::1]:40358 (total=6258)
2026/06/08 11:12:32 [BUSY] rejected from [::1]:40372 (total=6259)
2026/06/08 11:12:32 [BUSY] rejected from [::1]:40388 (total=6260)
2026/06/08 11:12:32 [BUSY] rejected from [::1]:40398 (total=6261)
2026/06/08 11:12:32 [BUSY] rejected from [::1]:40400 (total=6262)
2026/06/08 11:12:32 [BUSY] rejected from [::1]:40410 (total=6263)
2026/06/08 11:12:32 [BUSY] rejected from [::1]:40416 (total=6264)
2026/06/08 11:12:32 [BUSY] rejected from [::1]:40424 (total=6265)
2026/06/08 11:12:32 [BUSY] rejected from [::1]:40432 (total=6266)
2026/06/08 11:12:32 [BUSY] rejected from [::1]:40442 (total=6267)
2026/06/08 11:12:32 [BUSY] rejected from [::1]:40448 (total=6268)
2026/06/08 11:12:32 [BUSY] rejected from [::1]:40462 (total=6269)
2026/06/08 11:12:32 [BUSY] rejected from [::1]:40468 (total=6270)
2026/06/08 11:12:32 [BUSY] rejected from [::1]:40470 (total=6271)
2026/06/08 11:12:32 [BUSY] rejected from [::1]:40478 (total=6272)
2026/06/08 11:12:32 [BUSY] rejected from [::1]:40482 (total=6273)
2026/06/08 11:12:32 [BUSY] rejected from [::1]:40496 (total=6274)
2026/06/08 11:12:32 [BUSY] rejected from [::1]:40506 (total=6275)
2026/06/08 11:12:32 [BUSY] rejected from [::1]:40522 (total=6276)
2026/06/08 11:12:32 [BUSY] rejected from [::1]:40532 (total=6277)
2026/06/08 11:12:32 [BUSY] rejected from [::1]:40544 (total=6278)
2026/06/08 11:12:32 [BUSY] rejected from [::1]:40556 (total=6279)
2026/06/08 11:12:32 [BUSY] rejected from [::1]:40568 (total=6280)
2026/06/08 11:12:32 [BUSY] rejected from [::1]:40580 (total=6281)
2026/06/08 11:12:32 [BUSY] rejected from [::1]:40596 (total=6282)
2026/06/08 11:12:32 [BUSY] rejected from [::1]:40612 (total=6283)
2026/06/08 11:12:32 [BUSY] rejected from [::1]:40618 (total=6284)
2026/06/08 11:12:32 [BUSY] rejected from [::1]:40628 (total=6285)
2026/06/08 11:12:32 [BUSY] rejected from [::1]:40634 (total=6286)
2026/06/08 11:12:32 [BUSY] rejected from [::1]:40642 (total=6287)
2026/06/08 11:12:32 [BUSY] rejected from [::1]:40644 (total=6288)
2026/06/08 11:12:32 [BUSY] rejected from [::1]:40650 (total=6289)
2026/06/08 11:12:32 [BUSY] rejected from [::1]:40662 (total=6290)
2026/06/08 11:12:32 [BUSY] rejected from [::1]:40674 (total=6291)
2026/06/08 11:12:32 [BUSY] rejected from [::1]:40684 (total=6292)
2026/06/08 11:12:32 [BUSY] rejected from [::1]:40690 (total=6293)
2026/06/08 11:12:32 [BUSY] rejected from [::1]:40694 (total=6294)
2026/06/08 11:12:32 [BUSY] rejected from [::1]:40696 (total=6295)
2026/06/08 11:12:32 [BUSY] rejected from [::1]:40712 (total=6296)
2026/06/08 11:12:32 [BUSY] rejected from [::1]:40722 (total=6297)
2026/06/08 11:12:32 [BUSY] rejected from [::1]:40730 (total=6298)
2026/06/08 11:12:32 [BUSY] rejected from [::1]:40734 (total=6299)
2026/06/08 11:12:32 [BUSY] rejected from [::1]:40744 (total=6300)
2026/06/08 11:12:32 [BUSY] rejected from [::1]:40748 (total=6301)
2026/06/08 11:12:32 [BUSY] rejected from [::1]:40750 (total=6302)
2026/06/08 11:12:32 [BUSY] rejected from [::1]:40764 (total=6303)
2026/06/08 11:12:32 [BUSY] rejected from [::1]:40774 (total=6304)
2026/06/08 11:12:32 [BUSY] rejected from [::1]:40790 (total=6305)
2026/06/08 11:12:32 [BUSY] rejected from [::1]:40798 (total=6306)
2026/06/08 11:12:32 [BUSY] rejected from [::1]:40808 (total=6307)
2026/06/08 11:12:32 [BUSY] rejected from [::1]:40812 (total=6308)
2026/06/08 11:12:32 [BUSY] rejected from [::1]:40816 (total=6309)
2026/06/08 11:12:32 [BUSY] rejected from [::1]:40832 (total=6310)
2026/06/08 11:12:32 [BUSY] rejected from [::1]:40840 (total=6311)
2026/06/08 11:12:32 [BUSY] rejected from [::1]:40846 (total=6312)
2026/06/08 11:12:32 [BUSY] rejected from [::1]:40858 (total=6313)
2026/06/08 11:12:32 [BUSY] rejected from [::1]:40866 (total=6314)
2026/06/08 11:12:32 [BUSY] rejected from [::1]:40868 (total=6315)
2026/06/08 11:12:32 [BUSY] rejected from [::1]:40884 (total=6316)
2026/06/08 11:12:32 [BUSY] rejected from [::1]:40888 (total=6317)
2026/06/08 11:12:32 [BUSY] rejected from [::1]:40890 (total=6318)
2026/06/08 11:12:32 [BUSY] rejected from [::1]:40896 (total=6319)
2026/06/08 11:12:32 [BUSY] rejected from [::1]:40908 (total=6320)
2026/06/08 11:12:32 [BUSY] rejected from [::1]:40922 (total=6321)
2026/06/08 11:12:32 [BUSY] rejected from [::1]:40936 (total=6322)
2026/06/08 11:12:32 [BUSY] rejected from [::1]:40944 (total=6323)
2026/06/08 11:12:32 [BUSY] rejected from [::1]:40960 (total=6324)
2026/06/08 11:12:32 [BUSY] rejected from [::1]:40962 (total=6325)
2026/06/08 11:12:32 [BUSY] rejected from [::1]:40976 (total=6326)
2026/06/08 11:12:32 [BUSY] rejected from [::1]:40982 (total=6327)
2026/06/08 11:12:32 [BUSY] rejected from [::1]:40988 (total=6328)
2026/06/08 11:12:32 [BUSY] rejected from [::1]:41000 (total=6329)
2026/06/08 11:12:32 [BUSY] rejected from [::1]:41016 (total=6330)
2026/06/08 11:12:32 [BUSY] rejected from [::1]:41020 (total=6331)
2026/06/08 11:12:32 [BUSY] rejected from [::1]:41032 (total=6332)
2026/06/08 11:12:32 [BUSY] rejected from [::1]:41042 (total=6333)
2026/06/08 11:12:32 [BUSY] rejected from [::1]:41046 (total=6334)
2026/06/08 11:12:32 [BUSY] rejected from [::1]:41058 (total=6335)
2026/06/08 11:12:32 [BUSY] rejected from [::1]:41070 (total=6336)
2026/06/08 11:12:32 [BUSY] rejected from [::1]:41084 (total=6337)
2026/06/08 11:12:32 [BUSY] rejected from [::1]:41090 (total=6338)
2026/06/08 11:12:32 [BUSY] rejected from [::1]:41092 (total=6339)
2026/06/08 11:12:32 [BUSY] rejected from [::1]:41094 (total=6340)
2026/06/08 11:12:32 [BUSY] rejected from [::1]:41102 (total=6341)
2026/06/08 11:12:32 [BUSY] rejected from [::1]:41112 (total=6342)
2026/06/08 11:12:32 [BUSY] rejected from [::1]:41118 (total=6343)
2026/06/08 11:12:32 [BUSY] rejected from [::1]:41122 (total=6344)
2026/06/08 11:12:32 [BUSY] rejected from [::1]:41132 (total=6345)
2026/06/08 11:12:32 [BUSY] rejected from [::1]:41146 (total=6346)
2026/06/08 11:12:32 [BUSY] rejected from [::1]:41162 (total=6347)
2026/06/08 11:12:32 [BUSY] rejected from [::1]:41174 (total=6348)
2026/06/08 11:12:32 [BUSY] rejected from [::1]:41190 (total=6349)
2026/06/08 11:12:32 [BUSY] rejected from [::1]:41202 (total=6350)
2026/06/08 11:12:32 [BUSY] rejected from [::1]:41208 (total=6351)
2026/06/08 11:12:32 [BUSY] rejected from [::1]:41214 (total=6352)
2026/06/08 11:12:32 [BUSY] rejected from [::1]:41218 (total=6353)
2026/06/08 11:12:32 [BUSY] rejected from [::1]:41230 (total=6354)
2026/06/08 11:12:32 [BUSY] rejected from [::1]:41238 (total=6355)
2026/06/08 11:12:32 [BUSY] rejected from [::1]:41248 (total=6356)
2026/06/08 11:12:32 [BUSY] rejected from [::1]:41258 (total=6357)
2026/06/08 11:12:32 [BUSY] rejected from [::1]:41264 (total=6358)
2026/06/08 11:12:32 [BUSY] rejected from [::1]:41278 (total=6359)
2026/06/08 11:12:32 [BUSY] rejected from [::1]:41294 (total=6360)
2026/06/08 11:12:32 [BUSY] rejected from [::1]:41298 (total=6361)
2026/06/08 11:12:32 [BUSY] rejected from [::1]:41314 (total=6362)
2026/06/08 11:12:32 [BUSY] rejected from [::1]:41316 (total=6363)
2026/06/08 11:12:32 [BUSY] rejected from [::1]:41328 (total=6364)
2026/06/08 11:12:32 [BUSY] rejected from [::1]:41342 (total=6365)
2026/06/08 11:12:32 [BUSY] rejected from [::1]:41352 (total=6366)
2026/06/08 11:12:32 [BUSY] rejected from [::1]:41358 (total=6367)
2026/06/08 11:12:32 [BUSY] rejected from [::1]:41366 (total=6368)
2026/06/08 11:12:32 [BUSY] rejected from [::1]:41368 (total=6369)
2026/06/08 11:12:32 [BUSY] rejected from [::1]:41376 (total=6370)
2026/06/08 11:12:32 [BUSY] rejected from [::1]:41390 (total=6371)
2026/06/08 11:12:32 [BUSY] rejected from [::1]:41396 (total=6372)
2026/06/08 11:12:32 [BUSY] rejected from [::1]:41400 (total=6373)
2026/06/08 11:12:32 [BUSY] rejected from [::1]:41404 (total=6374)
2026/06/08 11:12:32 [BUSY] rejected from [::1]:41420 (total=6375)
2026/06/08 11:12:32 [BUSY] rejected from [::1]:41424 (total=6376)
2026/06/08 11:12:32 [BUSY] rejected from [::1]:41432 (total=6377)
2026/06/08 11:12:32 [BUSY] rejected from [::1]:41436 (total=6378)
2026/06/08 11:12:32 [BUSY] rejected from [::1]:41440 (total=6379)
2026/06/08 11:12:32 [BUSY] rejected from [::1]:41454 (total=6380)
2026/06/08 11:12:32 [BUSY] rejected from [::1]:41456 (total=6381)
2026/06/08 11:12:32 [BUSY] rejected from [::1]:41458 (total=6382)
2026/06/08 11:12:32 [BUSY] rejected from [::1]:41464 (total=6383)
2026/06/08 11:12:32 [BUSY] rejected from [::1]:41472 (total=6384)
2026/06/08 11:12:32 [BUSY] rejected from [::1]:41482 (total=6385)
2026/06/08 11:12:32 [BUSY] rejected from [::1]:41486 (total=6386)
2026/06/08 11:12:32 [BUSY] rejected from [::1]:41494 (total=6387)
2026/06/08 11:12:32 [BUSY] rejected from [::1]:41508 (total=6388)
2026/06/08 11:12:32 [BUSY] rejected from [::1]:41522 (total=6389)
2026/06/08 11:12:32 [BUSY] rejected from [::1]:41524 (total=6390)
2026/06/08 11:12:32 [BUSY] rejected from [::1]:41534 (total=6391)
2026/06/08 11:12:32 [BUSY] rejected from [::1]:41550 (total=6392)
2026/06/08 11:12:32 [BUSY] rejected from [::1]:41560 (total=6393)
2026/06/08 11:12:32 [BUSY] rejected from [::1]:41572 (total=6394)
2026/06/08 11:12:32 [BUSY] rejected from [::1]:41578 (total=6395)
2026/06/08 11:12:32 [BUSY] rejected from [::1]:41580 (total=6396)
2026/06/08 11:12:32 [BUSY] rejected from [::1]:41584 (total=6397)
2026/06/08 11:12:32 [BUSY] rejected from [::1]:41596 (total=6398)
2026/06/08 11:12:32 [BUSY] rejected from [::1]:41600 (total=6399)
2026/06/08 11:12:32 [BUSY] rejected from [::1]:41612 (total=6400)
2026/06/08 11:12:32 [BUSY] rejected from [::1]:41626 (total=6401)
2026/06/08 11:12:32 [BUSY] rejected from [::1]:41636 (total=6402)
2026/06/08 11:12:32 [BUSY] rejected from [::1]:41646 (total=6403)
2026/06/08 11:12:32 [BUSY] rejected from [::1]:41656 (total=6404)
2026/06/08 11:12:32 [BUSY] rejected from [::1]:41670 (total=6405)
2026/06/08 11:12:32 [BUSY] rejected from [::1]:41676 (total=6406)
2026/06/08 11:12:32 [BUSY] rejected from [::1]:41686 (total=6407)
2026/06/08 11:12:32 [BUSY] rejected from [::1]:41688 (total=6408)
2026/06/08 11:12:32 [BUSY] rejected from [::1]:41692 (total=6409)
2026/06/08 11:12:32 [BUSY] rejected from [::1]:41702 (total=6410)
2026/06/08 11:12:32 [BUSY] rejected from [::1]:41710 (total=6411)
2026/06/08 11:12:32 [BUSY] rejected from [::1]:41724 (total=6412)
2026/06/08 11:12:32 [BUSY] rejected from [::1]:41738 (total=6413)
2026/06/08 11:12:32 [BUSY] rejected from [::1]:41750 (total=6414)
2026/06/08 11:12:32 [BUSY] rejected from [::1]:41756 (total=6415)
2026/06/08 11:12:32 [BUSY] rejected from [::1]:41768 (total=6416)
2026/06/08 11:12:32 [BUSY] rejected from [::1]:41784 (total=6417)
2026/06/08 11:12:32 [BUSY] rejected from [::1]:41800 (total=6418)
2026/06/08 11:12:32 [BUSY] rejected from [::1]:41808 (total=6419)
2026/06/08 11:12:32 [BUSY] rejected from [::1]:41820 (total=6420)
2026/06/08 11:12:32 [BUSY] rejected from [::1]:41830 (total=6421)
2026/06/08 11:12:32 [BUSY] rejected from [::1]:41832 (total=6422)
2026/06/08 11:12:32 [BUSY] rejected from [::1]:41834 (total=6423)
2026/06/08 11:12:32 [BUSY] rejected from [::1]:41840 (total=6424)
2026/06/08 11:12:32 [BUSY] rejected from [::1]:41846 (total=6425)
2026/06/08 11:12:32 [BUSY] rejected from [::1]:41862 (total=6426)
2026/06/08 11:12:32 [BUSY] rejected from [::1]:41874 (total=6427)
2026/06/08 11:12:32 [BUSY] rejected from [::1]:41882 (total=6428)
2026/06/08 11:12:32 [BUSY] rejected from [::1]:41892 (total=6429)
2026/06/08 11:12:32 [BUSY] rejected from [::1]:41906 (total=6430)
2026/06/08 11:12:32 [BUSY] rejected from [::1]:41908 (total=6431)
2026/06/08 11:12:32 [BUSY] rejected from [::1]:41922 (total=6432)
2026/06/08 11:12:32 [BUSY] rejected from [::1]:41934 (total=6433)
2026/06/08 11:12:32 [BUSY] rejected from [::1]:41942 (total=6434)
2026/06/08 11:12:32 [BUSY] rejected from [::1]:41956 (total=6435)
2026/06/08 11:12:32 [BUSY] rejected from [::1]:41958 (total=6436)
2026/06/08 11:12:32 [BUSY] rejected from [::1]:41966 (total=6437)
2026/06/08 11:12:32 [BUSY] rejected from [::1]:41980 (total=6438)
2026/06/08 11:12:32 [BUSY] rejected from [::1]:41994 (total=6439)
2026/06/08 11:12:32 [BUSY] rejected from [::1]:41996 (total=6440)
2026/06/08 11:12:32 [BUSY] rejected from [::1]:42012 (total=6441)
2026/06/08 11:12:32 [conn 181] disconnected
2026/06/08 11:12:32 [conn 186] connected from [::1]:37572
2026/06/08 11:12:32 [conn 186] received: Hello from worker 0, package 3935, time: 1780897351986345232
2026/06/08 11:12:32 [conn 183] disconnected
2026/06/08 11:12:32 [conn 182] disconnected
2026/06/08 11:12:32 [conn 187] connected from [::1]:37578
2026/06/08 11:12:32 [conn 187] received: Hello from worker 0, package 3936, time: 1780897351986623644
2026/06/08 11:12:32 [conn 188] connected from [::1]:37590
2026/06/08 11:12:32 [conn 188] received: Hello from worker 0, package 3937, time: 1780897351986851401
2026/06/08 11:12:32 [conn 184] disconnected
2026/06/08 11:12:32 [conn 189] connected from [::1]:37598
2026/06/08 11:12:32 [conn 189] received: Hello from worker 0, package 3938, time: 1780897351987093105
2026/06/08 11:12:32 [conn 185] disconnected
2026/06/08 11:12:32 [conn 190] connected from [::1]:37606
2026/06/08 11:12:32 [conn 190] received: Hello from worker 0, package 3939, time: 1780897351987338144
2026/06/08 11:12:32 [BUSY] rejected from [::1]:42074 (total=6442)
2026/06/08 11:12:32 [BUSY] rejected from [::1]:42082 (total=6443)
2026/06/08 11:12:32 [BUSY] rejected from [::1]:42084 (total=6444)
2026/06/08 11:12:32 [BUSY] rejected from [::1]:42088 (total=6445)
2026/06/08 11:12:32 [BUSY] rejected from [::1]:42090 (total=6446)
2026/06/08 11:12:32 [BUSY] rejected from [::1]:42094 (total=6447)
2026/06/08 11:12:32 [BUSY] rejected from [::1]:42106 (total=6448)
2026/06/08 11:12:32 [BUSY] rejected from [::1]:42112 (total=6449)
2026/06/08 11:12:32 [BUSY] rejected from [::1]:42128 (total=6450)
2026/06/08 11:12:32 [BUSY] rejected from [::1]:42132 (total=6451)
2026/06/08 11:12:32 [BUSY] rejected from [::1]:42142 (total=6452)
2026/06/08 11:12:32 [BUSY] rejected from [::1]:42152 (total=6453)
2026/06/08 11:12:32 [BUSY] rejected from [::1]:42166 (total=6454)
2026/06/08 11:12:32 [BUSY] rejected from [::1]:42174 (total=6455)
2026/06/08 11:12:32 [BUSY] rejected from [::1]:42176 (total=6456)
2026/06/08 11:12:32 [BUSY] rejected from [::1]:42186 (total=6457)
2026/06/08 11:12:32 [BUSY] rejected from [::1]:42192 (total=6458)
2026/06/08 11:12:32 [BUSY] rejected from [::1]:42194 (total=6459)
2026/06/08 11:12:32 [BUSY] rejected from [::1]:42206 (total=6460)
2026/06/08 11:12:32 [BUSY] rejected from [::1]:42210 (total=6461)
2026/06/08 11:12:32 [BUSY] rejected from [::1]:42214 (total=6462)
2026/06/08 11:12:32 [BUSY] rejected from [::1]:42228 (total=6463)
2026/06/08 11:12:32 [BUSY] rejected from [::1]:42240 (total=6464)
2026/06/08 11:12:32 [BUSY] rejected from [::1]:42244 (total=6465)
2026/06/08 11:12:32 [BUSY] rejected from [::1]:42248 (total=6466)
2026/06/08 11:12:32 [BUSY] rejected from [::1]:42252 (total=6467)
2026/06/08 11:12:32 [BUSY] rejected from [::1]:42264 (total=6468)
2026/06/08 11:12:32 [BUSY] rejected from [::1]:42280 (total=6469)
2026/06/08 11:12:32 [BUSY] rejected from [::1]:42294 (total=6470)
2026/06/08 11:12:32 [BUSY] rejected from [::1]:42300 (total=6471)
2026/06/08 11:12:32 [BUSY] rejected from [::1]:42316 (total=6472)
2026/06/08 11:12:32 [BUSY] rejected from [::1]:42330 (total=6473)
2026/06/08 11:12:32 [BUSY] rejected from [::1]:42338 (total=6474)
2026/06/08 11:12:32 [BUSY] rejected from [::1]:42350 (total=6475)
2026/06/08 11:12:32 [BUSY] rejected from [::1]:42362 (total=6476)
2026/06/08 11:12:32 [BUSY] rejected from [::1]:42370 (total=6477)
2026/06/08 11:12:32 [BUSY] rejected from [::1]:42386 (total=6478)
2026/06/08 11:12:32 [BUSY] rejected from [::1]:42400 (total=6479)
2026/06/08 11:12:32 [BUSY] rejected from [::1]:42402 (total=6480)
2026/06/08 11:12:32 [BUSY] rejected from [::1]:42404 (total=6481)
2026/06/08 11:12:32 [BUSY] rejected from [::1]:42412 (total=6482)
2026/06/08 11:12:32 [BUSY] rejected from [::1]:42418 (total=6483)
2026/06/08 11:12:32 [BUSY] rejected from [::1]:42422 (total=6484)
2026/06/08 11:12:32 [BUSY] rejected from [::1]:42436 (total=6485)
2026/06/08 11:12:32 [BUSY] rejected from [::1]:42440 (total=6486)
2026/06/08 11:12:32 [BUSY] rejected from [::1]:42448 (total=6487)
2026/06/08 11:12:32 [BUSY] rejected from [::1]:42462 (total=6488)
2026/06/08 11:12:32 [BUSY] rejected from [::1]:42472 (total=6489)
2026/06/08 11:12:32 [BUSY] rejected from [::1]:42486 (total=6490)
2026/06/08 11:12:32 [BUSY] rejected from [::1]:42488 (total=6491)
2026/06/08 11:12:32 [BUSY] rejected from [::1]:42490 (total=6492)
2026/06/08 11:12:32 [BUSY] rejected from [::1]:42498 (total=6493)
2026/06/08 11:12:32 [BUSY] rejected from [::1]:42514 (total=6494)
2026/06/08 11:12:32 [BUSY] rejected from [::1]:42518 (total=6495)
2026/06/08 11:12:32 [BUSY] rejected from [::1]:42530 (total=6496)
2026/06/08 11:12:32 [BUSY] rejected from [::1]:42546 (total=6497)
2026/06/08 11:12:32 [BUSY] rejected from [::1]:42558 (total=6498)
2026/06/08 11:12:32 [BUSY] rejected from [::1]:42574 (total=6499)
2026/06/08 11:12:32 [BUSY] rejected from [::1]:42580 (total=6500)
2026/06/08 11:12:32 [BUSY] rejected from [::1]:42590 (total=6501)
2026/06/08 11:12:32 [BUSY] rejected from [::1]:42594 (total=6502)
2026/06/08 11:12:32 [BUSY] rejected from [::1]:42606 (total=6503)
2026/06/08 11:12:32 [BUSY] rejected from [::1]:42610 (total=6504)
2026/06/08 11:12:32 [BUSY] rejected from [::1]:42618 (total=6505)
2026/06/08 11:12:32 [BUSY] rejected from [::1]:42634 (total=6506)
2026/06/08 11:12:32 [BUSY] rejected from [::1]:42650 (total=6507)
2026/06/08 11:12:32 [BUSY] rejected from [::1]:42654 (total=6508)
2026/06/08 11:12:32 [BUSY] rejected from [::1]:42660 (total=6509)
2026/06/08 11:12:32 [BUSY] rejected from [::1]:42676 (total=6510)
2026/06/08 11:12:32 [BUSY] rejected from [::1]:42686 (total=6511)
2026/06/08 11:12:32 [BUSY] rejected from [::1]:42688 (total=6512)
2026/06/08 11:12:32 [BUSY] rejected from [::1]:42698 (total=6513)
2026/06/08 11:12:32 [BUSY] rejected from [::1]:42710 (total=6514)
2026/06/08 11:12:32 [BUSY] rejected from [::1]:42726 (total=6515)
2026/06/08 11:12:32 [BUSY] rejected from [::1]:42728 (total=6516)
2026/06/08 11:12:32 [BUSY] rejected from [::1]:42738 (total=6517)
2026/06/08 11:12:32 [BUSY] rejected from [::1]:42754 (total=6518)
2026/06/08 11:12:32 [BUSY] rejected from [::1]:42764 (total=6519)
2026/06/08 11:12:32 [BUSY] rejected from [::1]:42770 (total=6520)
2026/06/08 11:12:32 [BUSY] rejected from [::1]:42784 (total=6521)
2026/06/08 11:12:32 [BUSY] rejected from [::1]:42792 (total=6522)
2026/06/08 11:12:32 [BUSY] rejected from [::1]:42806 (total=6523)
2026/06/08 11:12:32 [BUSY] rejected from [::1]:42814 (total=6524)
2026/06/08 11:12:32 [BUSY] rejected from [::1]:42816 (total=6525)
2026/06/08 11:12:32 [BUSY] rejected from [::1]:42830 (total=6526)
2026/06/08 11:12:32 [BUSY] rejected from [::1]:42838 (total=6527)
2026/06/08 11:12:32 [BUSY] rejected from [::1]:42844 (total=6528)
2026/06/08 11:12:32 [BUSY] rejected from [::1]:42852 (total=6529)
2026/06/08 11:12:32 [BUSY] rejected from [::1]:42864 (total=6530)
2026/06/08 11:12:32 [conn 190] disconnected
2026/06/08 11:12:32 [conn 191] connected from [::1]:37566
2026/06/08 11:12:32 [conn 191] received: Hello from worker 0, package 4412, time: 1780897352086386839
2026/06/08 11:12:32 [conn 187] disconnected
2026/06/08 11:12:32 [conn 188] disconnected
2026/06/08 11:12:32 [conn 192] connected from [::1]:37592
2026/06/08 11:12:32 [conn 192] received: Hello from worker 0, package 4414, time: 1780897352086707249
2026/06/08 11:12:32 [conn 186] disconnected
2026/06/08 11:12:32 [conn 193] connected from [::1]:37604
2026/06/08 11:12:32 [conn 193] received: Hello from worker 0, package 4415, time: 1780897352086945186
2026/06/08 11:12:32 [conn 189] disconnected
2026/06/08 11:12:32 [conn 194] connected from [::1]:37618
2026/06/08 11:12:32 [conn 194] received: Hello from worker 0, package 4416, time: 1780897352087103032
2026/06/08 11:12:32 [conn 195] connected from [::1]:37632
2026/06/08 11:12:32 [conn 195] received: Hello from worker 0, package 4417, time: 1780897352087260507
2026/06/08 11:12:32 [conn 194] disconnected
2026/06/08 11:12:32 [conn 192] disconnected
2026/06/08 11:12:32 [conn 191] disconnected
2026/06/08 11:12:32 [conn 196] connected from [::1]:42016
2026/06/08 11:12:32 [conn 196] received: Hello from worker 0, package 4906, time: 1780897352186674937
2026/06/08 11:12:32 [conn 197] connected from [::1]:42030
2026/06/08 11:12:32 [conn 198] connected from [::1]:42038
2026/06/08 11:12:32 [conn 197] received: Hello from worker 0, package 4907, time: 1780897352186930997
2026/06/08 11:12:32 [conn 198] received: Hello from worker 0, package 4908, time: 1780897352187136813
2026/06/08 11:12:32 [conn 195] disconnected
2026/06/08 11:12:32 [conn 199] connected from [::1]:42046
2026/06/08 11:12:32 [conn 199] received: Hello from worker 0, package 4909, time: 1780897352187381703
2026/06/08 11:12:32 [conn 193] disconnected
2026/06/08 11:12:32 [conn 200] connected from [::1]:42062
2026/06/08 11:12:32 [conn 200] received: Hello from worker 0, package 4910, time: 1780897352187562091
2026/06/08 11:12:32 [conn 198] disconnected
2026/06/08 11:12:32 [conn 200] disconnected
2026/06/08 11:12:32 [conn 197] disconnected
2026/06/08 11:12:32 [conn 196] disconnected
2026/06/08 11:12:32 [conn 199] disconnected
2026/06/08 11:12:33 [STATS] total=200 active=0 rejected=6530 goroutines=8 heapMB=0.7
