ts                                 , pfcp_messages_duration_seconds_count__direction_Outgoing__message_type_Association Setup Request, pfcp_messages_duration_seconds_sum__direction_Outgoing__message_type_Association Setup Request, pfcp_messages_total__direction_Outgoing__message_type_Association Setup Request__result_Success, upf_jitter_ns__iface_Access__quantile_100.0, upf_jitter_ns__iface_Access__quantile_50.0, upf_jitter_ns__iface_Access__quantile_75.0, upf_jitter_ns__iface_Access__quantile_90.0, upf_jitter_ns__iface_Access__quantile_95.0, upf_jitter_ns__iface_Access__quantile_99.0, upf_jitter_ns__iface_Access__quantile_99.9, upf_jitter_ns__iface_Access__quantile_99.99, upf_jitter_ns__iface_Access__quantile_99.999, upf_jitter_ns__iface_Access__quantile_99.9999, upf_jitter_ns__iface_Core__quantile_100.0, upf_jitter_ns__iface_Core__quantile_50.0, upf_jitter_ns__iface_Core__quantile_75.0, upf_jitter_ns__iface_Core__quantile_90.0, upf_jitter_ns__iface_Core__quantile_95.0, upf_jitter_ns__iface_Core__quantile_99.0, upf_jitter_ns__iface_Core__quantile_99.9, upf_jitter_ns__iface_Core__quantile_99.99, upf_jitter_ns__iface_Core__quantile_99.999, upf_jitter_ns__iface_Core__quantile_99.9999, upf_jitter_ns_count__iface_Access, upf_jitter_ns_count__iface_Core, upf_jitter_ns_sum__iface_Access, upf_jitter_ns_sum__iface_Core, upf_latency_ns__iface_Access__quantile_100.0, upf_latency_ns__iface_Access__quantile_50.0, upf_latency_ns__iface_Access__quantile_75.0, upf_latency_ns__iface_Access__quantile_90.0, upf_latency_ns__iface_Access__quantile_95.0, upf_latency_ns__iface_Access__quantile_99.0, upf_latency_ns__iface_Access__quantile_99.9, upf_latency_ns__iface_Access__quantile_99.99, upf_latency_ns__iface_Access__quantile_99.999, upf_latency_ns__iface_Access__quantile_99.9999, upf_latency_ns__iface_Core__quantile_100.0, upf_latency_ns__iface_Core__quantile_50.0, upf_latency_ns__iface_Core__quantile_75.0, upf_latency_ns__iface_Core__quantile_90.0, upf_latency_ns__iface_Core__quantile_95.0, upf_latency_ns__iface_Core__quantile_99.0, upf_latency_ns__iface_Core__quantile_99.9, upf_latency_ns__iface_Core__quantile_99.99, upf_latency_ns__iface_Core__quantile_99.999, upf_latency_ns__iface_Core__quantile_99.9999, upf_latency_ns_count__iface_Access, upf_latency_ns_count__iface_Core, upf_latency_ns_sum__iface_Access, upf_latency_ns_sum__iface_Core
2026-06-10 07:44:52.242000103+00:00,                                                                                                 ,                                                                                               ,                                                                                                ,                                         0.0,                                        0.0,                                        0.0,                                        0.0,                                        0.0,                                        0.0,                                        0.0,                                         0.0,                                          0.0,                                           0.0,                                       0.0,                                      0.0,                                      0.0,                                      0.0,                                      0.0,                                      0.0,                                      0.0,                                       0.0,                                        0.0,                                         0.0,                                  ,                                ,                                ,                              ,                                          0.0,                                         0.0,                                         0.0,                                         0.0,                                         0.0,                                         0.0,                                         0.0,                                          0.0,                                           0.0,                                            0.0,                                        0.0,                                       0.0,                                       0.0,                                       0.0,                                       0.0,                                       0.0,                                       0.0,                                        0.0,                                         0.0,                                          0.0,                                   ,                                 ,                                 ,                             
2026-06-10 07:45:22.242000103+00:00,                                                                                              0.0,                                                                                            0.0,                                                                                             0.0,                                         0.0,                                        0.0,                                        0.0,                                        0.0,                                        0.0,                                        0.0,                                        0.0,                                         0.0,                                          0.0,                                           0.0,                                       0.0,                                      0.0,                                      0.0,                                      0.0,                                      0.0,                                      0.0,                                      0.0,                                       0.0,                                        0.0,                                         0.0, 13479.0                          , 149521.0                       ,                             0.0,                           0.0,                                          0.0,                                         0.0,                                         0.0,                                         0.0,                                         0.0,                                         0.0,                                         0.0,                                          0.0,                                           0.0,                                            0.0,                                        0.0,                                       0.0,                                       0.0,                                       0.0,                                       0.0,                                       0.0,                                       0.0,                                        0.0,                                         0.0,                                          0.0, 13479.0                           , 149521.0                        ,                              0.0,                            0.0
2026-06-10 07:45:52.242000103+00:00,                                                                                              0.0,                                                                                            0.0,                                                                                             0.0,                                         0.0,                                        0.0,                                        0.0,                                        0.0,                                        0.0,                                        0.0,                                        0.0,                                         0.0,                                          0.0,                                           0.0,                                       0.0,                                      0.0,                                      0.0,                                      0.0,                                      0.0,                                      0.0,                                      0.0,                                       0.0,                                        0.0,                                         0.0, 0.0                              , 0.0                            ,                             0.0,                           0.0,                                          0.0,                                         0.0,                                         0.0,                                         0.0,                                         0.0,                                         0.0,                                         0.0,                                          0.0,                                           0.0,                                            0.0,                                        0.0,                                       0.0,                                       0.0,                                       0.0,                                       0.0,                                       0.0,                                       0.0,                                        0.0,                                         0.0,                                          0.0, 0.0                               , 0.0                             ,                              0.0,                            0.0
2026-06-10 07:46:22.242000103+00:00,                                                                                              0.0,                                                                                            0.0,                                                                                             0.0,                                         0.0,                                        0.0,                                        0.0,                                        0.0,                                        0.0,                                        0.0,                                        0.0,                                         0.0,                                          0.0,                                           0.0,                                       0.0,                                      0.0,                                      0.0,                                      0.0,                                      0.0,                                      0.0,                                      0.0,                                       0.0,                                        0.0,                                         0.0, -10091.0                         , -66969.0                       ,                             0.0,                           0.0,                                          0.0,                                         0.0,                                         0.0,                                         0.0,                                         0.0,                                         0.0,                                         0.0,                                          0.0,                                           0.0,                                            0.0,                                        0.0,                                       0.0,                                       0.0,                                       0.0,                                       0.0,                                       0.0,                                       0.0,                                        0.0,                                         0.0,                                          0.0, -10091.0                          , -66969.0                        ,                              0.0,                            0.0
2026-06-10 07:46:52.242000103+00:00,                                                                                              0.0,                                                                                            0.0,                                                                                             0.0,                                         0.0,                                        0.0,                                        0.0,                                        0.0,                                        0.0,                                        0.0,                                        0.0,                                         0.0,                                          0.0,                                           0.0,                                       0.0,                                      0.0,                                      0.0,                                      0.0,                                      0.0,                                      0.0,                                      0.0,                                       0.0,                                        0.0,                                         0.0, 0.0                              , 0.0                            ,                             0.0,                           0.0,                                          0.0,                                         0.0,                                         0.0,                                         0.0,                                         0.0,                                         0.0,                                         0.0,                                          0.0,                                           0.0,                                            0.0,                                        0.0,                                       0.0,                                       0.0,                                       0.0,                                       0.0,                                       0.0,                                       0.0,                                        0.0,                                         0.0,                                          0.0, 0.0                               , 0.0                             ,                              0.0,                            0.0
2026-06-10 07:47:22.242000103+00:00,                                                                                              0.0,                                                                                            0.0,                                                                                             0.0,                                         0.0,                                        0.0,                                        0.0,                                        0.0,                                        0.0,                                        0.0,                                        0.0,                                         0.0,                                          0.0,                                           0.0,                                       0.0,                                      0.0,                                      0.0,                                      0.0,                                      0.0,                                      0.0,                                      0.0,                                       0.0,                                        0.0,                                         0.0, 2847.0                           , -19796.0                       ,                             0.0,                           0.0,                                          0.0,                                         0.0,                                         0.0,                                         0.0,                                         0.0,                                         0.0,                                         0.0,                                          0.0,                                           0.0,                                            0.0,                                        0.0,                                       0.0,                                       0.0,                                       0.0,                                       0.0,                                       0.0,                                       0.0,                                        0.0,                                         0.0,                                          0.0, 2847.0                            , -19796.0                        ,                              0.0,                            0.0
2026-06-10 07:47:52.242000103+00:00,                                                                                              0.0,                                                                                            0.0,                                                                                             0.0,                                         0.0,                                        0.0,                                        0.0,                                        0.0,                                        0.0,                                        0.0,                                        0.0,                                         0.0,                                          0.0,                                           0.0,                                       0.0,                                      0.0,                                      0.0,                                      0.0,                                      0.0,                                      0.0,                                      0.0,                                       0.0,                                        0.0,                                         0.0, 0.0                              , 0.0                            ,                             0.0,                           0.0,                                          0.0,                                         0.0,                                         0.0,                                         0.0,                                         0.0,                                         0.0,                                         0.0,                                          0.0,                                           0.0,                                            0.0,                                        0.0,                                       0.0,                                       0.0,                                       0.0,                                       0.0,                                       0.0,                                       0.0,                                        0.0,                                         0.0,                                          0.0, 0.0                               , 0.0                             ,                              0.0,                            0.0
2026-06-10 07:48:22.242000103+00:00,                                                                                              0.0,                                                                                            0.0,                                                                                             0.0,                                         0.0,                                        0.0,                                        0.0,                                        0.0,                                        0.0,                                        0.0,                                        0.0,                                         0.0,                                          0.0,                                           0.0,                                       0.0,                                      0.0,                                      0.0,                                      0.0,                                      0.0,                                      0.0,                                      0.0,                                       0.0,                                        0.0,                                         0.0, 2999.0                           , 14448.0                        ,                             0.0,                           0.0,                                          0.0,                                         0.0,                                         0.0,                                         0.0,                                         0.0,                                         0.0,                                         0.0,                                          0.0,                                           0.0,                                            0.0,                                        0.0,                                       0.0,                                       0.0,                                       0.0,                                       0.0,                                       0.0,                                       0.0,                                        0.0,                                         0.0,                                          0.0, 2999.0                            , 14448.0                         ,                              0.0,                            0.0
2026-06-10 07:48:52.242000103+00:00,                                                                                              0.0,                                                                                            0.0,                                                                                             0.0,                                         0.0,                                        0.0,                                        0.0,                                        0.0,                                        0.0,                                        0.0,                                        0.0,                                         0.0,                                          0.0,                                           0.0,                                       0.0,                                      0.0,                                      0.0,                                      0.0,                                      0.0,                                      0.0,                                      0.0,                                       0.0,                                        0.0,                                         0.0, 0.0                              , 0.0                            ,                             0.0,                           0.0,                                          0.0,                                         0.0,                                         0.0,                                         0.0,                                         0.0,                                         0.0,                                         0.0,                                          0.0,                                           0.0,                                            0.0,                                        0.0,                                       0.0,                                       0.0,                                       0.0,                                       0.0,                                       0.0,                                       0.0,                                        0.0,                                         0.0,                                          0.0, 0.0                               , 0.0                             ,                              0.0,                            0.0
2026-06-10 07:49:22.242000103+00:00,                                                                                              0.0,                                                                                            0.0,                                                                                             0.0,                                         0.0,                                        0.0,                                        0.0,                                        0.0,                                        0.0,                                        0.0,                                        0.0,                                         0.0,                                          0.0,                                           0.0,                                       0.0,                                      0.0,                                      0.0,                                      0.0,                                      0.0,                                      0.0,                                      0.0,                                       0.0,                                        0.0,                                         0.0, -6067.0                          , 2721.0                         ,                             0.0,                           0.0,                                          0.0,                                         0.0,                                         0.0,                                         0.0,                                         0.0,                                         0.0,                                         0.0,                                          0.0,                                           0.0,                                            0.0,                                        0.0,                                       0.0,                                       0.0,                                       0.0,                                       0.0,                                       0.0,                                       0.0,                                        0.0,                                         0.0,                                          0.0, -6067.0                           , 2721.0                          ,                              0.0,                            0.0
2026-06-10 07:49:52.242000103+00:00,                                                                                              0.0,                                                                                            0.0,                                                                                             0.0,                                         0.0,                                        0.0,                                        0.0,                                        0.0,                                        0.0,                                        0.0,                                        0.0,                                         0.0,                                          0.0,                                           0.0,                                       0.0,                                      0.0,                                      0.0,                                      0.0,                                      0.0,                                      0.0,                                      0.0,                                       0.0,                                        0.0,                                         0.0, 0.0                              , 0.0                            ,                             0.0,                           0.0,                                          0.0,                                         0.0,                                         0.0,                                         0.0,                                         0.0,                                         0.0,                                         0.0,                                          0.0,                                           0.0,                                            0.0,                                        0.0,                                       0.0,                                       0.0,                                       0.0,                                       0.0,                                       0.0,                                       0.0,                                        0.0,                                         0.0,                                          0.0, 0.0                               , 0.0                             ,                              0.0,                            0.0
2026-06-10 07:50:22.242000103+00:00,                                                                                              0.0,                                                                                            0.0,                                                                                             0.0,                                         0.0,                                        0.0,                                        0.0,                                        0.0,                                        0.0,                                        0.0,                                        0.0,                                         0.0,                                          0.0,                                           0.0,                                       0.0,                                      0.0,                                      0.0,                                      0.0,                                      0.0,                                      0.0,                                      0.0,                                       0.0,                                        0.0,                                         0.0, -72.0                            , 1978.0                         ,                             0.0,                           0.0,                                          0.0,                                         0.0,                                         0.0,                                         0.0,                                         0.0,                                         0.0,                                         0.0,                                          0.0,                                           0.0,                                            0.0,                                        0.0,                                       0.0,                                       0.0,                                       0.0,                                       0.0,                                       0.0,                                       0.0,                                        0.0,                                         0.0,                                          0.0, -72.0                             , 1978.0                          ,                              0.0,                            0.0
2026-06-10 07:50:52.242000103+00:00,                                                                                              0.0,                                                                                            0.0,                                                                                             0.0,                                         0.0,                                        0.0,                                        0.0,                                        0.0,                                        0.0,                                        0.0,                                        0.0,                                         0.0,                                          0.0,                                           0.0,                                       0.0,                                      0.0,                                      0.0,                                      0.0,                                      0.0,                                      0.0,                                      0.0,                                       0.0,                                        0.0,                                         0.0, 0.0                              , 0.0                            ,                             0.0,                           0.0,                                          0.0,                                         0.0,                                         0.0,                                         0.0,                                         0.0,                                         0.0,                                         0.0,                                          0.0,                                           0.0,                                            0.0,                                        0.0,                                       0.0,                                       0.0,                                       0.0,                                       0.0,                                       0.0,                                       0.0,                                        0.0,                                         0.0,                                          0.0, 0.0                               , 0.0                             ,                              0.0,                            0.0
2026-06-10 07:51:22.242000103+00:00,                                                                                              0.0,                                                                                            0.0,                                                                                             0.0,                                         0.0,                                        0.0,                                        0.0,                                        0.0,                                        0.0,                                        0.0,                                        0.0,                                         0.0,                                          0.0,                                           0.0,                                       0.0,                                      0.0,                                      0.0,                                      0.0,                                      0.0,                                      0.0,                                      0.0,                                       0.0,                                        0.0,                                         0.0, 8398.0                           , 9005.0                         ,                             0.0,                           0.0,                                          0.0,                                         0.0,                                         0.0,                                         0.0,                                         0.0,                                         0.0,                                         0.0,                                          0.0,                                           0.0,                                            0.0,                                        0.0,                                       0.0,                                       0.0,                                       0.0,                                       0.0,                                       0.0,                                       0.0,                                        0.0,                                         0.0,                                          0.0, 8398.0                            , 9005.0                          ,                              0.0,                            0.0
2026-06-10 07:51:52.242000103+00:00,                                                                                              0.0,                                                                                            0.0,                                                                                             0.0,                                         0.0,                                        0.0,                                        0.0,                                        0.0,                                        0.0,                                        0.0,                                        0.0,                                         0.0,                                          0.0,                                           0.0,                                       0.0,                                      0.0,                                      0.0,                                      0.0,                                      0.0,                                      0.0,                                      0.0,                                       0.0,                                        0.0,                                         0.0, 0.0                              , 0.0                            ,                             0.0,                           0.0,                                          0.0,                                         0.0,                                         0.0,                                         0.0,                                         0.0,                                         0.0,                                         0.0,                                          0.0,                                           0.0,                                            0.0,                                        0.0,                                       0.0,                                       0.0,                                       0.0,                                       0.0,                                       0.0,                                       0.0,                                        0.0,                                         0.0,                                          0.0, 0.0                               , 0.0                             ,                              0.0,                            0.0
2026-06-10 07:52:22.242000103+00:00,                                                                                              0.0,                                                                                            0.0,                                                                                             0.0,                                         0.0,                                        0.0,                                        0.0,                                        0.0,                                        0.0,                                        0.0,                                        0.0,                                         0.0,                                          0.0,                                           0.0,                                       0.0,                                      0.0,                                      0.0,                                      0.0,                                      0.0,                                      0.0,                                      0.0,                                       0.0,                                        0.0,                                         0.0, 697.0                            , -5562.0                        ,                             0.0,                           0.0,                                          0.0,                                         0.0,                                         0.0,                                         0.0,                                         0.0,                                         0.0,                                         0.0,                                          0.0,                                           0.0,                                            0.0,                                        0.0,                                       0.0,                                       0.0,                                       0.0,                                       0.0,                                       0.0,                                       0.0,                                        0.0,                                         0.0,                                          0.0, 697.0                             , -5562.0                         ,                              0.0,                            0.0
2026-06-10 07:52:52.242000103+00:00,                                                                                              0.0,                                                                                            0.0,                                                                                             0.0,                                         0.0,                                        0.0,                                        0.0,                                        0.0,                                        0.0,                                        0.0,                                        0.0,                                         0.0,                                          0.0,                                           0.0,                                       0.0,                                      0.0,                                      0.0,                                      0.0,                                      0.0,                                      0.0,                                      0.0,                                       0.0,                                        0.0,                                         0.0, 0.0                              , 0.0                            ,                             0.0,                           0.0,                                          0.0,                                         0.0,                                         0.0,                                         0.0,                                         0.0,                                         0.0,                                         0.0,                                          0.0,                                           0.0,                                            0.0,                                        0.0,                                       0.0,                                       0.0,                                       0.0,                                       0.0,                                       0.0,                                       0.0,                                        0.0,                                         0.0,                                          0.0, 0.0                               , 0.0                             ,                              0.0,                            0.0
2026-06-10 07:53:22.242000103+00:00,                                                                                              0.0,                                                                                            0.0,                                                                                             0.0,                                         0.0,                                        0.0,                                        0.0,                                        0.0,                                        0.0,                                        0.0,                                        0.0,                                         0.0,                                          0.0,                                           0.0,                                       0.0,                                      0.0,                                      0.0,                                      0.0,                                      0.0,                                      0.0,                                      0.0,                                       0.0,                                        0.0,                                         0.0, -3519.0                          , 5887.0                         ,                             0.0,                           0.0,                                          0.0,                                         0.0,                                         0.0,                                         0.0,                                         0.0,                                         0.0,                                         0.0,                                          0.0,                                           0.0,                                            0.0,                                        0.0,                                       0.0,                                       0.0,                                       0.0,                                       0.0,                                       0.0,                                       0.0,                                        0.0,                                         0.0,                                          0.0, -3519.0                           , 5887.0                          ,                              0.0,                            0.0
2026-06-10 07:53:52.242000103+00:00,                                                                                              0.0,                                                                                            0.0,                                                                                             0.0,                                         0.0,                                        0.0,                                        0.0,                                        0.0,                                        0.0,                                        0.0,                                        0.0,                                         0.0,                                          0.0,                                           0.0,                                       0.0,                                      0.0,                                      0.0,                                      0.0,                                      0.0,                                      0.0,                                      0.0,                                       0.0,                                        0.0,                                         0.0, 0.0                              , 0.0                            ,                             0.0,                           0.0,                                          0.0,                                         0.0,                                         0.0,                                         0.0,                                         0.0,                                         0.0,                                         0.0,                                          0.0,                                           0.0,                                            0.0,                                        0.0,                                       0.0,                                       0.0,                                       0.0,                                       0.0,                                       0.0,                                       0.0,                                        0.0,                                         0.0,                                          0.0, 0.0                               , 0.0                             ,                              0.0,                            0.0
2026-06-10 07:54:22.242000103+00:00,                                                                                              0.0,                                                                                            0.0,                                                                                             0.0,                                         0.0,                                        0.0,                                        0.0,                                        0.0,                                        0.0,                                        0.0,                                        0.0,                                         0.0,                                          0.0,                                           0.0,                                       0.0,                                      0.0,                                      0.0,                                      0.0,                                      0.0,                                      0.0,                                      0.0,                                       0.0,                                        0.0,                                         0.0, -5625.0                          , -42368.0                       ,                             0.0,                           0.0,                                          0.0,                                         0.0,                                         0.0,                                         0.0,                                         0.0,                                         0.0,                                         0.0,                                          0.0,                                           0.0,                                            0.0,                                        0.0,                                       0.0,                                       0.0,                                       0.0,                                       0.0,                                       0.0,                                       0.0,                                        0.0,                                         0.0,                                          0.0, -5625.0                           , -42368.0                        ,                              0.0,                            0.0
2026-06-10 07:54:52.242000103+00:00,                                                                                              0.0,                                                                                            0.0,                                                                                             0.0,                                         0.0,                                        0.0,                                        0.0,                                        0.0,                                        0.0,                                        0.0,                                        0.0,                                         0.0,                                          0.0,                                           0.0,                                       0.0,                                      0.0,                                      0.0,                                      0.0,                                      0.0,                                      0.0,                                      0.0,                                       0.0,                                        0.0,                                         0.0, 0.0                              , 0.0                            ,                             0.0,                           0.0,                                          0.0,                                         0.0,                                         0.0,                                         0.0,                                         0.0,                                         0.0,                                         0.0,                                          0.0,                                           0.0,                                            0.0,                                        0.0,                                       0.0,                                       0.0,                                       0.0,                                       0.0,                                       0.0,                                       0.0,                                        0.0,                                         0.0,                                          0.0, 0.0                               , 0.0                             ,                              0.0,                            0.0
2026-06-10 07:55:22.242000103+00:00,                                                                                              0.0,                                                                                            0.0,                                                                                             0.0,                                         0.0,                                        0.0,                                        0.0,                                        0.0,                                        0.0,                                        0.0,                                        0.0,                                         0.0,                                          0.0,                                           0.0,                                       0.0,                                      0.0,                                      0.0,                                      0.0,                                      0.0,                                      0.0,                                      0.0,                                       0.0,                                        0.0,                                         0.0, 3441.0                           , 37711.0                        ,                             0.0,                           0.0,                                          0.0,                                         0.0,                                         0.0,                                         0.0,                                         0.0,                                         0.0,                                         0.0,                                          0.0,                                           0.0,                                            0.0,                                        0.0,                                       0.0,                                       0.0,                                       0.0,                                       0.0,                                       0.0,                                       0.0,                                        0.0,                                         0.0,                                          0.0, 3441.0                            , 37711.0                         ,                              0.0,                            0.0
2026-06-10 07:55:52.242000103+00:00,                                                                                              0.0,                                                                                            0.0,                                                                                             0.0,                                         0.0,                                        0.0,                                        0.0,                                        0.0,                                        0.0,                                        0.0,                                        0.0,                                         0.0,                                          0.0,                                           0.0,                                       0.0,                                      0.0,                                      0.0,                                      0.0,                                      0.0,                                      0.0,                                      0.0,                                       0.0,                                        0.0,                                         0.0, 0.0                              , 0.0                            ,                             0.0,                           0.0,                                          0.0,                                         0.0,                                         0.0,                                         0.0,                                         0.0,                                         0.0,                                         0.0,                                          0.0,                                           0.0,                                            0.0,                                        0.0,                                       0.0,                                       0.0,                                       0.0,                                       0.0,                                       0.0,                                       0.0,                                        0.0,                                         0.0,                                          0.0, 0.0                               , 0.0                             ,                              0.0,                            0.0
2026-06-10 07:56:22.242000103+00:00,                                                                                              0.0,                                                                                            0.0,                                                                                             0.0,                                         0.0,                                        0.0,                                        0.0,                                        0.0,                                        0.0,                                        0.0,                                        0.0,                                         0.0,                                          0.0,                                           0.0,                                       0.0,                                      0.0,                                      0.0,                                      0.0,                                      0.0,                                      0.0,                                      0.0,                                       0.0,                                        0.0,                                         0.0, 70.0                             , -2155.0                        ,                             0.0,                           0.0,                                          0.0,                                         0.0,                                         0.0,                                         0.0,                                         0.0,                                         0.0,                                         0.0,                                          0.0,                                           0.0,                                            0.0,                                        0.0,                                       0.0,                                       0.0,                                       0.0,                                       0.0,                                       0.0,                                       0.0,                                        0.0,                                         0.0,                                          0.0, 70.0                              , -2155.0                         ,                              0.0,                            0.0
2026-06-10 07:56:52.242000103+00:00,                                                                                              0.0,                                                                                            0.0,                                                                                             0.0,                                         0.0,                                        0.0,                                        0.0,                                        0.0,                                        0.0,                                        0.0,                                        0.0,                                         0.0,                                          0.0,                                           0.0,                                       0.0,                                      0.0,                                      0.0,                                      0.0,                                      0.0,                                      0.0,                                      0.0,                                       0.0,                                        0.0,                                         0.0, 0.0                              , 0.0                            ,                             0.0,                           0.0,                                          0.0,                                         0.0,                                         0.0,                                         0.0,                                         0.0,                                         0.0,                                         0.0,                                          0.0,                                           0.0,                                            0.0,                                        0.0,                                       0.0,                                       0.0,                                       0.0,                                       0.0,                                       0.0,                                       0.0,                                        0.0,                                         0.0,                                          0.0, 0.0                               , 0.0                             ,                              0.0,                            0.0
2026-06-10 07:57:22.242000103+00:00,                                                                                              0.0,                                                                                            0.0,                                                                                             0.0,                                         0.0,                                        0.0,                                        0.0,                                        0.0,                                        0.0,                                        0.0,                                        0.0,                                         0.0,                                          0.0,                                           0.0,                                       0.0,                                      0.0,                                      0.0,                                      0.0,                                      0.0,                                      0.0,                                      0.0,                                       0.0,                                        0.0,                                         0.0, 225.0                            , 2784.0                         ,                             0.0,                           0.0,                                          0.0,                                         0.0,                                         0.0,                                         0.0,                                         0.0,                                         0.0,                                         0.0,                                          0.0,                                           0.0,                                            0.0,                                        0.0,                                       0.0,                                       0.0,                                       0.0,                                       0.0,                                       0.0,                                       0.0,                                        0.0,                                         0.0,                                          0.0, 225.0                             , 2784.0                          ,                              0.0,                            0.0
2026-06-10 07:57:52.242000103+00:00,                                                                                              0.0,                                                                                            0.0,                                                                                             0.0,                                         0.0,                                        0.0,                                        0.0,                                        0.0,                                        0.0,                                        0.0,                                        0.0,                                         0.0,                                          0.0,                                           0.0,                                       0.0,                                      0.0,                                      0.0,                                      0.0,                                      0.0,                                      0.0,                                      0.0,                                       0.0,                                        0.0,                                         0.0, 0.0                              , 0.0                            ,                             0.0,                           0.0,                                          0.0,                                         0.0,                                         0.0,                                         0.0,                                         0.0,                                         0.0,                                         0.0,                                          0.0,                                           0.0,                                            0.0,                                        0.0,                                       0.0,                                       0.0,                                       0.0,                                       0.0,                                       0.0,                                       0.0,                                        0.0,                                         0.0,                                          0.0, 0.0                               , 0.0                             ,                              0.0,                            0.0
2026-06-10 07:58:22.242000103+00:00,                                                                                              0.0,                                                                                            0.0,                                                                                             0.0,                                         0.0,                                        0.0,                                        0.0,                                        0.0,                                        0.0,                                        0.0,                                        0.0,                                         0.0,                                          0.0,                                           0.0,                                       0.0,                                      0.0,                                      0.0,                                      0.0,                                      0.0,                                      0.0,                                      0.0,                                       0.0,                                        0.0,                                         0.0, -161.0                           , -3035.0                        ,                             0.0,                           0.0,                                          0.0,                                         0.0,                                         0.0,                                         0.0,                                         0.0,                                         0.0,                                         0.0,                                          0.0,                                           0.0,                                            0.0,                                        0.0,                                       0.0,                                       0.0,                                       0.0,                                       0.0,                                       0.0,                                       0.0,                                        0.0,                                         0.0,                                          0.0, -161.0                            , -3035.0                         ,                              0.0,                            0.0
2026-06-10 07:58:52.242000103+00:00,                                                                                              0.0,                                                                                            0.0,                                                                                             0.0,                                         0.0,                                        0.0,                                        0.0,                                        0.0,                                        0.0,                                        0.0,                                        0.0,                                         0.0,                                          0.0,                                           0.0,                                       0.0,                                      0.0,                                      0.0,                                      0.0,                                      0.0,                                      0.0,                                      0.0,                                       0.0,                                        0.0,                                         0.0, 0.0                              , 0.0                            ,                             0.0,                           0.0,                                          0.0,                                         0.0,                                         0.0,                                         0.0,                                         0.0,                                         0.0,                                         0.0,                                          0.0,                                           0.0,                                            0.0,                                        0.0,                                       0.0,                                       0.0,                                       0.0,                                       0.0,                                       0.0,                                       0.0,                                        0.0,                                         0.0,                                          0.0, 0.0                               , 0.0                             ,                              0.0,                            0.0
2026-06-10 07:59:22.242000103+00:00,                                                                                              0.0,                                                                                            0.0,                                                                                             0.0,                                         0.0,                                        0.0,                                        0.0,                                        0.0,                                        0.0,                                        0.0,                                        0.0,                                         0.0,                                          0.0,                                           0.0,                                       0.0,                                      0.0,                                      0.0,                                      0.0,                                      0.0,                                      0.0,                                      0.0,                                       0.0,                                        0.0,                                         0.0, -5802.0                          , -8657.0                        ,                             0.0,                           0.0,                                          0.0,                                         0.0,                                         0.0,                                         0.0,                                         0.0,                                         0.0,                                         0.0,                                          0.0,                                           0.0,                                            0.0,                                        0.0,                                       0.0,                                       0.0,                                       0.0,                                       0.0,                                       0.0,                                       0.0,                                        0.0,                                         0.0,                                          0.0, -5802.0                           , -8657.0                         ,                              0.0,                            0.0
2026-06-10 07:59:52.242000103+00:00,                                                                                              0.0,                                                                                            0.0,                                                                                             0.0,                                         0.0,                                        0.0,                                        0.0,                                        0.0,                                        0.0,                                        0.0,                                        0.0,                                         0.0,                                          0.0,                                           0.0,                                       0.0,                                      0.0,                                      0.0,                                      0.0,                                      0.0,                                      0.0,                                      0.0,                                       0.0,                                        0.0,                                         0.0, 0.0                              , 0.0                            ,                             0.0,                           0.0,                                          0.0,                                         0.0,                                         0.0,                                         0.0,                                         0.0,                                         0.0,                                         0.0,                                          0.0,                                           0.0,                                            0.0,                                        0.0,                                       0.0,                                       0.0,                                       0.0,                                       0.0,                                       0.0,                                       0.0,                                        0.0,                                         0.0,                                          0.0, 0.0                               , 0.0                             ,                              0.0,                            0.0
2026-06-10 08:00:22.242000103+00:00,                                                                                              0.0,                                                                                            0.0,                                                                                             0.0,                                         0.0,                                        0.0,                                        0.0,                                        0.0,                                        0.0,                                        0.0,                                        0.0,                                         0.0,                                          0.0,                                           0.0,                                       0.0,                                      0.0,                                      0.0,                                      0.0,                                      0.0,                                      0.0,                                      0.0,                                       0.0,                                        0.0,                                         0.0, 824.0                            , 15015.0                        ,                             0.0,                           0.0,                                          0.0,                                         0.0,                                         0.0,                                         0.0,                                         0.0,                                         0.0,                                         0.0,                                          0.0,                                           0.0,                                            0.0,                                        0.0,                                       0.0,                                       0.0,                                       0.0,                                       0.0,                                       0.0,                                       0.0,                                        0.0,                                         0.0,                                          0.0, 824.0                             , 15015.0                         ,                              0.0,                            0.0
2026-06-10 08:00:52.242000103+00:00,                                                                                              0.0,                                                                                            0.0,                                                                                             0.0,                                         0.0,                                        0.0,                                        0.0,                                        0.0,                                        0.0,                                        0.0,                                        0.0,                                         0.0,                                          0.0,                                           0.0,                                       0.0,                                      0.0,                                      0.0,                                      0.0,                                      0.0,                                      0.0,                                      0.0,                                       0.0,                                        0.0,                                         0.0, 0.0                              , 0.0                            ,                             0.0,                           0.0,                                          0.0,                                         0.0,                                         0.0,                                         0.0,                                         0.0,                                         0.0,                                         0.0,                                          0.0,                                           0.0,                                            0.0,                                        0.0,                                       0.0,                                       0.0,                                       0.0,                                       0.0,                                       0.0,                                       0.0,                                        0.0,                                         0.0,                                          0.0, 0.0                               , 0.0                             ,                              0.0,                            0.0
2026-06-10 08:01:22.242000103+00:00,                                                                                              0.0,                                                                                            0.0,                                                                                             0.0,                                         0.0,                                        0.0,                                        0.0,                                        0.0,                                        0.0,                                        0.0,                                        0.0,                                         0.0,                                          0.0,                                           0.0,                                       0.0,                                      0.0,                                      0.0,                                      0.0,                                      0.0,                                      0.0,                                      0.0,                                       0.0,                                        0.0,                                         0.0, 3409.0                           , -35040.0                       ,                             0.0,                           0.0,                                          0.0,                                         0.0,                                         0.0,                                         0.0,                                         0.0,                                         0.0,                                         0.0,                                          0.0,                                           0.0,                                            0.0,                                        0.0,                                       0.0,                                       0.0,                                       0.0,                                       0.0,                                       0.0,                                       0.0,                                        0.0,                                         0.0,                                          0.0, 3409.0                            , -35040.0                        ,                              0.0,                            0.0
2026-06-10 08:01:52.242000103+00:00,                                                                                              0.0,                                                                                            0.0,                                                                                             0.0,                                         0.0,                                        0.0,                                        0.0,                                        0.0,                                        0.0,                                        0.0,                                        0.0,                                         0.0,                                          0.0,                                           0.0,                                       0.0,                                      0.0,                                      0.0,                                      0.0,                                      0.0,                                      0.0,                                      0.0,                                       0.0,                                        0.0,                                         0.0, 0.0                              , 0.0                            ,                             0.0,                           0.0,                                          0.0,                                         0.0,                                         0.0,                                         0.0,                                         0.0,                                         0.0,                                         0.0,                                          0.0,                                           0.0,                                            0.0,                                        0.0,                                       0.0,                                       0.0,                                       0.0,                                       0.0,                                       0.0,                                       0.0,                                        0.0,                                         0.0,                                          0.0, 0.0                               , 0.0                             ,                              0.0,                            0.0
2026-06-10 08:02:22.242000103+00:00,                                                                                              0.0,                                                                                            0.0,                                                                                             0.0,                                         0.0,                                        0.0,                                        0.0,                                        0.0,                                        0.0,                                        0.0,                                        0.0,                                         0.0,                                          0.0,                                           0.0,                                       0.0,                                      0.0,                                      0.0,                                      0.0,                                      0.0,                                      0.0,                                      0.0,                                       0.0,                                        0.0,                                         0.0, -12201.0                         , 7241.0                         ,                             0.0,                           0.0,                                          0.0,                                         0.0,                                         0.0,                                         0.0,                                         0.0,                                         0.0,                                         0.0,                                          0.0,                                           0.0,                                            0.0,                                        0.0,                                       0.0,                                       0.0,                                       0.0,                                       0.0,                                       0.0,                                       0.0,                                        0.0,                                         0.0,                                          0.0, -12201.0                          , 7241.0                          ,                              0.0,                            0.0
2026-06-10 08:02:52.242000103+00:00,                                                                                              0.0,                                                                                            0.0,                                                                                             0.0,                                         0.0,                                        0.0,                                        0.0,                                        0.0,                                        0.0,                                        0.0,                                        0.0,                                         0.0,                                          0.0,                                           0.0,                                       0.0,                                      0.0,                                      0.0,                                      0.0,                                      0.0,                                      0.0,                                      0.0,                                       0.0,                                        0.0,                                         0.0, 0.0                              , 0.0                            ,                             0.0,                           0.0,                                          0.0,                                         0.0,                                         0.0,                                         0.0,                                         0.0,                                         0.0,                                         0.0,                                          0.0,                                           0.0,                                            0.0,                                        0.0,                                       0.0,                                       0.0,                                       0.0,                                       0.0,                                       0.0,                                       0.0,                                        0.0,                                         0.0,                                          0.0, 0.0                               , 0.0                             ,                              0.0,                            0.0
2026-06-10 08:03:22.242000103+00:00,                                                                                              0.0,                                                                                            0.0,                                                                                             0.0,                                         0.0,                                        0.0,                                        0.0,                                        0.0,                                        0.0,                                        0.0,                                        0.0,                                         0.0,                                          0.0,                                           0.0,                                       0.0,                                      0.0,                                      0.0,                                      0.0,                                      0.0,                                      0.0,                                      0.0,                                       0.0,                                        0.0,                                         0.0, -1365.0                          , -3123.0                        ,                             0.0,                           0.0,                                          0.0,                                         0.0,                                         0.0,                                         0.0,                                         0.0,                                         0.0,                                         0.0,                                          0.0,                                           0.0,                                            0.0,                                        0.0,                                       0.0,                                       0.0,                                       0.0,                                       0.0,                                       0.0,                                       0.0,                                        0.0,                                         0.0,                                          0.0, -1365.0                           , -3123.0                         ,                              0.0,                            0.0
2026-06-10 08:03:52.242000103+00:00,                                                                                              0.0,                                                                                            0.0,                                                                                             0.0,                                         0.0,                                        0.0,                                        0.0,                                        0.0,                                        0.0,                                        0.0,                                        0.0,                                         0.0,                                          0.0,                                           0.0,                                       0.0,                                      0.0,                                      0.0,                                      0.0,                                      0.0,                                      0.0,                                      0.0,                                       0.0,                                        0.0,                                         0.0, 0.0                              , 0.0                            ,                             0.0,                           0.0,                                          0.0,                                         0.0,                                         0.0,                                         0.0,                                         0.0,                                         0.0,                                         0.0,                                          0.0,                                           0.0,                                            0.0,                                        0.0,                                       0.0,                                       0.0,                                       0.0,                                       0.0,                                       0.0,                                       0.0,                                        0.0,                                         0.0,                                          0.0, 0.0                               , 0.0                             ,                              0.0,                            0.0
2026-06-10 08:04:22.242000103+00:00,                                                                                              0.0,                                                                                            0.0,                                                                                             0.0,                                         0.0,                                        0.0,                                        0.0,                                        0.0,                                        0.0,                                        0.0,                                        0.0,                                         0.0,                                          0.0,                                           0.0,                                       0.0,                                      0.0,                                      0.0,                                      0.0,                                      0.0,                                      0.0,                                      0.0,                                       0.0,                                        0.0,                                         0.0, 5622.0                           , 8883.0                         ,                             0.0,                           0.0,                                          0.0,                                         0.0,                                         0.0,                                         0.0,                                         0.0,                                         0.0,                                         0.0,                                          0.0,                                           0.0,                                            0.0,                                        0.0,                                       0.0,                                       0.0,                                       0.0,                                       0.0,                                       0.0,                                       0.0,                                        0.0,                                         0.0,                                          0.0, 5622.0                            , 8883.0                          ,                              0.0,                            0.0
2026-06-10 08:04:52.242000103+00:00,                                                                                              0.0,                                                                                            0.0,                                                                                             0.0,                                         0.0,                                        0.0,                                        0.0,                                        0.0,                                        0.0,                                        0.0,                                        0.0,                                         0.0,                                          0.0,                                           0.0,                                       0.0,                                      0.0,                                      0.0,                                      0.0,                                      0.0,                                      0.0,                                      0.0,                                       0.0,                                        0.0,                                         0.0, 0.0                              , 0.0                            ,                             0.0,                           0.0,                                          0.0,                                         0.0,                                         0.0,                                         0.0,                                         0.0,                                         0.0,                                         0.0,                                          0.0,                                           0.0,                                            0.0,                                        0.0,                                       0.0,                                       0.0,                                       0.0,                                       0.0,                                       0.0,                                       0.0,                                        0.0,                                         0.0,                                          0.0, 0.0                               , 0.0                             ,                              0.0,                            0.0
2026-06-10 08:05:22.242000103+00:00,                                                                                              0.0,                                                                                            0.0,                                                                                             0.0,                                         0.0,                                        0.0,                                        0.0,                                        0.0,                                        0.0,                                        0.0,                                        0.0,                                         0.0,                                          0.0,                                           0.0,                                       0.0,                                      0.0,                                      0.0,                                      0.0,                                      0.0,                                      0.0,                                      0.0,                                       0.0,                                        0.0,                                         0.0, 657.0                            , 3635.0                         ,                             0.0,                           0.0,                                          0.0,                                         0.0,                                         0.0,                                         0.0,                                         0.0,                                         0.0,                                         0.0,                                          0.0,                                           0.0,                                            0.0,                                        0.0,                                       0.0,                                       0.0,                                       0.0,                                       0.0,                                       0.0,                                       0.0,                                        0.0,                                         0.0,                                          0.0, 657.0                             , 3635.0                          ,                              0.0,                            0.0
2026-06-10 08:05:52.242000103+00:00,                                                                                              0.0,                                                                                            0.0,                                                                                             0.0,                                         0.0,                                        0.0,                                        0.0,                                        0.0,                                        0.0,                                        0.0,                                        0.0,                                         0.0,                                          0.0,                                           0.0,                                       0.0,                                      0.0,                                      0.0,                                      0.0,                                      0.0,                                      0.0,                                      0.0,                                       0.0,                                        0.0,                                         0.0, 0.0                              , 0.0                            ,                             0.0,                           0.0,                                          0.0,                                         0.0,                                         0.0,                                         0.0,                                         0.0,                                         0.0,                                         0.0,                                          0.0,                                           0.0,                                            0.0,                                        0.0,                                       0.0,                                       0.0,                                       0.0,                                       0.0,                                       0.0,                                       0.0,                                        0.0,                                         0.0,                                          0.0, 0.0                               , 0.0                             ,                              0.0,                            0.0
2026-06-10 08:06:22.242000103+00:00,                                                                                              0.0,                                                                                            0.0,                                                                                             0.0,                                         0.0,                                        0.0,                                        0.0,                                        0.0,                                        0.0,                                        0.0,                                        0.0,                                         0.0,                                          0.0,                                           0.0,                                       0.0,                                      0.0,                                      0.0,                                      0.0,                                      0.0,                                      0.0,                                      0.0,                                       0.0,                                        0.0,                                         0.0, -924.0                           , -7118.0                        ,                             0.0,                           0.0,                                          0.0,                                         0.0,                                         0.0,                                         0.0,                                         0.0,                                         0.0,                                         0.0,                                          0.0,                                           0.0,                                            0.0,                                        0.0,                                       0.0,                                       0.0,                                       0.0,                                       0.0,                                       0.0,                                       0.0,                                        0.0,                                         0.0,                                          0.0, -924.0                            , -7118.0                         ,                              0.0,                            0.0
2026-06-10 08:06:52.242000103+00:00,                                                                                              0.0,                                                                                            0.0,                                                                                             0.0,                                         0.0,                                        0.0,                                        0.0,                                        0.0,                                        0.0,                                        0.0,                                        0.0,                                         0.0,                                          0.0,                                           0.0,                                       0.0,                                      0.0,                                      0.0,                                      0.0,                                      0.0,                                      0.0,                                      0.0,                                       0.0,                                        0.0,                                         0.0, 0.0                              , 0.0                            ,                             0.0,                           0.0,                                          0.0,                                         0.0,                                         0.0,                                         0.0,                                         0.0,                                         0.0,                                         0.0,                                          0.0,                                           0.0,                                            0.0,                                        0.0,                                       0.0,                                       0.0,                                       0.0,                                       0.0,                                       0.0,                                       0.0,                                        0.0,                                         0.0,                                          0.0, 0.0                               , 0.0                             ,                              0.0,                            0.0
2026-06-10 08:07:22.242000103+00:00,                                                                                              0.0,                                                                                            0.0,                                                                                             0.0,                                         0.0,                                        0.0,                                        0.0,                                        0.0,                                        0.0,                                        0.0,                                        0.0,                                         0.0,                                          0.0,                                           0.0,                                       0.0,                                      0.0,                                      0.0,                                      0.0,                                      0.0,                                      0.0,                                      0.0,                                       0.0,                                        0.0,                                         0.0, 249.0                            , 2344.0                         ,                             0.0,                           0.0,                                          0.0,                                         0.0,                                         0.0,                                         0.0,                                         0.0,                                         0.0,                                         0.0,                                          0.0,                                           0.0,                                            0.0,                                        0.0,                                       0.0,                                       0.0,                                       0.0,                                       0.0,                                       0.0,                                       0.0,                                        0.0,                                         0.0,                                          0.0, 249.0                             , 2344.0                          ,                              0.0,                            0.0
2026-06-10 08:07:52.242000103+00:00,                                                                                              0.0,                                                                                            0.0,                                                                                             0.0,                                         0.0,                                        0.0,                                        0.0,                                        0.0,                                        0.0,                                        0.0,                                        0.0,                                         0.0,                                          0.0,                                           0.0,                                       0.0,                                      0.0,                                      0.0,                                      0.0,                                      0.0,                                      0.0,                                      0.0,                                       0.0,                                        0.0,                                         0.0, 0.0                              , 0.0                            ,                             0.0,                           0.0,                                          0.0,                                         0.0,                                         0.0,                                         0.0,                                         0.0,                                         0.0,                                         0.0,                                          0.0,                                           0.0,                                            0.0,                                        0.0,                                       0.0,                                       0.0,                                       0.0,                                       0.0,                                       0.0,                                       0.0,                                        0.0,                                         0.0,                                          0.0, 0.0                               , 0.0                             ,                              0.0,                            0.0
2026-06-10 08:08:22.242000103+00:00,                                                                                              0.0,                                                                                            0.0,                                                                                             0.0,                                         0.0,                                        0.0,                                        0.0,                                        0.0,                                        0.0,                                        0.0,                                        0.0,                                         0.0,                                          0.0,                                           0.0,                                       0.0,                                      0.0,                                      0.0,                                      0.0,                                      0.0,                                      0.0,                                      0.0,                                       0.0,                                        0.0,                                         0.0, 298.0                            , -1283.0                        ,                             0.0,                           0.0,                                          0.0,                                         0.0,                                         0.0,                                         0.0,                                         0.0,                                         0.0,                                         0.0,                                          0.0,                                           0.0,                                            0.0,                                        0.0,                                       0.0,                                       0.0,                                       0.0,                                       0.0,                                       0.0,                                       0.0,                                        0.0,                                         0.0,                                          0.0, 298.0                             , -1283.0                         ,                              0.0,                            0.0
2026-06-10 08:08:52.242000103+00:00,                                                                                              0.0,                                                                                            0.0,                                                                                             0.0,                                         0.0,                                        0.0,                                        0.0,                                        0.0,                                        0.0,                                        0.0,                                        0.0,                                         0.0,                                          0.0,                                           0.0,                                       0.0,                                      0.0,                                      0.0,                                      0.0,                                      0.0,                                      0.0,                                      0.0,                                       0.0,                                        0.0,                                         0.0, 0.0                              , 0.0                            ,                             0.0,                           0.0,                                          0.0,                                         0.0,                                         0.0,                                         0.0,                                         0.0,                                         0.0,                                         0.0,                                          0.0,                                           0.0,                                            0.0,                                        0.0,                                       0.0,                                       0.0,                                       0.0,                                       0.0,                                       0.0,                                       0.0,                                        0.0,                                         0.0,                                          0.0, 0.0                               , 0.0                             ,                              0.0,                            0.0
2026-06-10 08:09:22.242000103+00:00,                                                                                              0.0,                                                                                            0.0,                                                                                             0.0,                                         0.0,                                        0.0,                                        0.0,                                        0.0,                                        0.0,                                        0.0,                                        0.0,                                         0.0,                                          0.0,                                           0.0,                                       0.0,                                      0.0,                                      0.0,                                      0.0,                                      0.0,                                      0.0,                                      0.0,                                       0.0,                                        0.0,                                         0.0, -360.0                           , 6221.0                         ,                             0.0,                           0.0,                                          0.0,                                         0.0,                                         0.0,                                         0.0,                                         0.0,                                         0.0,                                         0.0,                                          0.0,                                           0.0,                                            0.0,                                        0.0,                                       0.0,                                       0.0,                                       0.0,                                       0.0,                                       0.0,                                       0.0,                                        0.0,                                         0.0,                                          0.0, -360.0                            , 6221.0                          ,                              0.0,                            0.0
2026-06-10 08:09:52.242000103+00:00,                                                                                              0.0,                                                                                            0.0,                                                                                             0.0,                                         0.0,                                        0.0,                                        0.0,                                        0.0,                                        0.0,                                        0.0,                                        0.0,                                         0.0,                                          0.0,                                           0.0,                                       0.0,                                      0.0,                                      0.0,                                      0.0,                                      0.0,                                      0.0,                                      0.0,                                       0.0,                                        0.0,                                         0.0, 0.0                              , 0.0                            ,                             0.0,                           0.0,                                          0.0,                                         0.0,                                         0.0,                                         0.0,                                         0.0,                                         0.0,                                         0.0,                                          0.0,                                           0.0,                                            0.0,                                        0.0,                                       0.0,                                       0.0,                                       0.0,                                       0.0,                                       0.0,                                       0.0,                                        0.0,                                         0.0,                                          0.0, 0.0                               , 0.0                             ,                              0.0,                            0.0
2026-06-10 08:10:22.242000103+00:00,                                                                                              0.0,                                                                                            0.0,                                                                                             0.0,                                         0.0,                                        0.0,                                        0.0,                                        0.0,                                        0.0,                                        0.0,                                        0.0,                                         0.0,                                          0.0,                                           0.0,                                       0.0,                                      0.0,                                      0.0,                                      0.0,                                      0.0,                                      0.0,                                      0.0,                                       0.0,                                        0.0,                                         0.0, 453.0                            , -12231.0                       ,                             0.0,                           0.0,                                          0.0,                                         0.0,                                         0.0,                                         0.0,                                         0.0,                                         0.0,                                         0.0,                                          0.0,                                           0.0,                                            0.0,                                        0.0,                                       0.0,                                       0.0,                                       0.0,                                       0.0,                                       0.0,                                       0.0,                                        0.0,                                         0.0,                                          0.0, 453.0                             , -12231.0                        ,                              0.0,                            0.0
2026-06-10 08:10:52.242000103+00:00,                                                                                              0.0,                                                                                            0.0,                                                                                             0.0,                                         0.0,                                        0.0,                                        0.0,                                        0.0,                                        0.0,                                        0.0,                                        0.0,                                         0.0,                                          0.0,                                           0.0,                                       0.0,                                      0.0,                                      0.0,                                      0.0,                                      0.0,                                      0.0,                                      0.0,                                       0.0,                                        0.0,                                         0.0, 0.0                              , 0.0                            ,                             0.0,                           0.0,                                          0.0,                                         0.0,                                         0.0,                                         0.0,                                         0.0,                                         0.0,                                         0.0,                                          0.0,                                           0.0,                                            0.0,                                        0.0,                                       0.0,                                       0.0,                                       0.0,                                       0.0,                                       0.0,                                       0.0,                                        0.0,                                         0.0,                                          0.0, 0.0                               , 0.0                             ,                              0.0,                            0.0
2026-06-10 08:11:22.242000103+00:00,                                                                                              0.0,                                                                                            0.0,                                                                                             0.0,                                         0.0,                                        0.0,                                        0.0,                                        0.0,                                        0.0,                                        0.0,                                        0.0,                                         0.0,                                          0.0,                                           0.0,                                       0.0,                                      0.0,                                      0.0,                                      0.0,                                      0.0,                                      0.0,                                      0.0,                                       0.0,                                        0.0,                                         0.0, -5644.0                          , -9370.0                        ,                             0.0,                           0.0,                                          0.0,                                         0.0,                                         0.0,                                         0.0,                                         0.0,                                         0.0,                                         0.0,                                          0.0,                                           0.0,                                            0.0,                                        0.0,                                       0.0,                                       0.0,                                       0.0,                                       0.0,                                       0.0,                                       0.0,                                        0.0,                                         0.0,                                          0.0, -5644.0                           , -9370.0                         ,                              0.0,                            0.0
2026-06-10 08:11:52.242000103+00:00,                                                                                              0.0,                                                                                            0.0,                                                                                             0.0,                                         0.0,                                        0.0,                                        0.0,                                        0.0,                                        0.0,                                        0.0,                                        0.0,                                         0.0,                                          0.0,                                           0.0,                                       0.0,                                      0.0,                                      0.0,                                      0.0,                                      0.0,                                      0.0,                                      0.0,                                       0.0,                                        0.0,                                         0.0, 0.0                              , 0.0                            ,                             0.0,                           0.0,                                          0.0,                                         0.0,                                         0.0,                                         0.0,                                         0.0,                                         0.0,                                         0.0,                                          0.0,                                           0.0,                                            0.0,                                        0.0,                                       0.0,                                       0.0,                                       0.0,                                       0.0,                                       0.0,                                       0.0,                                        0.0,                                         0.0,                                          0.0, 0.0                               , 0.0                             ,                              0.0,                            0.0
2026-06-10 08:12:22.242000103+00:00,                                                                                              0.0,                                                                                            0.0,                                                                                             0.0,                                         0.0,                                        0.0,                                        0.0,                                        0.0,                                        0.0,                                        0.0,                                        0.0,                                         0.0,                                          0.0,                                           0.0,                                       0.0,                                      0.0,                                      0.0,                                      0.0,                                      0.0,                                      0.0,                                      0.0,                                       0.0,                                        0.0,                                         0.0, 112137.0                         , 134077.0                       ,                             0.0,                           0.0,                                          0.0,                                         0.0,                                         0.0,                                         0.0,                                         0.0,                                         0.0,                                         0.0,                                          0.0,                                           0.0,                                            0.0,                                        0.0,                                       0.0,                                       0.0,                                       0.0,                                       0.0,                                       0.0,                                       0.0,                                        0.0,                                         0.0,                                          0.0, 112137.0                          , 134077.0                        ,                              0.0,                            0.0
2026-06-10 08:12:52.242000103+00:00,                                                                                              0.0,                                                                                            0.0,                                                                                             0.0,                                         0.0,                                        0.0,                                        0.0,                                        0.0,                                        0.0,                                        0.0,                                        0.0,                                         0.0,                                          0.0,                                           0.0,                                       0.0,                                      0.0,                                      0.0,                                      0.0,                                      0.0,                                      0.0,                                      0.0,                                       0.0,                                        0.0,                                         0.0, 0.0                              , 0.0                            ,                             0.0,                           0.0,                                          0.0,                                         0.0,                                         0.0,                                         0.0,                                         0.0,                                         0.0,                                         0.0,                                          0.0,                                           0.0,                                            0.0,                                        0.0,                                       0.0,                                       0.0,                                       0.0,                                       0.0,                                       0.0,                                       0.0,                                        0.0,                                         0.0,                                          0.0, 0.0                               , 0.0                             ,                              0.0,                            0.0
2026-06-10 08:13:22.242000103+00:00,                                                                                              0.0,                                                                                            0.0,                                                                                             0.0,                                         0.0,                                        0.0,                                        0.0,                                        0.0,                                        0.0,                                        0.0,                                        0.0,                                         0.0,                                          0.0,                                           0.0,                                       0.0,                                      0.0,                                      0.0,                                      0.0,                                      0.0,                                      0.0,                                      0.0,                                       0.0,                                        0.0,                                         0.0, -72573.0                         , -80806.0                       ,                             0.0,                           0.0,                                          0.0,                                         0.0,                                         0.0,                                         0.0,                                         0.0,                                         0.0,                                         0.0,                                          0.0,                                           0.0,                                            0.0,                                        0.0,                                       0.0,                                       0.0,                                       0.0,                                       0.0,                                       0.0,                                       0.0,                                        0.0,                                         0.0,                                          0.0, -72573.0                          , -80806.0                        ,                              0.0,                            0.0
2026-06-10 08:13:52.242000103+00:00,                                                                                              0.0,                                                                                            0.0,                                                                                             0.0,                                         0.0,                                        0.0,                                        0.0,                                        0.0,                                        0.0,                                        0.0,                                        0.0,                                         0.0,                                          0.0,                                           0.0,                                       0.0,                                      0.0,                                      0.0,                                      0.0,                                      0.0,                                      0.0,                                      0.0,                                       0.0,                                        0.0,                                         0.0, 0.0                              , 0.0                            ,                             0.0,                           0.0,                                          0.0,                                         0.0,                                         0.0,                                         0.0,                                         0.0,                                         0.0,                                         0.0,                                          0.0,                                           0.0,                                            0.0,                                        0.0,                                       0.0,                                       0.0,                                       0.0,                                       0.0,                                       0.0,                                       0.0,                                        0.0,                                         0.0,                                          0.0, 0.0                               , 0.0                             ,                              0.0,                            0.0
2026-06-10 08:14:22.242000103+00:00,                                                                                              0.0,                                                                                            0.0,                                                                                             0.0,                                         0.0,                                        0.0,                                        0.0,                                        0.0,                                        0.0,                                        0.0,                                        0.0,                                         0.0,                                          0.0,                                           0.0,                                       0.0,                                      0.0,                                      0.0,                                      0.0,                                      0.0,                                      0.0,                                      0.0,                                       0.0,                                        0.0,                                         0.0, -9307.0                          , -15723.0                       ,                             0.0,                           0.0,                                          0.0,                                         0.0,                                         0.0,                                         0.0,                                         0.0,                                         0.0,                                         0.0,                                          0.0,                                           0.0,                                            0.0,                                        0.0,                                       0.0,                                       0.0,                                       0.0,                                       0.0,                                       0.0,                                       0.0,                                        0.0,                                         0.0,                                          0.0, -9307.0                           , -15723.0                        ,                              0.0,                            0.0
2026-06-10 08:14:52.242000103+00:00,                                                                                              0.0,                                                                                            0.0,                                                                                             0.0,                                         0.0,                                        0.0,                                        0.0,                                        0.0,                                        0.0,                                        0.0,                                        0.0,                                         0.0,                                          0.0,                                           0.0,                                       0.0,                                      0.0,                                      0.0,                                      0.0,                                      0.0,                                      0.0,                                      0.0,                                       0.0,                                        0.0,                                         0.0, 0.0                              , 0.0                            ,                             0.0,                           0.0,                                          0.0,                                         0.0,                                         0.0,                                         0.0,                                         0.0,                                         0.0,                                         0.0,                                          0.0,                                           0.0,                                            0.0,                                        0.0,                                       0.0,                                       0.0,                                       0.0,                                       0.0,                                       0.0,                                       0.0,                                        0.0,                                         0.0,                                          0.0, 0.0                               , 0.0                             ,                              0.0,                            0.0
